
-- INSERT INTO `reservation` (`id`, `creator_id`, `start_at`, `end_at`, `plan_id`, `plan_memo`) VALUES (1, "student002", "2020-01-01 15:15:00", "2020-01-01 16:15:00", 1, "");
-- INSERT INTO `reservation_user` (`reservation_id`, `user_id`) VALUES (1, "student002");
-- INSERT INTO `reservation_user` (`reservation_id`, `user_id`) VALUES (1, "student004");
-- INSERT INTO `reservation_facility` (`reservation_id`, `facility_id`) VALUES (1, 1);

-- INSERT INTO `reservation` (`id`, `creator_id`, `start_at`, `end_at`, `plan_id`, `plan_memo`) VALUES (2, "student001", "2020-01-02 07:15:00", "2020-01-02 12:15:00", 1, "");
-- INSERT INTO `reservation_user` (`reservation_id`, `user_id`) VALUES (2, "student001");
-- INSERT INTO `reservation_facility` (`reservation_id`, `facility_id`) VALUES (2, 3);

-- INSERT INTO `reservation` (`id`, `creator_id`, `start_at`, `end_at`, `plan_id`, `plan_memo`) VALUES (3, "student001", "2020-01-03 15:30:00", "2020-01-03 17:30:00", 2, "");
-- INSERT INTO `reservation_user` (`reservation_id`, `user_id`) VALUES (3, "student001");
-- INSERT INTO `reservation_user` (`reservation_id`, `user_id`) VALUES (3, "student003");
-- INSERT INTO `reservation_user` (`reservation_id`, `user_id`) VALUES (3, "professor003");
-- INSERT INTO `reservation_user` (`reservation_id`, `user_id`) VALUES (3, "professor002");
-- INSERT INTO `reservation_user` (`reservation_id`, `user_id`) VALUES (3, "student002");
-- INSERT INTO `reservation_facility` (`reservation_id`, `facility_id`) VALUES (3, 2);

-- INSERT INTO `reservation` (`id`, `creator_id`, `start_at`, `end_at`, `plan_id`, `plan_memo`) VALUES (4, "student003", "2020-01-04 08:30:00", "2020-01-04 14:30:00", 1, "");
-- INSERT INTO `reservation_user` (`reservation_id`, `user_id`) VALUES (4, "student003");
-- INSERT INTO `reservation_user` (`reservation_id`, `user_id`) VALUES (4, "professor003");
-- INSERT INTO `reservation_user` (`reservation_id`, `user_id`) VALUES (4, "professor001");
-- INSERT INTO `reservation_facility` (`reservation_id`, `facility_id`) VALUES (4, 3);

-- INSERT INTO `reservation` (`id`, `creator_id`, `start_at`, `end_at`, `plan_id`, `plan_memo`) VALUES (5, "professor003", "2020-01-06 15:00:00", "2020-01-06 17:00:00", 2, "");
-- INSERT INTO `reservation_user` (`reservation_id`, `user_id`) VALUES (5, "professor003");
-- INSERT INTO `reservation_user` (`reservation_id`, `user_id`) VALUES (5, "professor002");
-- INSERT INTO `reservation_user` (`reservation_id`, `user_id`) VALUES (5, "professor001");
-- INSERT INTO `reservation_facility` (`reservation_id`, `facility_id`) VALUES (5, 2);

-- INSERT INTO `reservation` (`id`, `creator_id`, `start_at`, `end_at`, `plan_id`, `plan_memo`) VALUES (6, "student003", "2020-01-10 17:00:00", "2020-01-10 22:00:00", 2, "");
-- INSERT INTO `reservation_user` (`reservation_id`, `user_id`) VALUES (6, "student003");
-- INSERT INTO `reservation_user` (`reservation_id`, `user_id`) VALUES (6, "student004");
-- INSERT INTO `reservation_user` (`reservation_id`, `user_id`) VALUES (6, "professor001");
-- INSERT INTO `reservation_user` (`reservation_id`, `user_id`) VALUES (6, "student002");
-- INSERT INTO `reservation_facility` (`reservation_id`, `facility_id`) VALUES (6, 1);

-- INSERT INTO `reservation` (`id`, `creator_id`, `start_at`, `end_at`, `plan_id`, `plan_memo`) VALUES (7, "student003", "2020-01-11 14:15:00", "2020-01-11 20:15:00", 1, "");
-- INSERT INTO `reservation_user` (`reservation_id`, `user_id`) VALUES (7, "student003");
-- INSERT INTO `reservation_facility` (`reservation_id`, `facility_id`) VALUES (7, 1);

-- INSERT INTO `reservation` (`id`, `creator_id`, `start_at`, `end_at`, `plan_id`, `plan_memo`) VALUES (8, "professor004", "2020-01-14 14:00:00", "2020-01-14 20:00:00", 1, "");
-- INSERT INTO `reservation_user` (`reservation_id`, `user_id`) VALUES (8, "professor004");
-- INSERT INTO `reservation_user` (`reservation_id`, `user_id`) VALUES (8, "student004");
-- INSERT INTO `reservation_user` (`reservation_id`, `user_id`) VALUES (8, "student001");
-- INSERT INTO `reservation_facility` (`reservation_id`, `facility_id`) VALUES (8, 2);

-- INSERT INTO `reservation` (`id`, `creator_id`, `start_at`, `end_at`, `plan_id`, `plan_memo`) VALUES (9, "student001", "2020-01-16 20:45:00", "2020-01-16 22:45:00", 2, "");
-- INSERT INTO `reservation_user` (`reservation_id`, `user_id`) VALUES (9, "student001");
-- INSERT INTO `reservation_facility` (`reservation_id`, `facility_id`) VALUES (9, 4);

-- INSERT INTO `reservation` (`id`, `creator_id`, `start_at`, `end_at`, `plan_id`, `plan_memo`) VALUES (10, "professor003", "2020-01-17 09:45:00", "2020-01-17 14:45:00", 1, "");
-- INSERT INTO `reservation_user` (`reservation_id`, `user_id`) VALUES (10, "professor003");
-- INSERT INTO `reservation_facility` (`reservation_id`, `facility_id`) VALUES (10, 4);

-- INSERT INTO `reservation` (`id`, `creator_id`, `start_at`, `end_at`, `plan_id`, `plan_memo`) VALUES (11, "professor002", "2020-01-18 08:00:00", "2020-01-18 09:00:00", 1, "");
-- INSERT INTO `reservation_user` (`reservation_id`, `user_id`) VALUES (11, "professor002");
-- INSERT INTO `reservation_user` (`reservation_id`, `user_id`) VALUES (11, "professor004");
-- INSERT INTO `reservation_facility` (`reservation_id`, `facility_id`) VALUES (11, 4);

-- INSERT INTO `reservation` (`id`, `creator_id`, `start_at`, `end_at`, `plan_id`, `plan_memo`) VALUES (12, "professor003", "2020-01-18 20:45:00", "2020-01-18 22:45:00", 1, "");
-- INSERT INTO `reservation_user` (`reservation_id`, `user_id`) VALUES (12, "professor003");
-- INSERT INTO `reservation_user` (`reservation_id`, `user_id`) VALUES (12, "student001");
-- INSERT INTO `reservation_user` (`reservation_id`, `user_id`) VALUES (12, "professor002");
-- INSERT INTO `reservation_user` (`reservation_id`, `user_id`) VALUES (12, "student003");
-- INSERT INTO `reservation_user` (`reservation_id`, `user_id`) VALUES (12, "professor004");
-- INSERT INTO `reservation_facility` (`reservation_id`, `facility_id`) VALUES (12, 3);

-- INSERT INTO `reservation` (`id`, `creator_id`, `start_at`, `end_at`, `plan_id`, `plan_memo`) VALUES (13, "student003", "2020-01-19 07:30:00", "2020-01-19 08:30:00", 1, "");
-- INSERT INTO `reservation_user` (`reservation_id`, `user_id`) VALUES (13, "student003");
-- INSERT INTO `reservation_user` (`reservation_id`, `user_id`) VALUES (13, "student001");
-- INSERT INTO `reservation_user` (`reservation_id`, `user_id`) VALUES (13, "professor002");
-- INSERT INTO `reservation_user` (`reservation_id`, `user_id`) VALUES (13, "student004");
-- INSERT INTO `reservation_user` (`reservation_id`, `user_id`) VALUES (13, "professor004");
-- INSERT INTO `reservation_user` (`reservation_id`, `user_id`) VALUES (13, "student002");
-- INSERT INTO `reservation_facility` (`reservation_id`, `facility_id`) VALUES (13, 4);

-- INSERT INTO `reservation` (`id`, `creator_id`, `start_at`, `end_at`, `plan_id`, `plan_memo`) VALUES (14, "student001", "2020-01-20 09:45:00", "2020-01-20 14:45:00", 2, "");
-- INSERT INTO `reservation_user` (`reservation_id`, `user_id`) VALUES (14, "student001");
-- INSERT INTO `reservation_user` (`reservation_id`, `user_id`) VALUES (14, "professor002");
-- INSERT INTO `reservation_facility` (`reservation_id`, `facility_id`) VALUES (14, 4);

-- INSERT INTO `reservation` (`id`, `creator_id`, `start_at`, `end_at`, `plan_id`, `plan_memo`) VALUES (15, "professor003", "2020-01-21 14:00:00", "2020-01-21 15:00:00", 2, "");
-- INSERT INTO `reservation_user` (`reservation_id`, `user_id`) VALUES (15, "professor003");
-- INSERT INTO `reservation_user` (`reservation_id`, `user_id`) VALUES (15, "student001");
-- INSERT INTO `reservation_user` (`reservation_id`, `user_id`) VALUES (15, "professor002");
-- INSERT INTO `reservation_facility` (`reservation_id`, `facility_id`) VALUES (15, 1);

-- INSERT INTO `reservation` (`id`, `creator_id`, `start_at`, `end_at`, `plan_id`, `plan_memo`) VALUES (16, "professor003", "2020-01-21 16:45:00", "2020-01-21 17:45:00", 2, "");
-- INSERT INTO `reservation_user` (`reservation_id`, `user_id`) VALUES (16, "professor003");
-- INSERT INTO `reservation_user` (`reservation_id`, `user_id`) VALUES (16, "professor001");
-- INSERT INTO `reservation_facility` (`reservation_id`, `facility_id`) VALUES (16, 3);

-- INSERT INTO `reservation` (`id`, `creator_id`, `start_at`, `end_at`, `plan_id`, `plan_memo`) VALUES (17, "professor004", "2020-01-22 12:30:00", "2020-01-22 16:30:00", 1, "");
-- INSERT INTO `reservation_user` (`reservation_id`, `user_id`) VALUES (17, "professor004");
-- INSERT INTO `reservation_user` (`reservation_id`, `user_id`) VALUES (17, "student002");
-- INSERT INTO `reservation_user` (`reservation_id`, `user_id`) VALUES (17, "professor003");
-- INSERT INTO `reservation_user` (`reservation_id`, `user_id`) VALUES (17, "student004");
-- INSERT INTO `reservation_facility` (`reservation_id`, `facility_id`) VALUES (17, 2);

-- INSERT INTO `reservation` (`id`, `creator_id`, `start_at`, `end_at`, `plan_id`, `plan_memo`) VALUES (18, "professor003", "2020-01-24 10:45:00", "2020-01-24 14:45:00", 2, "");
-- INSERT INTO `reservation_user` (`reservation_id`, `user_id`) VALUES (18, "professor003");
-- INSERT INTO `reservation_user` (`reservation_id`, `user_id`) VALUES (18, "professor004");
-- INSERT INTO `reservation_user` (`reservation_id`, `user_id`) VALUES (18, "student001");
-- INSERT INTO `reservation_facility` (`reservation_id`, `facility_id`) VALUES (18, 4);

-- INSERT INTO `reservation` (`id`, `creator_id`, `start_at`, `end_at`, `plan_id`, `plan_memo`) VALUES (19, "professor002", "2020-01-24 16:15:00", "2020-01-24 22:15:00", 2, "");
-- INSERT INTO `reservation_user` (`reservation_id`, `user_id`) VALUES (19, "professor002");
-- INSERT INTO `reservation_facility` (`reservation_id`, `facility_id`) VALUES (19, 1);

-- INSERT INTO `reservation` (`id`, `creator_id`, `start_at`, `end_at`, `plan_id`, `plan_memo`) VALUES (20, "professor002", "2020-01-25 08:00:00", "2020-01-25 14:00:00", 1, "");
-- INSERT INTO `reservation_user` (`reservation_id`, `user_id`) VALUES (20, "professor002");
-- INSERT INTO `reservation_user` (`reservation_id`, `user_id`) VALUES (20, "student001");
-- INSERT INTO `reservation_facility` (`reservation_id`, `facility_id`) VALUES (20, 2);

-- INSERT INTO `reservation` (`id`, `creator_id`, `start_at`, `end_at`, `plan_id`, `plan_memo`) VALUES (21, "student002", "2020-01-25 15:30:00", "2020-01-25 20:30:00", 2, "");
-- INSERT INTO `reservation_user` (`reservation_id`, `user_id`) VALUES (21, "student002");
-- INSERT INTO `reservation_user` (`reservation_id`, `user_id`) VALUES (21, "professor002");
-- INSERT INTO `reservation_user` (`reservation_id`, `user_id`) VALUES (21, "professor001");
-- INSERT INTO `reservation_facility` (`reservation_id`, `facility_id`) VALUES (21, 2);

-- INSERT INTO `reservation` (`id`, `creator_id`, `start_at`, `end_at`, `plan_id`, `plan_memo`) VALUES (22, "student004", "2020-01-27 07:00:00", "2020-01-27 09:00:00", 1, "");
-- INSERT INTO `reservation_user` (`reservation_id`, `user_id`) VALUES (22, "student004");
-- INSERT INTO `reservation_user` (`reservation_id`, `user_id`) VALUES (22, "professor004");
-- INSERT INTO `reservation_user` (`reservation_id`, `user_id`) VALUES (22, "professor003");
-- INSERT INTO `reservation_user` (`reservation_id`, `user_id`) VALUES (22, "student002");
-- INSERT INTO `reservation_facility` (`reservation_id`, `facility_id`) VALUES (22, 1);

-- INSERT INTO `reservation` (`id`, `creator_id`, `start_at`, `end_at`, `plan_id`, `plan_memo`) VALUES (23, "student004", "2020-01-27 09:45:00", "2020-01-27 14:45:00", 1, "");
-- INSERT INTO `reservation_user` (`reservation_id`, `user_id`) VALUES (23, "student004");
-- INSERT INTO `reservation_user` (`reservation_id`, `user_id`) VALUES (23, "student003");
-- INSERT INTO `reservation_facility` (`reservation_id`, `facility_id`) VALUES (23, 4);

-- INSERT INTO `reservation` (`id`, `creator_id`, `start_at`, `end_at`, `plan_id`, `plan_memo`) VALUES (24, "professor001", "2020-01-27 19:30:00", "2020-01-27 22:30:00", 2, "");
-- INSERT INTO `reservation_user` (`reservation_id`, `user_id`) VALUES (24, "professor001");
-- INSERT INTO `reservation_user` (`reservation_id`, `user_id`) VALUES (24, "professor002");
-- INSERT INTO `reservation_user` (`reservation_id`, `user_id`) VALUES (24, "student004");
-- INSERT INTO `reservation_user` (`reservation_id`, `user_id`) VALUES (24, "professor003");
-- INSERT INTO `reservation_user` (`reservation_id`, `user_id`) VALUES (24, "student003");
-- INSERT INTO `reservation_user` (`reservation_id`, `user_id`) VALUES (24, "student002");
-- INSERT INTO `reservation_facility` (`reservation_id`, `facility_id`) VALUES (24, 3);

-- INSERT INTO `reservation` (`id`, `creator_id`, `start_at`, `end_at`, `plan_id`, `plan_memo`) VALUES (25, "professor003", "2020-01-28 07:45:00", "2020-01-28 13:45:00", 2, "");
-- INSERT INTO `reservation_user` (`reservation_id`, `user_id`) VALUES (25, "professor003");
-- INSERT INTO `reservation_user` (`reservation_id`, `user_id`) VALUES (25, "professor004");
-- INSERT INTO `reservation_facility` (`reservation_id`, `facility_id`) VALUES (25, 2);

-- INSERT INTO `reservation` (`id`, `creator_id`, `start_at`, `end_at`, `plan_id`, `plan_memo`) VALUES (26, "professor001", "2020-01-28 14:45:00", "2020-01-28 20:45:00", 1, "");
-- INSERT INTO `reservation_user` (`reservation_id`, `user_id`) VALUES (26, "professor001");
-- INSERT INTO `reservation_user` (`reservation_id`, `user_id`) VALUES (26, "student002");
-- INSERT INTO `reservation_user` (`reservation_id`, `user_id`) VALUES (26, "professor002");
-- INSERT INTO `reservation_user` (`reservation_id`, `user_id`) VALUES (26, "student004");
-- INSERT INTO `reservation_facility` (`reservation_id`, `facility_id`) VALUES (26, 4);

-- INSERT INTO `reservation` (`id`, `creator_id`, `start_at`, `end_at`, `plan_id`, `plan_memo`) VALUES (27, "professor001", "2020-01-29 07:45:00", "2020-01-29 13:45:00", 1, "");
-- INSERT INTO `reservation_user` (`reservation_id`, `user_id`) VALUES (27, "professor001");
-- INSERT INTO `reservation_facility` (`reservation_id`, `facility_id`) VALUES (27, 1);

-- INSERT INTO `reservation` (`id`, `creator_id`, `start_at`, `end_at`, `plan_id`, `plan_memo`) VALUES (28, "student003", "2020-01-29 13:45:00", "2020-01-29 14:45:00", 2, "");
-- INSERT INTO `reservation_user` (`reservation_id`, `user_id`) VALUES (28, "student003");
-- INSERT INTO `reservation_facility` (`reservation_id`, `facility_id`) VALUES (28, 2);

-- INSERT INTO `reservation` (`id`, `creator_id`, `start_at`, `end_at`, `plan_id`, `plan_memo`) VALUES (29, "student001", "2020-01-29 17:30:00", "2020-01-29 22:30:00", 1, "");
-- INSERT INTO `reservation_user` (`reservation_id`, `user_id`) VALUES (29, "student001");
-- INSERT INTO `reservation_user` (`reservation_id`, `user_id`) VALUES (29, "professor001");
-- INSERT INTO `reservation_user` (`reservation_id`, `user_id`) VALUES (29, "student002");
-- INSERT INTO `reservation_user` (`reservation_id`, `user_id`) VALUES (29, "student003");
-- INSERT INTO `reservation_user` (`reservation_id`, `user_id`) VALUES (29, "professor002");
-- INSERT INTO `reservation_facility` (`reservation_id`, `facility_id`) VALUES (29, 3);

-- INSERT INTO `reservation` (`id`, `creator_id`, `start_at`, `end_at`, `plan_id`, `plan_memo`) VALUES (30, "student004", "2020-01-30 09:30:00", "2020-01-30 10:30:00", 1, "");
-- INSERT INTO `reservation_user` (`reservation_id`, `user_id`) VALUES (30, "student004");
-- INSERT INTO `reservation_user` (`reservation_id`, `user_id`) VALUES (30, "student002");
-- INSERT INTO `reservation_user` (`reservation_id`, `user_id`) VALUES (30, "student003");
-- INSERT INTO `reservation_user` (`reservation_id`, `user_id`) VALUES (30, "professor003");
-- INSERT INTO `reservation_facility` (`reservation_id`, `facility_id`) VALUES (30, 1);

-- INSERT INTO `reservation` (`id`, `creator_id`, `start_at`, `end_at`, `plan_id`, `plan_memo`) VALUES (31, "student001", "2020-02-01 14:00:00", "2020-02-01 15:00:00", 1, "");
-- INSERT INTO `reservation_user` (`reservation_id`, `user_id`) VALUES (31, "student001");
-- INSERT INTO `reservation_facility` (`reservation_id`, `facility_id`) VALUES (31, 1);

-- INSERT INTO `reservation` (`id`, `creator_id`, `start_at`, `end_at`, `plan_id`, `plan_memo`) VALUES (32, "professor002", "2020-02-02 07:00:00", "2020-02-02 08:00:00", 2, "");
-- INSERT INTO `reservation_user` (`reservation_id`, `user_id`) VALUES (32, "professor002");
-- INSERT INTO `reservation_user` (`reservation_id`, `user_id`) VALUES (32, "student001");
-- INSERT INTO `reservation_user` (`reservation_id`, `user_id`) VALUES (32, "professor004");
-- INSERT INTO `reservation_user` (`reservation_id`, `user_id`) VALUES (32, "student004");
-- INSERT INTO `reservation_user` (`reservation_id`, `user_id`) VALUES (32, "professor003");
-- INSERT INTO `reservation_facility` (`reservation_id`, `facility_id`) VALUES (32, 2);

-- INSERT INTO `reservation` (`id`, `creator_id`, `start_at`, `end_at`, `plan_id`, `plan_memo`) VALUES (33, "professor004", "2020-02-02 18:45:00", "2020-02-02 21:45:00", 2, "");
-- INSERT INTO `reservation_user` (`reservation_id`, `user_id`) VALUES (33, "professor004");
-- INSERT INTO `reservation_user` (`reservation_id`, `user_id`) VALUES (33, "student001");
-- INSERT INTO `reservation_facility` (`reservation_id`, `facility_id`) VALUES (33, 1);

-- INSERT INTO `reservation` (`id`, `creator_id`, `start_at`, `end_at`, `plan_id`, `plan_memo`) VALUES (34, "student004", "2020-02-03 10:00:00", "2020-02-03 12:00:00", 1, "");
-- INSERT INTO `reservation_user` (`reservation_id`, `user_id`) VALUES (34, "student004");
-- INSERT INTO `reservation_user` (`reservation_id`, `user_id`) VALUES (34, "professor002");
-- INSERT INTO `reservation_user` (`reservation_id`, `user_id`) VALUES (34, "professor003");
-- INSERT INTO `reservation_user` (`reservation_id`, `user_id`) VALUES (34, "professor004");
-- INSERT INTO `reservation_facility` (`reservation_id`, `facility_id`) VALUES (34, 1);

-- INSERT INTO `reservation` (`id`, `creator_id`, `start_at`, `end_at`, `plan_id`, `plan_memo`) VALUES (35, "professor002", "2020-02-04 13:45:00", "2020-02-04 16:45:00", 2, "");
-- INSERT INTO `reservation_user` (`reservation_id`, `user_id`) VALUES (35, "professor002");
-- INSERT INTO `reservation_user` (`reservation_id`, `user_id`) VALUES (35, "student001");
-- INSERT INTO `reservation_user` (`reservation_id`, `user_id`) VALUES (35, "professor004");
-- INSERT INTO `reservation_user` (`reservation_id`, `user_id`) VALUES (35, "student003");
-- INSERT INTO `reservation_user` (`reservation_id`, `user_id`) VALUES (35, "professor001");
-- INSERT INTO `reservation_user` (`reservation_id`, `user_id`) VALUES (35, "student004");
-- INSERT INTO `reservation_facility` (`reservation_id`, `facility_id`) VALUES (35, 3);

-- INSERT INTO `reservation` (`id`, `creator_id`, `start_at`, `end_at`, `plan_id`, `plan_memo`) VALUES (36, "student003", "2020-02-06 10:00:00", "2020-02-06 15:00:00", 1, "");
-- INSERT INTO `reservation_user` (`reservation_id`, `user_id`) VALUES (36, "student003");
-- INSERT INTO `reservation_user` (`reservation_id`, `user_id`) VALUES (36, "professor002");
-- INSERT INTO `reservation_user` (`reservation_id`, `user_id`) VALUES (36, "professor001");
-- INSERT INTO `reservation_user` (`reservation_id`, `user_id`) VALUES (36, "student001");
-- INSERT INTO `reservation_facility` (`reservation_id`, `facility_id`) VALUES (36, 3);

-- INSERT INTO `reservation` (`id`, `creator_id`, `start_at`, `end_at`, `plan_id`, `plan_memo`) VALUES (37, "student003", "2020-02-07 08:00:00", "2020-02-07 11:00:00", 1, "");
-- INSERT INTO `reservation_user` (`reservation_id`, `user_id`) VALUES (37, "student003");
-- INSERT INTO `reservation_user` (`reservation_id`, `user_id`) VALUES (37, "professor004");
-- INSERT INTO `reservation_user` (`reservation_id`, `user_id`) VALUES (37, "student001");
-- INSERT INTO `reservation_user` (`reservation_id`, `user_id`) VALUES (37, "professor001");
-- INSERT INTO `reservation_user` (`reservation_id`, `user_id`) VALUES (37, "student004");
-- INSERT INTO `reservation_facility` (`reservation_id`, `facility_id`) VALUES (37, 2);

-- INSERT INTO `reservation` (`id`, `creator_id`, `start_at`, `end_at`, `plan_id`, `plan_memo`) VALUES (38, "professor002", "2020-02-07 15:45:00", "2020-02-07 16:45:00", 1, "");
-- INSERT INTO `reservation_user` (`reservation_id`, `user_id`) VALUES (38, "professor002");
-- INSERT INTO `reservation_user` (`reservation_id`, `user_id`) VALUES (38, "professor003");
-- INSERT INTO `reservation_user` (`reservation_id`, `user_id`) VALUES (38, "student001");
-- INSERT INTO `reservation_user` (`reservation_id`, `user_id`) VALUES (38, "professor004");
-- INSERT INTO `reservation_user` (`reservation_id`, `user_id`) VALUES (38, "student004");
-- INSERT INTO `reservation_facility` (`reservation_id`, `facility_id`) VALUES (38, 4);

-- INSERT INTO `reservation` (`id`, `creator_id`, `start_at`, `end_at`, `plan_id`, `plan_memo`) VALUES (39, "student003", "2020-02-08 09:30:00", "2020-02-08 12:30:00", 2, "");
-- INSERT INTO `reservation_user` (`reservation_id`, `user_id`) VALUES (39, "student003");
-- INSERT INTO `reservation_user` (`reservation_id`, `user_id`) VALUES (39, "professor002");
-- INSERT INTO `reservation_user` (`reservation_id`, `user_id`) VALUES (39, "student002");
-- INSERT INTO `reservation_user` (`reservation_id`, `user_id`) VALUES (39, "student001");
-- INSERT INTO `reservation_facility` (`reservation_id`, `facility_id`) VALUES (39, 4);

-- INSERT INTO `reservation` (`id`, `creator_id`, `start_at`, `end_at`, `plan_id`, `plan_memo`) VALUES (40, "professor002", "2020-02-08 12:45:00", "2020-02-08 15:45:00", 2, "");
-- INSERT INTO `reservation_user` (`reservation_id`, `user_id`) VALUES (40, "professor002");
-- INSERT INTO `reservation_user` (`reservation_id`, `user_id`) VALUES (40, "student003");
-- INSERT INTO `reservation_user` (`reservation_id`, `user_id`) VALUES (40, "student001");
-- INSERT INTO `reservation_user` (`reservation_id`, `user_id`) VALUES (40, "professor001");
-- INSERT INTO `reservation_facility` (`reservation_id`, `facility_id`) VALUES (40, 1);

-- INSERT INTO `reservation` (`id`, `creator_id`, `start_at`, `end_at`, `plan_id`, `plan_memo`) VALUES (41, "student004", "2020-02-10 17:15:00", "2020-02-10 23:15:00", 1, "");
-- INSERT INTO `reservation_user` (`reservation_id`, `user_id`) VALUES (41, "student004");
-- INSERT INTO `reservation_user` (`reservation_id`, `user_id`) VALUES (41, "professor002");
-- INSERT INTO `reservation_user` (`reservation_id`, `user_id`) VALUES (41, "professor004");
-- INSERT INTO `reservation_facility` (`reservation_id`, `facility_id`) VALUES (41, 2);

-- INSERT INTO `reservation` (`id`, `creator_id`, `start_at`, `end_at`, `plan_id`, `plan_memo`) VALUES (42, "professor001", "2020-02-11 09:15:00", "2020-02-11 13:15:00", 2, "");
-- INSERT INTO `reservation_user` (`reservation_id`, `user_id`) VALUES (42, "professor001");
-- INSERT INTO `reservation_facility` (`reservation_id`, `facility_id`) VALUES (42, 2);

-- INSERT INTO `reservation` (`id`, `creator_id`, `start_at`, `end_at`, `plan_id`, `plan_memo`) VALUES (43, "student001", "2020-02-12 10:00:00", "2020-02-12 16:00:00", 2, "");
-- INSERT INTO `reservation_user` (`reservation_id`, `user_id`) VALUES (43, "student001");
-- INSERT INTO `reservation_user` (`reservation_id`, `user_id`) VALUES (43, "student004");
-- INSERT INTO `reservation_user` (`reservation_id`, `user_id`) VALUES (43, "professor001");
-- INSERT INTO `reservation_user` (`reservation_id`, `user_id`) VALUES (43, "professor002");
-- INSERT INTO `reservation_facility` (`reservation_id`, `facility_id`) VALUES (43, 4);

-- INSERT INTO `reservation` (`id`, `creator_id`, `start_at`, `end_at`, `plan_id`, `plan_memo`) VALUES (44, "professor002", "2020-02-12 21:30:00", "2020-02-12 22:30:00", 1, "");
-- INSERT INTO `reservation_user` (`reservation_id`, `user_id`) VALUES (44, "professor002");
-- INSERT INTO `reservation_user` (`reservation_id`, `user_id`) VALUES (44, "student001");
-- INSERT INTO `reservation_user` (`reservation_id`, `user_id`) VALUES (44, "student002");
-- INSERT INTO `reservation_facility` (`reservation_id`, `facility_id`) VALUES (44, 3);

-- INSERT INTO `reservation` (`id`, `creator_id`, `start_at`, `end_at`, `plan_id`, `plan_memo`) VALUES (45, "professor001", "2020-02-13 17:15:00", "2020-02-13 23:15:00", 1, "");
-- INSERT INTO `reservation_user` (`reservation_id`, `user_id`) VALUES (45, "professor001");
-- INSERT INTO `reservation_facility` (`reservation_id`, `facility_id`) VALUES (45, 3);

-- INSERT INTO `reservation` (`id`, `creator_id`, `start_at`, `end_at`, `plan_id`, `plan_memo`) VALUES (46, "student001", "2020-02-14 10:00:00", "2020-02-14 16:00:00", 2, "");
-- INSERT INTO `reservation_user` (`reservation_id`, `user_id`) VALUES (46, "student001");
-- INSERT INTO `reservation_user` (`reservation_id`, `user_id`) VALUES (46, "professor001");
-- INSERT INTO `reservation_facility` (`reservation_id`, `facility_id`) VALUES (46, 4);

-- INSERT INTO `reservation` (`id`, `creator_id`, `start_at`, `end_at`, `plan_id`, `plan_memo`) VALUES (47, "professor004", "2020-02-15 09:30:00", "2020-02-15 14:30:00", 1, "");
-- INSERT INTO `reservation_user` (`reservation_id`, `user_id`) VALUES (47, "professor004");
-- INSERT INTO `reservation_user` (`reservation_id`, `user_id`) VALUES (47, "student001");
-- INSERT INTO `reservation_facility` (`reservation_id`, `facility_id`) VALUES (47, 3);

-- INSERT INTO `reservation` (`id`, `creator_id`, `start_at`, `end_at`, `plan_id`, `plan_memo`) VALUES (48, "professor003", "2020-02-16 07:30:00", "2020-02-16 09:30:00", 1, "");
-- INSERT INTO `reservation_user` (`reservation_id`, `user_id`) VALUES (48, "professor003");
-- INSERT INTO `reservation_user` (`reservation_id`, `user_id`) VALUES (48, "professor004");
-- INSERT INTO `reservation_facility` (`reservation_id`, `facility_id`) VALUES (48, 2);

-- INSERT INTO `reservation` (`id`, `creator_id`, `start_at`, `end_at`, `plan_id`, `plan_memo`) VALUES (49, "student003", "2020-02-17 09:45:00", "2020-02-17 14:45:00", 1, "");
-- INSERT INTO `reservation_user` (`reservation_id`, `user_id`) VALUES (49, "student003");
-- INSERT INTO `reservation_user` (`reservation_id`, `user_id`) VALUES (49, "professor004");
-- INSERT INTO `reservation_user` (`reservation_id`, `user_id`) VALUES (49, "student004");
-- INSERT INTO `reservation_user` (`reservation_id`, `user_id`) VALUES (49, "student001");
-- INSERT INTO `reservation_user` (`reservation_id`, `user_id`) VALUES (49, "student002");
-- INSERT INTO `reservation_user` (`reservation_id`, `user_id`) VALUES (49, "professor001");
-- INSERT INTO `reservation_facility` (`reservation_id`, `facility_id`) VALUES (49, 4);

-- INSERT INTO `reservation` (`id`, `creator_id`, `start_at`, `end_at`, `plan_id`, `plan_memo`) VALUES (50, "professor002", "2020-02-18 15:00:00", "2020-02-18 17:00:00", 2, "");
-- INSERT INTO `reservation_user` (`reservation_id`, `user_id`) VALUES (50, "professor002");
-- INSERT INTO `reservation_user` (`reservation_id`, `user_id`) VALUES (50, "professor004");
-- INSERT INTO `reservation_user` (`reservation_id`, `user_id`) VALUES (50, "student004");
-- INSERT INTO `reservation_facility` (`reservation_id`, `facility_id`) VALUES (50, 1);

-- INSERT INTO `reservation` (`id`, `creator_id`, `start_at`, `end_at`, `plan_id`, `plan_memo`) VALUES (51, "student001", "2020-02-20 20:00:00", "2020-02-20 23:00:00", 1, "");
-- INSERT INTO `reservation_user` (`reservation_id`, `user_id`) VALUES (51, "student001");
-- INSERT INTO `reservation_facility` (`reservation_id`, `facility_id`) VALUES (51, 2);

-- INSERT INTO `reservation` (`id`, `creator_id`, `start_at`, `end_at`, `plan_id`, `plan_memo`) VALUES (52, "student004", "2020-02-21 09:45:00", "2020-02-21 15:45:00", 1, "");
-- INSERT INTO `reservation_user` (`reservation_id`, `user_id`) VALUES (52, "student004");
-- INSERT INTO `reservation_facility` (`reservation_id`, `facility_id`) VALUES (52, 1);

-- INSERT INTO `reservation` (`id`, `creator_id`, `start_at`, `end_at`, `plan_id`, `plan_memo`) VALUES (53, "professor001", "2020-02-23 08:00:00", "2020-02-23 14:00:00", 2, "");
-- INSERT INTO `reservation_user` (`reservation_id`, `user_id`) VALUES (53, "professor001");
-- INSERT INTO `reservation_user` (`reservation_id`, `user_id`) VALUES (53, "professor004");
-- INSERT INTO `reservation_user` (`reservation_id`, `user_id`) VALUES (53, "student001");
-- INSERT INTO `reservation_user` (`reservation_id`, `user_id`) VALUES (53, "student004");
-- INSERT INTO `reservation_user` (`reservation_id`, `user_id`) VALUES (53, "student003");
-- INSERT INTO `reservation_facility` (`reservation_id`, `facility_id`) VALUES (53, 4);

-- INSERT INTO `reservation` (`id`, `creator_id`, `start_at`, `end_at`, `plan_id`, `plan_memo`) VALUES (54, "student003", "2020-02-23 14:00:00", "2020-02-23 16:00:00", 1, "");
-- INSERT INTO `reservation_user` (`reservation_id`, `user_id`) VALUES (54, "student003");
-- INSERT INTO `reservation_user` (`reservation_id`, `user_id`) VALUES (54, "professor004");
-- INSERT INTO `reservation_user` (`reservation_id`, `user_id`) VALUES (54, "student002");
-- INSERT INTO `reservation_user` (`reservation_id`, `user_id`) VALUES (54, "student001");
-- INSERT INTO `reservation_user` (`reservation_id`, `user_id`) VALUES (54, "student004");
-- INSERT INTO `reservation_user` (`reservation_id`, `user_id`) VALUES (54, "professor002");
-- INSERT INTO `reservation_facility` (`reservation_id`, `facility_id`) VALUES (54, 1);

-- INSERT INTO `reservation` (`id`, `creator_id`, `start_at`, `end_at`, `plan_id`, `plan_memo`) VALUES (55, "student002", "2020-02-25 09:30:00", "2020-02-25 15:30:00", 1, "");
-- INSERT INTO `reservation_user` (`reservation_id`, `user_id`) VALUES (55, "student002");
-- INSERT INTO `reservation_facility` (`reservation_id`, `facility_id`) VALUES (55, 1);

-- INSERT INTO `reservation` (`id`, `creator_id`, `start_at`, `end_at`, `plan_id`, `plan_memo`) VALUES (56, "professor001", "2020-02-26 16:00:00", "2020-02-26 21:00:00", 2, "");
-- INSERT INTO `reservation_user` (`reservation_id`, `user_id`) VALUES (56, "professor001");
-- INSERT INTO `reservation_user` (`reservation_id`, `user_id`) VALUES (56, "student003");
-- INSERT INTO `reservation_facility` (`reservation_id`, `facility_id`) VALUES (56, 2);

-- INSERT INTO `reservation` (`id`, `creator_id`, `start_at`, `end_at`, `plan_id`, `plan_memo`) VALUES (57, "student002", "2020-02-28 08:30:00", "2020-02-28 14:30:00", 1, "");
-- INSERT INTO `reservation_user` (`reservation_id`, `user_id`) VALUES (57, "student002");
-- INSERT INTO `reservation_user` (`reservation_id`, `user_id`) VALUES (57, "professor004");
-- INSERT INTO `reservation_facility` (`reservation_id`, `facility_id`) VALUES (57, 1);

-- INSERT INTO `reservation` (`id`, `creator_id`, `start_at`, `end_at`, `plan_id`, `plan_memo`) VALUES (58, "professor004", "2020-02-28 14:45:00", "2020-02-28 19:45:00", 1, "");
-- INSERT INTO `reservation_user` (`reservation_id`, `user_id`) VALUES (58, "professor004");
-- INSERT INTO `reservation_facility` (`reservation_id`, `facility_id`) VALUES (58, 1);

-- INSERT INTO `reservation` (`id`, `creator_id`, `start_at`, `end_at`, `plan_id`, `plan_memo`) VALUES (59, "professor003", "2020-02-29 10:45:00", "2020-02-29 16:45:00", 1, "");
-- INSERT INTO `reservation_user` (`reservation_id`, `user_id`) VALUES (59, "professor003");
-- INSERT INTO `reservation_facility` (`reservation_id`, `facility_id`) VALUES (59, 1);

-- INSERT INTO `reservation` (`id`, `creator_id`, `start_at`, `end_at`, `plan_id`, `plan_memo`) VALUES (60, "professor003", "2020-03-01 09:30:00", "2020-03-01 11:30:00", 2, "");
-- INSERT INTO `reservation_user` (`reservation_id`, `user_id`) VALUES (60, "professor003");
-- INSERT INTO `reservation_facility` (`reservation_id`, `facility_id`) VALUES (60, 2);

-- INSERT INTO `reservation` (`id`, `creator_id`, `start_at`, `end_at`, `plan_id`, `plan_memo`) VALUES (61, "professor001", "2020-03-02 13:30:00", "2020-03-02 19:30:00", 2, "");
-- INSERT INTO `reservation_user` (`reservation_id`, `user_id`) VALUES (61, "professor001");
-- INSERT INTO `reservation_user` (`reservation_id`, `user_id`) VALUES (61, "professor003");
-- INSERT INTO `reservation_user` (`reservation_id`, `user_id`) VALUES (61, "student001");
-- INSERT INTO `reservation_user` (`reservation_id`, `user_id`) VALUES (61, "student004");
-- INSERT INTO `reservation_facility` (`reservation_id`, `facility_id`) VALUES (61, 4);

-- INSERT INTO `reservation` (`id`, `creator_id`, `start_at`, `end_at`, `plan_id`, `plan_memo`) VALUES (62, "professor001", "2020-03-03 09:30:00", "2020-03-03 11:30:00", 2, "");
-- INSERT INTO `reservation_user` (`reservation_id`, `user_id`) VALUES (62, "professor001");
-- INSERT INTO `reservation_user` (`reservation_id`, `user_id`) VALUES (62, "student004");
-- INSERT INTO `reservation_facility` (`reservation_id`, `facility_id`) VALUES (62, 3);

-- INSERT INTO `reservation` (`id`, `creator_id`, `start_at`, `end_at`, `plan_id`, `plan_memo`) VALUES (63, "professor003", "2020-03-03 13:45:00", "2020-03-03 19:45:00", 1, "");
-- INSERT INTO `reservation_user` (`reservation_id`, `user_id`) VALUES (63, "professor003");
-- INSERT INTO `reservation_user` (`reservation_id`, `user_id`) VALUES (63, "student002");
-- INSERT INTO `reservation_facility` (`reservation_id`, `facility_id`) VALUES (63, 3);

-- INSERT INTO `reservation` (`id`, `creator_id`, `start_at`, `end_at`, `plan_id`, `plan_memo`) VALUES (64, "student002", "2020-03-04 16:45:00", "2020-03-04 19:45:00", 1, "");
-- INSERT INTO `reservation_user` (`reservation_id`, `user_id`) VALUES (64, "student002");
-- INSERT INTO `reservation_facility` (`reservation_id`, `facility_id`) VALUES (64, 2);

-- INSERT INTO `reservation` (`id`, `creator_id`, `start_at`, `end_at`, `plan_id`, `plan_memo`) VALUES (65, "professor002", "2020-03-05 11:45:00", "2020-03-05 14:45:00", 1, "");
-- INSERT INTO `reservation_user` (`reservation_id`, `user_id`) VALUES (65, "professor002");
-- INSERT INTO `reservation_user` (`reservation_id`, `user_id`) VALUES (65, "student004");
-- INSERT INTO `reservation_user` (`reservation_id`, `user_id`) VALUES (65, "student001");
-- INSERT INTO `reservation_user` (`reservation_id`, `user_id`) VALUES (65, "student003");
-- INSERT INTO `reservation_user` (`reservation_id`, `user_id`) VALUES (65, "professor001");
-- INSERT INTO `reservation_user` (`reservation_id`, `user_id`) VALUES (65, "professor003");
-- INSERT INTO `reservation_facility` (`reservation_id`, `facility_id`) VALUES (65, 1);

-- INSERT INTO `reservation` (`id`, `creator_id`, `start_at`, `end_at`, `plan_id`, `plan_memo`) VALUES (66, "professor002", "2020-03-06 15:45:00", "2020-03-06 21:45:00", 1, "");
-- INSERT INTO `reservation_user` (`reservation_id`, `user_id`) VALUES (66, "professor002");
-- INSERT INTO `reservation_user` (`reservation_id`, `user_id`) VALUES (66, "student001");
-- INSERT INTO `reservation_user` (`reservation_id`, `user_id`) VALUES (66, "professor001");
-- INSERT INTO `reservation_user` (`reservation_id`, `user_id`) VALUES (66, "student002");
-- INSERT INTO `reservation_facility` (`reservation_id`, `facility_id`) VALUES (66, 4);

-- INSERT INTO `reservation` (`id`, `creator_id`, `start_at`, `end_at`, `plan_id`, `plan_memo`) VALUES (67, "student001", "2020-03-08 16:15:00", "2020-03-08 19:15:00", 2, "");
-- INSERT INTO `reservation_user` (`reservation_id`, `user_id`) VALUES (67, "student001");
-- INSERT INTO `reservation_user` (`reservation_id`, `user_id`) VALUES (67, "student003");
-- INSERT INTO `reservation_user` (`reservation_id`, `user_id`) VALUES (67, "professor001");
-- INSERT INTO `reservation_user` (`reservation_id`, `user_id`) VALUES (67, "professor003");
-- INSERT INTO `reservation_facility` (`reservation_id`, `facility_id`) VALUES (67, 4);

-- INSERT INTO `reservation` (`id`, `creator_id`, `start_at`, `end_at`, `plan_id`, `plan_memo`) VALUES (68, "professor002", "2020-03-09 08:45:00", "2020-03-09 11:45:00", 2, "");
-- INSERT INTO `reservation_user` (`reservation_id`, `user_id`) VALUES (68, "professor002");
-- INSERT INTO `reservation_facility` (`reservation_id`, `facility_id`) VALUES (68, 4);

-- INSERT INTO `reservation` (`id`, `creator_id`, `start_at`, `end_at`, `plan_id`, `plan_memo`) VALUES (69, "student003", "2020-03-09 16:00:00", "2020-03-09 17:00:00", 2, "");
-- INSERT INTO `reservation_user` (`reservation_id`, `user_id`) VALUES (69, "student003");
-- INSERT INTO `reservation_user` (`reservation_id`, `user_id`) VALUES (69, "professor004");
-- INSERT INTO `reservation_user` (`reservation_id`, `user_id`) VALUES (69, "professor002");
-- INSERT INTO `reservation_user` (`reservation_id`, `user_id`) VALUES (69, "student001");
-- INSERT INTO `reservation_user` (`reservation_id`, `user_id`) VALUES (69, "student004");
-- INSERT INTO `reservation_facility` (`reservation_id`, `facility_id`) VALUES (69, 1);

-- INSERT INTO `reservation` (`id`, `creator_id`, `start_at`, `end_at`, `plan_id`, `plan_memo`) VALUES (70, "student002", "2020-03-11 11:30:00", "2020-03-11 16:30:00", 1, "");
-- INSERT INTO `reservation_user` (`reservation_id`, `user_id`) VALUES (70, "student002");
-- INSERT INTO `reservation_facility` (`reservation_id`, `facility_id`) VALUES (70, 4);

-- INSERT INTO `reservation` (`id`, `creator_id`, `start_at`, `end_at`, `plan_id`, `plan_memo`) VALUES (71, "student003", "2020-03-12 18:15:00", "2020-03-12 21:15:00", 1, "");
-- INSERT INTO `reservation_user` (`reservation_id`, `user_id`) VALUES (71, "student003");
-- INSERT INTO `reservation_user` (`reservation_id`, `user_id`) VALUES (71, "student002");
-- INSERT INTO `reservation_user` (`reservation_id`, `user_id`) VALUES (71, "professor004");
-- INSERT INTO `reservation_facility` (`reservation_id`, `facility_id`) VALUES (71, 2);

-- INSERT INTO `reservation` (`id`, `creator_id`, `start_at`, `end_at`, `plan_id`, `plan_memo`) VALUES (72, "professor002", "2020-03-13 12:15:00", "2020-03-13 15:15:00", 2, "");
-- INSERT INTO `reservation_user` (`reservation_id`, `user_id`) VALUES (72, "professor002");
-- INSERT INTO `reservation_user` (`reservation_id`, `user_id`) VALUES (72, "professor004");
-- INSERT INTO `reservation_user` (`reservation_id`, `user_id`) VALUES (72, "professor003");
-- INSERT INTO `reservation_user` (`reservation_id`, `user_id`) VALUES (72, "student001");
-- INSERT INTO `reservation_user` (`reservation_id`, `user_id`) VALUES (72, "professor001");
-- INSERT INTO `reservation_facility` (`reservation_id`, `facility_id`) VALUES (72, 4);

-- INSERT INTO `reservation` (`id`, `creator_id`, `start_at`, `end_at`, `plan_id`, `plan_memo`) VALUES (73, "student001", "2020-03-14 18:45:00", "2020-03-14 22:45:00", 2, "");
-- INSERT INTO `reservation_user` (`reservation_id`, `user_id`) VALUES (73, "student001");
-- INSERT INTO `reservation_user` (`reservation_id`, `user_id`) VALUES (73, "professor003");
-- INSERT INTO `reservation_user` (`reservation_id`, `user_id`) VALUES (73, "student003");
-- INSERT INTO `reservation_facility` (`reservation_id`, `facility_id`) VALUES (73, 1);

-- INSERT INTO `reservation` (`id`, `creator_id`, `start_at`, `end_at`, `plan_id`, `plan_memo`) VALUES (74, "student004", "2020-03-15 10:30:00", "2020-03-15 13:30:00", 1, "");
-- INSERT INTO `reservation_user` (`reservation_id`, `user_id`) VALUES (74, "student004");
-- INSERT INTO `reservation_user` (`reservation_id`, `user_id`) VALUES (74, "student003");
-- INSERT INTO `reservation_user` (`reservation_id`, `user_id`) VALUES (74, "student001");
-- INSERT INTO `reservation_user` (`reservation_id`, `user_id`) VALUES (74, "professor002");
-- INSERT INTO `reservation_user` (`reservation_id`, `user_id`) VALUES (74, "professor001");
-- INSERT INTO `reservation_user` (`reservation_id`, `user_id`) VALUES (74, "professor003");
-- INSERT INTO `reservation_facility` (`reservation_id`, `facility_id`) VALUES (74, 4);

-- INSERT INTO `reservation` (`id`, `creator_id`, `start_at`, `end_at`, `plan_id`, `plan_memo`) VALUES (75, "professor004", "2020-03-15 19:15:00", "2020-03-15 23:15:00", 1, "");
-- INSERT INTO `reservation_user` (`reservation_id`, `user_id`) VALUES (75, "professor004");
-- INSERT INTO `reservation_facility` (`reservation_id`, `facility_id`) VALUES (75, 1);

-- INSERT INTO `reservation` (`id`, `creator_id`, `start_at`, `end_at`, `plan_id`, `plan_memo`) VALUES (76, "student002", "2020-03-17 17:30:00", "2020-03-17 22:30:00", 1, "");
-- INSERT INTO `reservation_user` (`reservation_id`, `user_id`) VALUES (76, "student002");
-- INSERT INTO `reservation_user` (`reservation_id`, `user_id`) VALUES (76, "professor001");
-- INSERT INTO `reservation_user` (`reservation_id`, `user_id`) VALUES (76, "professor002");
-- INSERT INTO `reservation_user` (`reservation_id`, `user_id`) VALUES (76, "student003");
-- INSERT INTO `reservation_user` (`reservation_id`, `user_id`) VALUES (76, "student001");
-- INSERT INTO `reservation_facility` (`reservation_id`, `facility_id`) VALUES (76, 4);

-- INSERT INTO `reservation` (`id`, `creator_id`, `start_at`, `end_at`, `plan_id`, `plan_memo`) VALUES (77, "student002", "2020-03-18 09:30:00", "2020-03-18 14:30:00", 1, "");
-- INSERT INTO `reservation_user` (`reservation_id`, `user_id`) VALUES (77, "student002");
-- INSERT INTO `reservation_facility` (`reservation_id`, `facility_id`) VALUES (77, 4);

-- INSERT INTO `reservation` (`id`, `creator_id`, `start_at`, `end_at`, `plan_id`, `plan_memo`) VALUES (78, "student002", "2020-03-18 15:15:00", "2020-03-18 18:15:00", 1, "");
-- INSERT INTO `reservation_user` (`reservation_id`, `user_id`) VALUES (78, "student002");
-- INSERT INTO `reservation_facility` (`reservation_id`, `facility_id`) VALUES (78, 2);

-- INSERT INTO `reservation` (`id`, `creator_id`, `start_at`, `end_at`, `plan_id`, `plan_memo`) VALUES (79, "student002", "2020-03-19 07:45:00", "2020-03-19 10:45:00", 2, "");
-- INSERT INTO `reservation_user` (`reservation_id`, `user_id`) VALUES (79, "student002");
-- INSERT INTO `reservation_user` (`reservation_id`, `user_id`) VALUES (79, "professor004");
-- INSERT INTO `reservation_user` (`reservation_id`, `user_id`) VALUES (79, "professor002");
-- INSERT INTO `reservation_user` (`reservation_id`, `user_id`) VALUES (79, "student003");
-- INSERT INTO `reservation_user` (`reservation_id`, `user_id`) VALUES (79, "professor003");
-- INSERT INTO `reservation_user` (`reservation_id`, `user_id`) VALUES (79, "student004");
-- INSERT INTO `reservation_facility` (`reservation_id`, `facility_id`) VALUES (79, 3);

-- INSERT INTO `reservation` (`id`, `creator_id`, `start_at`, `end_at`, `plan_id`, `plan_memo`) VALUES (80, "professor002", "2020-03-19 13:15:00", "2020-03-19 16:15:00", 2, "");
-- INSERT INTO `reservation_user` (`reservation_id`, `user_id`) VALUES (80, "professor002");
-- INSERT INTO `reservation_user` (`reservation_id`, `user_id`) VALUES (80, "student003");
-- INSERT INTO `reservation_user` (`reservation_id`, `user_id`) VALUES (80, "professor003");
-- INSERT INTO `reservation_user` (`reservation_id`, `user_id`) VALUES (80, "student004");
-- INSERT INTO `reservation_user` (`reservation_id`, `user_id`) VALUES (80, "professor001");
-- INSERT INTO `reservation_user` (`reservation_id`, `user_id`) VALUES (80, "student002");
-- INSERT INTO `reservation_facility` (`reservation_id`, `facility_id`) VALUES (80, 3);

-- INSERT INTO `reservation` (`id`, `creator_id`, `start_at`, `end_at`, `plan_id`, `plan_memo`) VALUES (81, "professor004", "2020-03-20 10:30:00", "2020-03-20 14:30:00", 1, "");
-- INSERT INTO `reservation_user` (`reservation_id`, `user_id`) VALUES (81, "professor004");
-- INSERT INTO `reservation_facility` (`reservation_id`, `facility_id`) VALUES (81, 4);

-- INSERT INTO `reservation` (`id`, `creator_id`, `start_at`, `end_at`, `plan_id`, `plan_memo`) VALUES (82, "professor003", "2020-03-21 10:45:00", "2020-03-21 15:45:00", 2, "");
-- INSERT INTO `reservation_user` (`reservation_id`, `user_id`) VALUES (82, "professor003");
-- INSERT INTO `reservation_facility` (`reservation_id`, `facility_id`) VALUES (82, 2);

-- INSERT INTO `reservation` (`id`, `creator_id`, `start_at`, `end_at`, `plan_id`, `plan_memo`) VALUES (83, "student002", "2020-03-22 10:45:00", "2020-03-22 14:45:00", 2, "");
-- INSERT INTO `reservation_user` (`reservation_id`, `user_id`) VALUES (83, "student002");
-- INSERT INTO `reservation_user` (`reservation_id`, `user_id`) VALUES (83, "student001");
-- INSERT INTO `reservation_user` (`reservation_id`, `user_id`) VALUES (83, "professor001");
-- INSERT INTO `reservation_user` (`reservation_id`, `user_id`) VALUES (83, "student004");
-- INSERT INTO `reservation_user` (`reservation_id`, `user_id`) VALUES (83, "student003");
-- INSERT INTO `reservation_user` (`reservation_id`, `user_id`) VALUES (83, "professor004");
-- INSERT INTO `reservation_facility` (`reservation_id`, `facility_id`) VALUES (83, 2);

-- INSERT INTO `reservation` (`id`, `creator_id`, `start_at`, `end_at`, `plan_id`, `plan_memo`) VALUES (84, "professor002", "2020-03-23 09:30:00", "2020-03-23 14:30:00", 2, "");
-- INSERT INTO `reservation_user` (`reservation_id`, `user_id`) VALUES (84, "professor002");
-- INSERT INTO `reservation_facility` (`reservation_id`, `facility_id`) VALUES (84, 2);

-- INSERT INTO `reservation` (`id`, `creator_id`, `start_at`, `end_at`, `plan_id`, `plan_memo`) VALUES (85, "professor004", "2020-03-24 09:00:00", "2020-03-24 13:00:00", 2, "");
-- INSERT INTO `reservation_user` (`reservation_id`, `user_id`) VALUES (85, "professor004");
-- INSERT INTO `reservation_user` (`reservation_id`, `user_id`) VALUES (85, "student002");
-- INSERT INTO `reservation_user` (`reservation_id`, `user_id`) VALUES (85, "student003");
-- INSERT INTO `reservation_user` (`reservation_id`, `user_id`) VALUES (85, "professor001");
-- INSERT INTO `reservation_facility` (`reservation_id`, `facility_id`) VALUES (85, 4);

-- INSERT INTO `reservation` (`id`, `creator_id`, `start_at`, `end_at`, `plan_id`, `plan_memo`) VALUES (86, "student003", "2020-03-25 08:00:00", "2020-03-25 10:00:00", 2, "");
-- INSERT INTO `reservation_user` (`reservation_id`, `user_id`) VALUES (86, "student003");
-- INSERT INTO `reservation_user` (`reservation_id`, `user_id`) VALUES (86, "student001");
-- INSERT INTO `reservation_user` (`reservation_id`, `user_id`) VALUES (86, "professor004");
-- INSERT INTO `reservation_user` (`reservation_id`, `user_id`) VALUES (86, "student004");
-- INSERT INTO `reservation_user` (`reservation_id`, `user_id`) VALUES (86, "professor001");
-- INSERT INTO `reservation_user` (`reservation_id`, `user_id`) VALUES (86, "professor002");
-- INSERT INTO `reservation_facility` (`reservation_id`, `facility_id`) VALUES (86, 4);

-- INSERT INTO `reservation` (`id`, `creator_id`, `start_at`, `end_at`, `plan_id`, `plan_memo`) VALUES (87, "student003", "2020-03-25 16:45:00", "2020-03-25 20:45:00", 1, "");
-- INSERT INTO `reservation_user` (`reservation_id`, `user_id`) VALUES (87, "student003");
-- INSERT INTO `reservation_user` (`reservation_id`, `user_id`) VALUES (87, "student001");
-- INSERT INTO `reservation_user` (`reservation_id`, `user_id`) VALUES (87, "student002");
-- INSERT INTO `reservation_user` (`reservation_id`, `user_id`) VALUES (87, "professor004");
-- INSERT INTO `reservation_user` (`reservation_id`, `user_id`) VALUES (87, "student004");
-- INSERT INTO `reservation_user` (`reservation_id`, `user_id`) VALUES (87, "professor001");
-- INSERT INTO `reservation_facility` (`reservation_id`, `facility_id`) VALUES (87, 2);

-- INSERT INTO `reservation` (`id`, `creator_id`, `start_at`, `end_at`, `plan_id`, `plan_memo`) VALUES (88, "student004", "2020-03-26 10:00:00", "2020-03-26 12:00:00", 2, "");
-- INSERT INTO `reservation_user` (`reservation_id`, `user_id`) VALUES (88, "student004");
-- INSERT INTO `reservation_facility` (`reservation_id`, `facility_id`) VALUES (88, 4);

-- INSERT INTO `reservation` (`id`, `creator_id`, `start_at`, `end_at`, `plan_id`, `plan_memo`) VALUES (89, "student002", "2020-03-27 13:30:00", "2020-03-27 16:30:00", 1, "");
-- INSERT INTO `reservation_user` (`reservation_id`, `user_id`) VALUES (89, "student002");
-- INSERT INTO `reservation_user` (`reservation_id`, `user_id`) VALUES (89, "professor002");
-- INSERT INTO `reservation_user` (`reservation_id`, `user_id`) VALUES (89, "student003");
-- INSERT INTO `reservation_user` (`reservation_id`, `user_id`) VALUES (89, "professor003");
-- INSERT INTO `reservation_facility` (`reservation_id`, `facility_id`) VALUES (89, 2);

-- INSERT INTO `reservation` (`id`, `creator_id`, `start_at`, `end_at`, `plan_id`, `plan_memo`) VALUES (90, "student003", "2020-03-28 09:45:00", "2020-03-28 12:45:00", 2, "");
-- INSERT INTO `reservation_user` (`reservation_id`, `user_id`) VALUES (90, "student003");
-- INSERT INTO `reservation_user` (`reservation_id`, `user_id`) VALUES (90, "student004");
-- INSERT INTO `reservation_facility` (`reservation_id`, `facility_id`) VALUES (90, 1);

-- INSERT INTO `reservation` (`id`, `creator_id`, `start_at`, `end_at`, `plan_id`, `plan_memo`) VALUES (91, "student001", "2020-03-28 21:15:00", "2020-03-28 22:15:00", 1, "");
-- INSERT INTO `reservation_user` (`reservation_id`, `user_id`) VALUES (91, "student001");
-- INSERT INTO `reservation_user` (`reservation_id`, `user_id`) VALUES (91, "student002");
-- INSERT INTO `reservation_user` (`reservation_id`, `user_id`) VALUES (91, "student004");
-- INSERT INTO `reservation_user` (`reservation_id`, `user_id`) VALUES (91, "professor004");
-- INSERT INTO `reservation_user` (`reservation_id`, `user_id`) VALUES (91, "student003");
-- INSERT INTO `reservation_user` (`reservation_id`, `user_id`) VALUES (91, "professor002");
-- INSERT INTO `reservation_facility` (`reservation_id`, `facility_id`) VALUES (91, 3);

-- INSERT INTO `reservation` (`id`, `creator_id`, `start_at`, `end_at`, `plan_id`, `plan_memo`) VALUES (92, "student002", "2020-03-30 13:00:00", "2020-03-30 14:00:00", 2, "");
-- INSERT INTO `reservation_user` (`reservation_id`, `user_id`) VALUES (92, "student002");
-- INSERT INTO `reservation_facility` (`reservation_id`, `facility_id`) VALUES (92, 1);

-- INSERT INTO `reservation` (`id`, `creator_id`, `start_at`, `end_at`, `plan_id`, `plan_memo`) VALUES (93, "student001", "2020-04-01 17:45:00", "2020-04-01 22:45:00", 2, "");
-- INSERT INTO `reservation_user` (`reservation_id`, `user_id`) VALUES (93, "student001");
-- INSERT INTO `reservation_user` (`reservation_id`, `user_id`) VALUES (93, "student004");
-- INSERT INTO `reservation_user` (`reservation_id`, `user_id`) VALUES (93, "student002");
-- INSERT INTO `reservation_user` (`reservation_id`, `user_id`) VALUES (93, "student003");
-- INSERT INTO `reservation_facility` (`reservation_id`, `facility_id`) VALUES (93, 1);

-- INSERT INTO `reservation` (`id`, `creator_id`, `start_at`, `end_at`, `plan_id`, `plan_memo`) VALUES (94, "professor001", "2020-04-02 18:00:00", "2020-04-02 19:00:00", 2, "");
-- INSERT INTO `reservation_user` (`reservation_id`, `user_id`) VALUES (94, "professor001");
-- INSERT INTO `reservation_user` (`reservation_id`, `user_id`) VALUES (94, "professor002");
-- INSERT INTO `reservation_user` (`reservation_id`, `user_id`) VALUES (94, "professor003");
-- INSERT INTO `reservation_user` (`reservation_id`, `user_id`) VALUES (94, "student001");
-- INSERT INTO `reservation_user` (`reservation_id`, `user_id`) VALUES (94, "student004");
-- INSERT INTO `reservation_facility` (`reservation_id`, `facility_id`) VALUES (94, 4);

-- INSERT INTO `reservation` (`id`, `creator_id`, `start_at`, `end_at`, `plan_id`, `plan_memo`) VALUES (95, "student002", "2020-04-05 11:30:00", "2020-04-05 17:30:00", 2, "");
-- INSERT INTO `reservation_user` (`reservation_id`, `user_id`) VALUES (95, "student002");
-- INSERT INTO `reservation_user` (`reservation_id`, `user_id`) VALUES (95, "professor003");
-- INSERT INTO `reservation_user` (`reservation_id`, `user_id`) VALUES (95, "student003");
-- INSERT INTO `reservation_user` (`reservation_id`, `user_id`) VALUES (95, "student001");
-- INSERT INTO `reservation_facility` (`reservation_id`, `facility_id`) VALUES (95, 3);

-- INSERT INTO `reservation` (`id`, `creator_id`, `start_at`, `end_at`, `plan_id`, `plan_memo`) VALUES (96, "student001", "2020-04-05 21:30:00", "2020-04-05 23:30:00", 1, "");
-- INSERT INTO `reservation_user` (`reservation_id`, `user_id`) VALUES (96, "student001");
-- INSERT INTO `reservation_user` (`reservation_id`, `user_id`) VALUES (96, "student004");
-- INSERT INTO `reservation_user` (`reservation_id`, `user_id`) VALUES (96, "professor001");
-- INSERT INTO `reservation_user` (`reservation_id`, `user_id`) VALUES (96, "professor003");
-- INSERT INTO `reservation_user` (`reservation_id`, `user_id`) VALUES (96, "professor002");
-- INSERT INTO `reservation_facility` (`reservation_id`, `facility_id`) VALUES (96, 2);

-- INSERT INTO `reservation` (`id`, `creator_id`, `start_at`, `end_at`, `plan_id`, `plan_memo`) VALUES (97, "professor004", "2020-04-06 14:30:00", "2020-04-06 19:30:00", 1, "");
-- INSERT INTO `reservation_user` (`reservation_id`, `user_id`) VALUES (97, "professor004");
-- INSERT INTO `reservation_user` (`reservation_id`, `user_id`) VALUES (97, "professor001");
-- INSERT INTO `reservation_facility` (`reservation_id`, `facility_id`) VALUES (97, 3);

-- INSERT INTO `reservation` (`id`, `creator_id`, `start_at`, `end_at`, `plan_id`, `plan_memo`) VALUES (98, "student003", "2020-04-07 08:15:00", "2020-04-07 14:15:00", 1, "");
-- INSERT INTO `reservation_user` (`reservation_id`, `user_id`) VALUES (98, "student003");
-- INSERT INTO `reservation_user` (`reservation_id`, `user_id`) VALUES (98, "professor001");
-- INSERT INTO `reservation_user` (`reservation_id`, `user_id`) VALUES (98, "professor004");
-- INSERT INTO `reservation_user` (`reservation_id`, `user_id`) VALUES (98, "professor002");
-- INSERT INTO `reservation_user` (`reservation_id`, `user_id`) VALUES (98, "professor003");
-- INSERT INTO `reservation_user` (`reservation_id`, `user_id`) VALUES (98, "student001");
-- INSERT INTO `reservation_facility` (`reservation_id`, `facility_id`) VALUES (98, 2);

-- INSERT INTO `reservation` (`id`, `creator_id`, `start_at`, `end_at`, `plan_id`, `plan_memo`) VALUES (99, "professor002", "2020-04-07 17:30:00", "2020-04-07 21:30:00", 1, "");
-- INSERT INTO `reservation_user` (`reservation_id`, `user_id`) VALUES (99, "professor002");
-- INSERT INTO `reservation_user` (`reservation_id`, `user_id`) VALUES (99, "student003");
-- INSERT INTO `reservation_user` (`reservation_id`, `user_id`) VALUES (99, "professor004");
-- INSERT INTO `reservation_facility` (`reservation_id`, `facility_id`) VALUES (99, 2);

-- INSERT INTO `reservation` (`id`, `creator_id`, `start_at`, `end_at`, `plan_id`, `plan_memo`) VALUES (100, "professor001", "2020-04-08 07:45:00", "2020-04-08 08:45:00", 1, "");
-- INSERT INTO `reservation_user` (`reservation_id`, `user_id`) VALUES (100, "professor001");
-- INSERT INTO `reservation_facility` (`reservation_id`, `facility_id`) VALUES (100, 2);

-- INSERT INTO `reservation` (`id`, `creator_id`, `start_at`, `end_at`, `plan_id`, `plan_memo`) VALUES (101, "student002", "2020-04-08 15:30:00", "2020-04-08 18:30:00", 2, "");
-- INSERT INTO `reservation_user` (`reservation_id`, `user_id`) VALUES (101, "student002");
-- INSERT INTO `reservation_user` (`reservation_id`, `user_id`) VALUES (101, "professor002");
-- INSERT INTO `reservation_user` (`reservation_id`, `user_id`) VALUES (101, "student003");
-- INSERT INTO `reservation_user` (`reservation_id`, `user_id`) VALUES (101, "professor004");
-- INSERT INTO `reservation_facility` (`reservation_id`, `facility_id`) VALUES (101, 1);

-- INSERT INTO `reservation` (`id`, `creator_id`, `start_at`, `end_at`, `plan_id`, `plan_memo`) VALUES (102, "professor003", "2020-04-11 07:00:00", "2020-04-11 11:00:00", 2, "");
-- INSERT INTO `reservation_user` (`reservation_id`, `user_id`) VALUES (102, "professor003");
-- INSERT INTO `reservation_user` (`reservation_id`, `user_id`) VALUES (102, "professor001");
-- INSERT INTO `reservation_user` (`reservation_id`, `user_id`) VALUES (102, "professor004");
-- INSERT INTO `reservation_user` (`reservation_id`, `user_id`) VALUES (102, "student004");
-- INSERT INTO `reservation_facility` (`reservation_id`, `facility_id`) VALUES (102, 1);

-- INSERT INTO `reservation` (`id`, `creator_id`, `start_at`, `end_at`, `plan_id`, `plan_memo`) VALUES (103, "professor002", "2020-04-11 11:30:00", "2020-04-11 17:30:00", 2, "");
-- INSERT INTO `reservation_user` (`reservation_id`, `user_id`) VALUES (103, "professor002");
-- INSERT INTO `reservation_user` (`reservation_id`, `user_id`) VALUES (103, "professor004");
-- INSERT INTO `reservation_user` (`reservation_id`, `user_id`) VALUES (103, "student002");
-- INSERT INTO `reservation_user` (`reservation_id`, `user_id`) VALUES (103, "professor001");
-- INSERT INTO `reservation_user` (`reservation_id`, `user_id`) VALUES (103, "student003");
-- INSERT INTO `reservation_user` (`reservation_id`, `user_id`) VALUES (103, "professor003");
-- INSERT INTO `reservation_facility` (`reservation_id`, `facility_id`) VALUES (103, 4);

-- INSERT INTO `reservation` (`id`, `creator_id`, `start_at`, `end_at`, `plan_id`, `plan_memo`) VALUES (104, "professor002", "2020-04-12 19:45:00", "2020-04-12 21:45:00", 1, "");
-- INSERT INTO `reservation_user` (`reservation_id`, `user_id`) VALUES (104, "professor002");
-- INSERT INTO `reservation_facility` (`reservation_id`, `facility_id`) VALUES (104, 4);

-- INSERT INTO `reservation` (`id`, `creator_id`, `start_at`, `end_at`, `plan_id`, `plan_memo`) VALUES (105, "student004", "2020-04-13 09:00:00", "2020-04-13 10:00:00", 1, "");
-- INSERT INTO `reservation_user` (`reservation_id`, `user_id`) VALUES (105, "student004");
-- INSERT INTO `reservation_user` (`reservation_id`, `user_id`) VALUES (105, "student001");
-- INSERT INTO `reservation_user` (`reservation_id`, `user_id`) VALUES (105, "professor004");
-- INSERT INTO `reservation_user` (`reservation_id`, `user_id`) VALUES (105, "student003");
-- INSERT INTO `reservation_user` (`reservation_id`, `user_id`) VALUES (105, "student002");
-- INSERT INTO `reservation_facility` (`reservation_id`, `facility_id`) VALUES (105, 4);

-- INSERT INTO `reservation` (`id`, `creator_id`, `start_at`, `end_at`, `plan_id`, `plan_memo`) VALUES (106, "student004", "2020-04-14 14:45:00", "2020-04-14 19:45:00", 1, "");
-- INSERT INTO `reservation_user` (`reservation_id`, `user_id`) VALUES (106, "student004");
-- INSERT INTO `reservation_facility` (`reservation_id`, `facility_id`) VALUES (106, 4);

-- INSERT INTO `reservation` (`id`, `creator_id`, `start_at`, `end_at`, `plan_id`, `plan_memo`) VALUES (107, "professor003", "2020-04-15 09:15:00", "2020-04-15 12:15:00", 2, "");
-- INSERT INTO `reservation_user` (`reservation_id`, `user_id`) VALUES (107, "professor003");
-- INSERT INTO `reservation_user` (`reservation_id`, `user_id`) VALUES (107, "student002");
-- INSERT INTO `reservation_facility` (`reservation_id`, `facility_id`) VALUES (107, 4);

-- INSERT INTO `reservation` (`id`, `creator_id`, `start_at`, `end_at`, `plan_id`, `plan_memo`) VALUES (108, "student004", "2020-04-15 19:45:00", "2020-04-15 21:45:00", 1, "");
-- INSERT INTO `reservation_user` (`reservation_id`, `user_id`) VALUES (108, "student004");
-- INSERT INTO `reservation_user` (`reservation_id`, `user_id`) VALUES (108, "professor001");
-- INSERT INTO `reservation_user` (`reservation_id`, `user_id`) VALUES (108, "student001");
-- INSERT INTO `reservation_facility` (`reservation_id`, `facility_id`) VALUES (108, 1);

-- INSERT INTO `reservation` (`id`, `creator_id`, `start_at`, `end_at`, `plan_id`, `plan_memo`) VALUES (109, "student004", "2020-04-16 11:30:00", "2020-04-16 14:30:00", 1, "");
-- INSERT INTO `reservation_user` (`reservation_id`, `user_id`) VALUES (109, "student004");
-- INSERT INTO `reservation_facility` (`reservation_id`, `facility_id`) VALUES (109, 1);

-- INSERT INTO `reservation` (`id`, `creator_id`, `start_at`, `end_at`, `plan_id`, `plan_memo`) VALUES (110, "professor002", "2020-04-18 09:45:00", "2020-04-18 11:45:00", 2, "");
-- INSERT INTO `reservation_user` (`reservation_id`, `user_id`) VALUES (110, "professor002");
-- INSERT INTO `reservation_user` (`reservation_id`, `user_id`) VALUES (110, "professor003");
-- INSERT INTO `reservation_user` (`reservation_id`, `user_id`) VALUES (110, "student004");
-- INSERT INTO `reservation_facility` (`reservation_id`, `facility_id`) VALUES (110, 3);

-- INSERT INTO `reservation` (`id`, `creator_id`, `start_at`, `end_at`, `plan_id`, `plan_memo`) VALUES (111, "professor002", "2020-04-19 07:30:00", "2020-04-19 09:30:00", 1, "");
-- INSERT INTO `reservation_user` (`reservation_id`, `user_id`) VALUES (111, "professor002");
-- INSERT INTO `reservation_user` (`reservation_id`, `user_id`) VALUES (111, "professor003");
-- INSERT INTO `reservation_user` (`reservation_id`, `user_id`) VALUES (111, "professor001");
-- INSERT INTO `reservation_user` (`reservation_id`, `user_id`) VALUES (111, "student004");
-- INSERT INTO `reservation_facility` (`reservation_id`, `facility_id`) VALUES (111, 3);

-- INSERT INTO `reservation` (`id`, `creator_id`, `start_at`, `end_at`, `plan_id`, `plan_memo`) VALUES (112, "student002", "2020-04-19 14:00:00", "2020-04-19 18:00:00", 1, "");
-- INSERT INTO `reservation_user` (`reservation_id`, `user_id`) VALUES (112, "student002");
-- INSERT INTO `reservation_user` (`reservation_id`, `user_id`) VALUES (112, "student004");
-- INSERT INTO `reservation_user` (`reservation_id`, `user_id`) VALUES (112, "student003");
-- INSERT INTO `reservation_user` (`reservation_id`, `user_id`) VALUES (112, "professor002");
-- INSERT INTO `reservation_user` (`reservation_id`, `user_id`) VALUES (112, "student001");
-- INSERT INTO `reservation_facility` (`reservation_id`, `facility_id`) VALUES (112, 3);

-- INSERT INTO `reservation` (`id`, `creator_id`, `start_at`, `end_at`, `plan_id`, `plan_memo`) VALUES (113, "professor003", "2020-04-20 10:00:00", "2020-04-20 13:00:00", 2, "");
-- INSERT INTO `reservation_user` (`reservation_id`, `user_id`) VALUES (113, "professor003");
-- INSERT INTO `reservation_user` (`reservation_id`, `user_id`) VALUES (113, "professor001");
-- INSERT INTO `reservation_facility` (`reservation_id`, `facility_id`) VALUES (113, 1);

-- INSERT INTO `reservation` (`id`, `creator_id`, `start_at`, `end_at`, `plan_id`, `plan_memo`) VALUES (114, "student002", "2020-04-20 14:00:00", "2020-04-20 15:00:00", 2, "");
-- INSERT INTO `reservation_user` (`reservation_id`, `user_id`) VALUES (114, "student002");
-- INSERT INTO `reservation_user` (`reservation_id`, `user_id`) VALUES (114, "student001");
-- INSERT INTO `reservation_facility` (`reservation_id`, `facility_id`) VALUES (114, 1);

-- INSERT INTO `reservation` (`id`, `creator_id`, `start_at`, `end_at`, `plan_id`, `plan_memo`) VALUES (115, "professor002", "2020-04-22 17:30:00", "2020-04-22 23:30:00", 1, "");
-- INSERT INTO `reservation_user` (`reservation_id`, `user_id`) VALUES (115, "professor002");
-- INSERT INTO `reservation_facility` (`reservation_id`, `facility_id`) VALUES (115, 4);

-- INSERT INTO `reservation` (`id`, `creator_id`, `start_at`, `end_at`, `plan_id`, `plan_memo`) VALUES (116, "professor001", "2020-04-23 08:30:00", "2020-04-23 14:30:00", 2, "");
-- INSERT INTO `reservation_user` (`reservation_id`, `user_id`) VALUES (116, "professor001");
-- INSERT INTO `reservation_facility` (`reservation_id`, `facility_id`) VALUES (116, 2);

-- INSERT INTO `reservation` (`id`, `creator_id`, `start_at`, `end_at`, `plan_id`, `plan_memo`) VALUES (117, "professor002", "2020-04-24 19:15:00", "2020-04-24 23:15:00", 1, "");
-- INSERT INTO `reservation_user` (`reservation_id`, `user_id`) VALUES (117, "professor002");
-- INSERT INTO `reservation_user` (`reservation_id`, `user_id`) VALUES (117, "professor001");
-- INSERT INTO `reservation_user` (`reservation_id`, `user_id`) VALUES (117, "student003");
-- INSERT INTO `reservation_user` (`reservation_id`, `user_id`) VALUES (117, "student002");
-- INSERT INTO `reservation_user` (`reservation_id`, `user_id`) VALUES (117, "student001");
-- INSERT INTO `reservation_facility` (`reservation_id`, `facility_id`) VALUES (117, 3);

-- INSERT INTO `reservation` (`id`, `creator_id`, `start_at`, `end_at`, `plan_id`, `plan_memo`) VALUES (118, "professor004", "2020-04-25 11:00:00", "2020-04-25 17:00:00", 1, "");
-- INSERT INTO `reservation_user` (`reservation_id`, `user_id`) VALUES (118, "professor004");
-- INSERT INTO `reservation_user` (`reservation_id`, `user_id`) VALUES (118, "student001");
-- INSERT INTO `reservation_user` (`reservation_id`, `user_id`) VALUES (118, "professor001");
-- INSERT INTO `reservation_user` (`reservation_id`, `user_id`) VALUES (118, "professor003");
-- INSERT INTO `reservation_facility` (`reservation_id`, `facility_id`) VALUES (118, 4);

-- INSERT INTO `reservation` (`id`, `creator_id`, `start_at`, `end_at`, `plan_id`, `plan_memo`) VALUES (119, "professor004", "2020-04-27 11:30:00", "2020-04-27 12:30:00", 1, "");
-- INSERT INTO `reservation_user` (`reservation_id`, `user_id`) VALUES (119, "professor004");
-- INSERT INTO `reservation_user` (`reservation_id`, `user_id`) VALUES (119, "student002");
-- INSERT INTO `reservation_user` (`reservation_id`, `user_id`) VALUES (119, "professor001");
-- INSERT INTO `reservation_user` (`reservation_id`, `user_id`) VALUES (119, "student004");
-- INSERT INTO `reservation_user` (`reservation_id`, `user_id`) VALUES (119, "professor002");
-- INSERT INTO `reservation_user` (`reservation_id`, `user_id`) VALUES (119, "student003");
-- INSERT INTO `reservation_facility` (`reservation_id`, `facility_id`) VALUES (119, 3);

-- INSERT INTO `reservation` (`id`, `creator_id`, `start_at`, `end_at`, `plan_id`, `plan_memo`) VALUES (120, "professor003", "2020-04-27 15:00:00", "2020-04-27 20:00:00", 2, "");
-- INSERT INTO `reservation_user` (`reservation_id`, `user_id`) VALUES (120, "professor003");
-- INSERT INTO `reservation_user` (`reservation_id`, `user_id`) VALUES (120, "student002");
-- INSERT INTO `reservation_user` (`reservation_id`, `user_id`) VALUES (120, "student003");
-- INSERT INTO `reservation_user` (`reservation_id`, `user_id`) VALUES (120, "professor002");
-- INSERT INTO `reservation_user` (`reservation_id`, `user_id`) VALUES (120, "professor004");
-- INSERT INTO `reservation_facility` (`reservation_id`, `facility_id`) VALUES (120, 2);

-- INSERT INTO `reservation` (`id`, `creator_id`, `start_at`, `end_at`, `plan_id`, `plan_memo`) VALUES (121, "professor001", "2020-04-29 20:15:00", "2020-04-29 23:15:00", 1, "");
-- INSERT INTO `reservation_user` (`reservation_id`, `user_id`) VALUES (121, "professor001");
-- INSERT INTO `reservation_facility` (`reservation_id`, `facility_id`) VALUES (121, 4);

-- INSERT INTO `reservation` (`id`, `creator_id`, `start_at`, `end_at`, `plan_id`, `plan_memo`) VALUES (122, "student003", "2020-04-30 17:00:00", "2020-04-30 22:00:00", 1, "");
-- INSERT INTO `reservation_user` (`reservation_id`, `user_id`) VALUES (122, "student003");
-- INSERT INTO `reservation_user` (`reservation_id`, `user_id`) VALUES (122, "student004");
-- INSERT INTO `reservation_facility` (`reservation_id`, `facility_id`) VALUES (122, 4);

-- INSERT INTO `reservation` (`id`, `creator_id`, `start_at`, `end_at`, `plan_id`, `plan_memo`) VALUES (123, "student002", "2020-05-01 08:15:00", "2020-05-01 09:15:00", 1, "");
-- INSERT INTO `reservation_user` (`reservation_id`, `user_id`) VALUES (123, "student002");
-- INSERT INTO `reservation_user` (`reservation_id`, `user_id`) VALUES (123, "professor002");
-- INSERT INTO `reservation_user` (`reservation_id`, `user_id`) VALUES (123, "professor003");
-- INSERT INTO `reservation_facility` (`reservation_id`, `facility_id`) VALUES (123, 1);

-- INSERT INTO `reservation` (`id`, `creator_id`, `start_at`, `end_at`, `plan_id`, `plan_memo`) VALUES (124, "student004", "2020-05-01 09:30:00", "2020-05-01 15:30:00", 2, "");
-- INSERT INTO `reservation_user` (`reservation_id`, `user_id`) VALUES (124, "student004");
-- INSERT INTO `reservation_user` (`reservation_id`, `user_id`) VALUES (124, "student001");
-- INSERT INTO `reservation_facility` (`reservation_id`, `facility_id`) VALUES (124, 2);

-- INSERT INTO `reservation` (`id`, `creator_id`, `start_at`, `end_at`, `plan_id`, `plan_memo`) VALUES (125, "professor004", "2020-05-01 20:30:00", "2020-05-01 22:30:00", 2, "");
-- INSERT INTO `reservation_user` (`reservation_id`, `user_id`) VALUES (125, "professor004");
-- INSERT INTO `reservation_facility` (`reservation_id`, `facility_id`) VALUES (125, 1);

-- INSERT INTO `reservation` (`id`, `creator_id`, `start_at`, `end_at`, `plan_id`, `plan_memo`) VALUES (126, "professor003", "2020-05-04 08:45:00", "2020-05-04 14:45:00", 1, "");
-- INSERT INTO `reservation_user` (`reservation_id`, `user_id`) VALUES (126, "professor003");
-- INSERT INTO `reservation_user` (`reservation_id`, `user_id`) VALUES (126, "student001");
-- INSERT INTO `reservation_facility` (`reservation_id`, `facility_id`) VALUES (126, 2);

-- INSERT INTO `reservation` (`id`, `creator_id`, `start_at`, `end_at`, `plan_id`, `plan_memo`) VALUES (127, "professor004", "2020-05-05 07:30:00", "2020-05-05 08:30:00", 2, "");
-- INSERT INTO `reservation_user` (`reservation_id`, `user_id`) VALUES (127, "professor004");
-- INSERT INTO `reservation_user` (`reservation_id`, `user_id`) VALUES (127, "student004");
-- INSERT INTO `reservation_user` (`reservation_id`, `user_id`) VALUES (127, "professor001");
-- INSERT INTO `reservation_user` (`reservation_id`, `user_id`) VALUES (127, "professor002");
-- INSERT INTO `reservation_user` (`reservation_id`, `user_id`) VALUES (127, "professor003");
-- INSERT INTO `reservation_user` (`reservation_id`, `user_id`) VALUES (127, "student003");
-- INSERT INTO `reservation_facility` (`reservation_id`, `facility_id`) VALUES (127, 4);

-- INSERT INTO `reservation` (`id`, `creator_id`, `start_at`, `end_at`, `plan_id`, `plan_memo`) VALUES (128, "professor001", "2020-05-07 07:00:00", "2020-05-07 13:00:00", 2, "");
-- INSERT INTO `reservation_user` (`reservation_id`, `user_id`) VALUES (128, "professor001");
-- INSERT INTO `reservation_user` (`reservation_id`, `user_id`) VALUES (128, "professor004");
-- INSERT INTO `reservation_user` (`reservation_id`, `user_id`) VALUES (128, "student003");
-- INSERT INTO `reservation_user` (`reservation_id`, `user_id`) VALUES (128, "professor002");
-- INSERT INTO `reservation_user` (`reservation_id`, `user_id`) VALUES (128, "student001");
-- INSERT INTO `reservation_facility` (`reservation_id`, `facility_id`) VALUES (128, 2);

-- INSERT INTO `reservation` (`id`, `creator_id`, `start_at`, `end_at`, `plan_id`, `plan_memo`) VALUES (129, "professor001", "2020-05-07 15:45:00", "2020-05-07 21:45:00", 2, "");
-- INSERT INTO `reservation_user` (`reservation_id`, `user_id`) VALUES (129, "professor001");
-- INSERT INTO `reservation_user` (`reservation_id`, `user_id`) VALUES (129, "student001");
-- INSERT INTO `reservation_user` (`reservation_id`, `user_id`) VALUES (129, "professor003");
-- INSERT INTO `reservation_facility` (`reservation_id`, `facility_id`) VALUES (129, 3);

-- INSERT INTO `reservation` (`id`, `creator_id`, `start_at`, `end_at`, `plan_id`, `plan_memo`) VALUES (130, "student003", "2020-05-09 18:00:00", "2020-05-09 23:00:00", 1, "");
-- INSERT INTO `reservation_user` (`reservation_id`, `user_id`) VALUES (130, "student003");
-- INSERT INTO `reservation_user` (`reservation_id`, `user_id`) VALUES (130, "professor001");
-- INSERT INTO `reservation_user` (`reservation_id`, `user_id`) VALUES (130, "student001");
-- INSERT INTO `reservation_user` (`reservation_id`, `user_id`) VALUES (130, "student004");
-- INSERT INTO `reservation_facility` (`reservation_id`, `facility_id`) VALUES (130, 1);

-- INSERT INTO `reservation` (`id`, `creator_id`, `start_at`, `end_at`, `plan_id`, `plan_memo`) VALUES (131, "professor004", "2020-05-10 07:45:00", "2020-05-10 10:45:00", 2, "");
-- INSERT INTO `reservation_user` (`reservation_id`, `user_id`) VALUES (131, "professor004");
-- INSERT INTO `reservation_facility` (`reservation_id`, `facility_id`) VALUES (131, 4);

-- INSERT INTO `reservation` (`id`, `creator_id`, `start_at`, `end_at`, `plan_id`, `plan_memo`) VALUES (132, "student001", "2020-05-10 11:15:00", "2020-05-10 12:15:00", 2, "");
-- INSERT INTO `reservation_user` (`reservation_id`, `user_id`) VALUES (132, "student001");
-- INSERT INTO `reservation_user` (`reservation_id`, `user_id`) VALUES (132, "student003");
-- INSERT INTO `reservation_user` (`reservation_id`, `user_id`) VALUES (132, "student002");
-- INSERT INTO `reservation_facility` (`reservation_id`, `facility_id`) VALUES (132, 2);

-- INSERT INTO `reservation` (`id`, `creator_id`, `start_at`, `end_at`, `plan_id`, `plan_memo`) VALUES (133, "professor002", "2020-05-12 14:45:00", "2020-05-12 19:45:00", 1, "");
-- INSERT INTO `reservation_user` (`reservation_id`, `user_id`) VALUES (133, "professor002");
-- INSERT INTO `reservation_user` (`reservation_id`, `user_id`) VALUES (133, "student001");
-- INSERT INTO `reservation_user` (`reservation_id`, `user_id`) VALUES (133, "professor004");
-- INSERT INTO `reservation_facility` (`reservation_id`, `facility_id`) VALUES (133, 1);

-- INSERT INTO `reservation` (`id`, `creator_id`, `start_at`, `end_at`, `plan_id`, `plan_memo`) VALUES (134, "student001", "2020-05-12 21:30:00", "2020-05-12 23:30:00", 1, "");
-- INSERT INTO `reservation_user` (`reservation_id`, `user_id`) VALUES (134, "student001");
-- INSERT INTO `reservation_user` (`reservation_id`, `user_id`) VALUES (134, "student003");
-- INSERT INTO `reservation_user` (`reservation_id`, `user_id`) VALUES (134, "professor002");
-- INSERT INTO `reservation_user` (`reservation_id`, `user_id`) VALUES (134, "student004");
-- INSERT INTO `reservation_user` (`reservation_id`, `user_id`) VALUES (134, "professor001");
-- INSERT INTO `reservation_user` (`reservation_id`, `user_id`) VALUES (134, "student002");
-- INSERT INTO `reservation_facility` (`reservation_id`, `facility_id`) VALUES (134, 3);

-- INSERT INTO `reservation` (`id`, `creator_id`, `start_at`, `end_at`, `plan_id`, `plan_memo`) VALUES (135, "student003", "2020-05-13 09:15:00", "2020-05-13 11:15:00", 2, "");
-- INSERT INTO `reservation_user` (`reservation_id`, `user_id`) VALUES (135, "student003");
-- INSERT INTO `reservation_user` (`reservation_id`, `user_id`) VALUES (135, "student004");
-- INSERT INTO `reservation_user` (`reservation_id`, `user_id`) VALUES (135, "student002");
-- INSERT INTO `reservation_facility` (`reservation_id`, `facility_id`) VALUES (135, 3);

-- INSERT INTO `reservation` (`id`, `creator_id`, `start_at`, `end_at`, `plan_id`, `plan_memo`) VALUES (136, "student002", "2020-05-16 08:30:00", "2020-05-16 12:30:00", 1, "");
-- INSERT INTO `reservation_user` (`reservation_id`, `user_id`) VALUES (136, "student002");
-- INSERT INTO `reservation_user` (`reservation_id`, `user_id`) VALUES (136, "student004");
-- INSERT INTO `reservation_user` (`reservation_id`, `user_id`) VALUES (136, "professor002");
-- INSERT INTO `reservation_facility` (`reservation_id`, `facility_id`) VALUES (136, 4);

-- INSERT INTO `reservation` (`id`, `creator_id`, `start_at`, `end_at`, `plan_id`, `plan_memo`) VALUES (137, "professor003", "2020-05-16 19:15:00", "2020-05-16 21:15:00", 1, "");
-- INSERT INTO `reservation_user` (`reservation_id`, `user_id`) VALUES (137, "professor003");
-- INSERT INTO `reservation_user` (`reservation_id`, `user_id`) VALUES (137, "professor001");
-- INSERT INTO `reservation_user` (`reservation_id`, `user_id`) VALUES (137, "student002");
-- INSERT INTO `reservation_facility` (`reservation_id`, `facility_id`) VALUES (137, 1);

-- INSERT INTO `reservation` (`id`, `creator_id`, `start_at`, `end_at`, `plan_id`, `plan_memo`) VALUES (138, "student001", "2020-05-17 15:15:00", "2020-05-17 19:15:00", 1, "");
-- INSERT INTO `reservation_user` (`reservation_id`, `user_id`) VALUES (138, "student001");
-- INSERT INTO `reservation_user` (`reservation_id`, `user_id`) VALUES (138, "student003");
-- INSERT INTO `reservation_user` (`reservation_id`, `user_id`) VALUES (138, "professor002");
-- INSERT INTO `reservation_facility` (`reservation_id`, `facility_id`) VALUES (138, 4);

-- INSERT INTO `reservation` (`id`, `creator_id`, `start_at`, `end_at`, `plan_id`, `plan_memo`) VALUES (139, "student001", "2020-05-18 10:00:00", "2020-05-18 13:00:00", 1, "");
-- INSERT INTO `reservation_user` (`reservation_id`, `user_id`) VALUES (139, "student001");
-- INSERT INTO `reservation_user` (`reservation_id`, `user_id`) VALUES (139, "professor004");
-- INSERT INTO `reservation_user` (`reservation_id`, `user_id`) VALUES (139, "professor001");
-- INSERT INTO `reservation_user` (`reservation_id`, `user_id`) VALUES (139, "student003");
-- INSERT INTO `reservation_user` (`reservation_id`, `user_id`) VALUES (139, "student002");
-- INSERT INTO `reservation_facility` (`reservation_id`, `facility_id`) VALUES (139, 2);

-- INSERT INTO `reservation` (`id`, `creator_id`, `start_at`, `end_at`, `plan_id`, `plan_memo`) VALUES (140, "professor002", "2020-05-18 15:00:00", "2020-05-18 19:00:00", 2, "");
-- INSERT INTO `reservation_user` (`reservation_id`, `user_id`) VALUES (140, "professor002");
-- INSERT INTO `reservation_facility` (`reservation_id`, `facility_id`) VALUES (140, 2);

-- INSERT INTO `reservation` (`id`, `creator_id`, `start_at`, `end_at`, `plan_id`, `plan_memo`) VALUES (141, "student003", "2020-05-20 08:45:00", "2020-05-20 12:45:00", 1, "");
-- INSERT INTO `reservation_user` (`reservation_id`, `user_id`) VALUES (141, "student003");
-- INSERT INTO `reservation_user` (`reservation_id`, `user_id`) VALUES (141, "student004");
-- INSERT INTO `reservation_user` (`reservation_id`, `user_id`) VALUES (141, "student002");
-- INSERT INTO `reservation_facility` (`reservation_id`, `facility_id`) VALUES (141, 2);

-- INSERT INTO `reservation` (`id`, `creator_id`, `start_at`, `end_at`, `plan_id`, `plan_memo`) VALUES (142, "student001", "2020-05-21 08:15:00", "2020-05-21 14:15:00", 2, "");
-- INSERT INTO `reservation_user` (`reservation_id`, `user_id`) VALUES (142, "student001");
-- INSERT INTO `reservation_user` (`reservation_id`, `user_id`) VALUES (142, "professor002");
-- INSERT INTO `reservation_user` (`reservation_id`, `user_id`) VALUES (142, "student003");
-- INSERT INTO `reservation_user` (`reservation_id`, `user_id`) VALUES (142, "professor001");
-- INSERT INTO `reservation_facility` (`reservation_id`, `facility_id`) VALUES (142, 2);

-- INSERT INTO `reservation` (`id`, `creator_id`, `start_at`, `end_at`, `plan_id`, `plan_memo`) VALUES (143, "student001", "2020-05-24 12:30:00", "2020-05-24 14:30:00", 1, "");
-- INSERT INTO `reservation_user` (`reservation_id`, `user_id`) VALUES (143, "student001");
-- INSERT INTO `reservation_facility` (`reservation_id`, `facility_id`) VALUES (143, 1);

-- INSERT INTO `reservation` (`id`, `creator_id`, `start_at`, `end_at`, `plan_id`, `plan_memo`) VALUES (144, "student002", "2020-05-24 19:30:00", "2020-05-24 22:30:00", 1, "");
-- INSERT INTO `reservation_user` (`reservation_id`, `user_id`) VALUES (144, "student002");
-- INSERT INTO `reservation_user` (`reservation_id`, `user_id`) VALUES (144, "student003");
-- INSERT INTO `reservation_user` (`reservation_id`, `user_id`) VALUES (144, "student001");
-- INSERT INTO `reservation_user` (`reservation_id`, `user_id`) VALUES (144, "professor004");
-- INSERT INTO `reservation_facility` (`reservation_id`, `facility_id`) VALUES (144, 3);

-- INSERT INTO `reservation` (`id`, `creator_id`, `start_at`, `end_at`, `plan_id`, `plan_memo`) VALUES (145, "student002", "2020-05-25 12:15:00", "2020-05-25 15:15:00", 2, "");
-- INSERT INTO `reservation_user` (`reservation_id`, `user_id`) VALUES (145, "student002");
-- INSERT INTO `reservation_facility` (`reservation_id`, `facility_id`) VALUES (145, 2);

-- INSERT INTO `reservation` (`id`, `creator_id`, `start_at`, `end_at`, `plan_id`, `plan_memo`) VALUES (146, "professor003", "2020-05-26 09:45:00", "2020-05-26 13:45:00", 2, "");
-- INSERT INTO `reservation_user` (`reservation_id`, `user_id`) VALUES (146, "professor003");
-- INSERT INTO `reservation_user` (`reservation_id`, `user_id`) VALUES (146, "student003");
-- INSERT INTO `reservation_user` (`reservation_id`, `user_id`) VALUES (146, "student002");
-- INSERT INTO `reservation_user` (`reservation_id`, `user_id`) VALUES (146, "professor004");
-- INSERT INTO `reservation_user` (`reservation_id`, `user_id`) VALUES (146, "professor001");
-- INSERT INTO `reservation_user` (`reservation_id`, `user_id`) VALUES (146, "professor002");
-- INSERT INTO `reservation_facility` (`reservation_id`, `facility_id`) VALUES (146, 1);

-- INSERT INTO `reservation` (`id`, `creator_id`, `start_at`, `end_at`, `plan_id`, `plan_memo`) VALUES (147, "student002", "2020-05-26 17:45:00", "2020-05-26 22:45:00", 2, "");
-- INSERT INTO `reservation_user` (`reservation_id`, `user_id`) VALUES (147, "student002");
-- INSERT INTO `reservation_user` (`reservation_id`, `user_id`) VALUES (147, "student001");
-- INSERT INTO `reservation_user` (`reservation_id`, `user_id`) VALUES (147, "student004");
-- INSERT INTO `reservation_user` (`reservation_id`, `user_id`) VALUES (147, "professor001");
-- INSERT INTO `reservation_facility` (`reservation_id`, `facility_id`) VALUES (147, 3);

-- INSERT INTO `reservation` (`id`, `creator_id`, `start_at`, `end_at`, `plan_id`, `plan_memo`) VALUES (148, "student001", "2020-05-28 11:00:00", "2020-05-28 13:00:00", 1, "");
-- INSERT INTO `reservation_user` (`reservation_id`, `user_id`) VALUES (148, "student001");
-- INSERT INTO `reservation_user` (`reservation_id`, `user_id`) VALUES (148, "professor004");
-- INSERT INTO `reservation_user` (`reservation_id`, `user_id`) VALUES (148, "student004");
-- INSERT INTO `reservation_user` (`reservation_id`, `user_id`) VALUES (148, "professor003");
-- INSERT INTO `reservation_user` (`reservation_id`, `user_id`) VALUES (148, "professor001");
-- INSERT INTO `reservation_user` (`reservation_id`, `user_id`) VALUES (148, "professor002");
-- INSERT INTO `reservation_facility` (`reservation_id`, `facility_id`) VALUES (148, 4);

-- INSERT INTO `reservation` (`id`, `creator_id`, `start_at`, `end_at`, `plan_id`, `plan_memo`) VALUES (149, "professor002", "2020-05-28 13:00:00", "2020-05-28 18:00:00", 2, "");
-- INSERT INTO `reservation_user` (`reservation_id`, `user_id`) VALUES (149, "professor002");
-- INSERT INTO `reservation_user` (`reservation_id`, `user_id`) VALUES (149, "professor004");
-- INSERT INTO `reservation_facility` (`reservation_id`, `facility_id`) VALUES (149, 4);

-- INSERT INTO `reservation` (`id`, `creator_id`, `start_at`, `end_at`, `plan_id`, `plan_memo`) VALUES (150, "professor004", "2020-05-29 07:15:00", "2020-05-29 09:15:00", 2, "");
-- INSERT INTO `reservation_user` (`reservation_id`, `user_id`) VALUES (150, "professor004");
-- INSERT INTO `reservation_facility` (`reservation_id`, `facility_id`) VALUES (150, 4);

-- INSERT INTO `reservation` (`id`, `creator_id`, `start_at`, `end_at`, `plan_id`, `plan_memo`) VALUES (151, "professor003", "2020-05-29 17:15:00", "2020-05-29 21:15:00", 2, "");
-- INSERT INTO `reservation_user` (`reservation_id`, `user_id`) VALUES (151, "professor003");
-- INSERT INTO `reservation_facility` (`reservation_id`, `facility_id`) VALUES (151, 4);

-- INSERT INTO `reservation` (`id`, `creator_id`, `start_at`, `end_at`, `plan_id`, `plan_memo`) VALUES (152, "student001", "2020-05-30 15:15:00", "2020-05-30 18:15:00", 2, "");
-- INSERT INTO `reservation_user` (`reservation_id`, `user_id`) VALUES (152, "student001");
-- INSERT INTO `reservation_user` (`reservation_id`, `user_id`) VALUES (152, "professor003");
-- INSERT INTO `reservation_user` (`reservation_id`, `user_id`) VALUES (152, "professor004");
-- INSERT INTO `reservation_facility` (`reservation_id`, `facility_id`) VALUES (152, 1);

-- INSERT INTO `reservation` (`id`, `creator_id`, `start_at`, `end_at`, `plan_id`, `plan_memo`) VALUES (153, "professor004", "2020-05-31 09:00:00", "2020-05-31 10:00:00", 1, "");
-- INSERT INTO `reservation_user` (`reservation_id`, `user_id`) VALUES (153, "professor004");
-- INSERT INTO `reservation_user` (`reservation_id`, `user_id`) VALUES (153, "student004");
-- INSERT INTO `reservation_user` (`reservation_id`, `user_id`) VALUES (153, "professor002");
-- INSERT INTO `reservation_user` (`reservation_id`, `user_id`) VALUES (153, "student003");
-- INSERT INTO `reservation_facility` (`reservation_id`, `facility_id`) VALUES (153, 3);

-- INSERT INTO `reservation` (`id`, `creator_id`, `start_at`, `end_at`, `plan_id`, `plan_memo`) VALUES (154, "student004", "2020-05-31 12:45:00", "2020-05-31 15:45:00", 2, "");
-- INSERT INTO `reservation_user` (`reservation_id`, `user_id`) VALUES (154, "student004");
-- INSERT INTO `reservation_facility` (`reservation_id`, `facility_id`) VALUES (154, 3);

-- INSERT INTO `reservation` (`id`, `creator_id`, `start_at`, `end_at`, `plan_id`, `plan_memo`) VALUES (155, "professor001", "2020-06-01 19:45:00", "2020-06-01 23:45:00", 2, "");
-- INSERT INTO `reservation_user` (`reservation_id`, `user_id`) VALUES (155, "professor001");
-- INSERT INTO `reservation_user` (`reservation_id`, `user_id`) VALUES (155, "professor003");
-- INSERT INTO `reservation_user` (`reservation_id`, `user_id`) VALUES (155, "student003");
-- INSERT INTO `reservation_facility` (`reservation_id`, `facility_id`) VALUES (155, 3);

-- INSERT INTO `reservation` (`id`, `creator_id`, `start_at`, `end_at`, `plan_id`, `plan_memo`) VALUES (156, "student001", "2020-06-02 11:45:00", "2020-06-02 14:45:00", 1, "");
-- INSERT INTO `reservation_user` (`reservation_id`, `user_id`) VALUES (156, "student001");
-- INSERT INTO `reservation_facility` (`reservation_id`, `facility_id`) VALUES (156, 1);

-- INSERT INTO `reservation` (`id`, `creator_id`, `start_at`, `end_at`, `plan_id`, `plan_memo`) VALUES (157, "student002", "2020-06-03 07:00:00", "2020-06-03 13:00:00", 1, "");
-- INSERT INTO `reservation_user` (`reservation_id`, `user_id`) VALUES (157, "student002");
-- INSERT INTO `reservation_user` (`reservation_id`, `user_id`) VALUES (157, "professor003");
-- INSERT INTO `reservation_facility` (`reservation_id`, `facility_id`) VALUES (157, 4);

-- INSERT INTO `reservation` (`id`, `creator_id`, `start_at`, `end_at`, `plan_id`, `plan_memo`) VALUES (158, "professor003", "2020-06-04 07:30:00", "2020-06-04 12:30:00", 1, "");
-- INSERT INTO `reservation_user` (`reservation_id`, `user_id`) VALUES (158, "professor003");
-- INSERT INTO `reservation_facility` (`reservation_id`, `facility_id`) VALUES (158, 3);

-- INSERT INTO `reservation` (`id`, `creator_id`, `start_at`, `end_at`, `plan_id`, `plan_memo`) VALUES (159, "student004", "2020-06-06 13:30:00", "2020-06-06 16:30:00", 1, "");
-- INSERT INTO `reservation_user` (`reservation_id`, `user_id`) VALUES (159, "student004");
-- INSERT INTO `reservation_user` (`reservation_id`, `user_id`) VALUES (159, "student003");
-- INSERT INTO `reservation_facility` (`reservation_id`, `facility_id`) VALUES (159, 4);

-- INSERT INTO `reservation` (`id`, `creator_id`, `start_at`, `end_at`, `plan_id`, `plan_memo`) VALUES (160, "professor003", "2020-06-07 09:30:00", "2020-06-07 14:30:00", 1, "");
-- INSERT INTO `reservation_user` (`reservation_id`, `user_id`) VALUES (160, "professor003");
-- INSERT INTO `reservation_user` (`reservation_id`, `user_id`) VALUES (160, "professor004");
-- INSERT INTO `reservation_user` (`reservation_id`, `user_id`) VALUES (160, "professor001");
-- INSERT INTO `reservation_user` (`reservation_id`, `user_id`) VALUES (160, "student001");
-- INSERT INTO `reservation_user` (`reservation_id`, `user_id`) VALUES (160, "student004");
-- INSERT INTO `reservation_user` (`reservation_id`, `user_id`) VALUES (160, "student003");
-- INSERT INTO `reservation_facility` (`reservation_id`, `facility_id`) VALUES (160, 4);

-- INSERT INTO `reservation` (`id`, `creator_id`, `start_at`, `end_at`, `plan_id`, `plan_memo`) VALUES (161, "student004", "2020-06-07 21:00:00", "2020-06-07 22:00:00", 2, "");
-- INSERT INTO `reservation_user` (`reservation_id`, `user_id`) VALUES (161, "student004");
-- INSERT INTO `reservation_user` (`reservation_id`, `user_id`) VALUES (161, "professor004");
-- INSERT INTO `reservation_user` (`reservation_id`, `user_id`) VALUES (161, "student003");
-- INSERT INTO `reservation_facility` (`reservation_id`, `facility_id`) VALUES (161, 4);

-- INSERT INTO `reservation` (`id`, `creator_id`, `start_at`, `end_at`, `plan_id`, `plan_memo`) VALUES (162, "professor001", "2020-06-08 15:00:00", "2020-06-08 19:00:00", 2, "");
-- INSERT INTO `reservation_user` (`reservation_id`, `user_id`) VALUES (162, "professor001");
-- INSERT INTO `reservation_facility` (`reservation_id`, `facility_id`) VALUES (162, 4);

-- INSERT INTO `reservation` (`id`, `creator_id`, `start_at`, `end_at`, `plan_id`, `plan_memo`) VALUES (163, "student002", "2020-06-09 13:00:00", "2020-06-09 16:00:00", 1, "");
-- INSERT INTO `reservation_user` (`reservation_id`, `user_id`) VALUES (163, "student002");
-- INSERT INTO `reservation_facility` (`reservation_id`, `facility_id`) VALUES (163, 1);

-- INSERT INTO `reservation` (`id`, `creator_id`, `start_at`, `end_at`, `plan_id`, `plan_memo`) VALUES (164, "professor001", "2020-06-09 16:30:00", "2020-06-09 19:30:00", 1, "");
-- INSERT INTO `reservation_user` (`reservation_id`, `user_id`) VALUES (164, "professor001");
-- INSERT INTO `reservation_user` (`reservation_id`, `user_id`) VALUES (164, "student003");
-- INSERT INTO `reservation_user` (`reservation_id`, `user_id`) VALUES (164, "student001");
-- INSERT INTO `reservation_user` (`reservation_id`, `user_id`) VALUES (164, "professor002");
-- INSERT INTO `reservation_user` (`reservation_id`, `user_id`) VALUES (164, "student002");
-- INSERT INTO `reservation_user` (`reservation_id`, `user_id`) VALUES (164, "professor004");
-- INSERT INTO `reservation_facility` (`reservation_id`, `facility_id`) VALUES (164, 4);

-- INSERT INTO `reservation` (`id`, `creator_id`, `start_at`, `end_at`, `plan_id`, `plan_memo`) VALUES (165, "student001", "2020-06-09 21:30:00", "2020-06-09 22:30:00", 1, "");
-- INSERT INTO `reservation_user` (`reservation_id`, `user_id`) VALUES (165, "student001");
-- INSERT INTO `reservation_user` (`reservation_id`, `user_id`) VALUES (165, "professor004");
-- INSERT INTO `reservation_user` (`reservation_id`, `user_id`) VALUES (165, "professor001");
-- INSERT INTO `reservation_user` (`reservation_id`, `user_id`) VALUES (165, "professor002");
-- INSERT INTO `reservation_user` (`reservation_id`, `user_id`) VALUES (165, "student004");
-- INSERT INTO `reservation_user` (`reservation_id`, `user_id`) VALUES (165, "student002");
-- INSERT INTO `reservation_facility` (`reservation_id`, `facility_id`) VALUES (165, 1);

-- INSERT INTO `reservation` (`id`, `creator_id`, `start_at`, `end_at`, `plan_id`, `plan_memo`) VALUES (166, "student004", "2020-06-11 13:45:00", "2020-06-11 18:45:00", 2, "");
-- INSERT INTO `reservation_user` (`reservation_id`, `user_id`) VALUES (166, "student004");
-- INSERT INTO `reservation_user` (`reservation_id`, `user_id`) VALUES (166, "professor003");
-- INSERT INTO `reservation_user` (`reservation_id`, `user_id`) VALUES (166, "professor002");
-- INSERT INTO `reservation_user` (`reservation_id`, `user_id`) VALUES (166, "student003");
-- INSERT INTO `reservation_facility` (`reservation_id`, `facility_id`) VALUES (166, 1);

-- INSERT INTO `reservation` (`id`, `creator_id`, `start_at`, `end_at`, `plan_id`, `plan_memo`) VALUES (167, "student003", "2020-06-12 20:30:00", "2020-06-12 23:30:00", 1, "");
-- INSERT INTO `reservation_user` (`reservation_id`, `user_id`) VALUES (167, "student003");
-- INSERT INTO `reservation_user` (`reservation_id`, `user_id`) VALUES (167, "student001");
-- INSERT INTO `reservation_user` (`reservation_id`, `user_id`) VALUES (167, "professor003");
-- INSERT INTO `reservation_user` (`reservation_id`, `user_id`) VALUES (167, "student004");
-- INSERT INTO `reservation_user` (`reservation_id`, `user_id`) VALUES (167, "professor001");
-- INSERT INTO `reservation_user` (`reservation_id`, `user_id`) VALUES (167, "professor002");
-- INSERT INTO `reservation_facility` (`reservation_id`, `facility_id`) VALUES (167, 1);

-- INSERT INTO `reservation` (`id`, `creator_id`, `start_at`, `end_at`, `plan_id`, `plan_memo`) VALUES (168, "professor001", "2020-06-13 18:30:00", "2020-06-13 20:30:00", 2, "");
-- INSERT INTO `reservation_user` (`reservation_id`, `user_id`) VALUES (168, "professor001");
-- INSERT INTO `reservation_user` (`reservation_id`, `user_id`) VALUES (168, "professor002");
-- INSERT INTO `reservation_user` (`reservation_id`, `user_id`) VALUES (168, "professor004");
-- INSERT INTO `reservation_user` (`reservation_id`, `user_id`) VALUES (168, "student002");
-- INSERT INTO `reservation_facility` (`reservation_id`, `facility_id`) VALUES (168, 4);

-- INSERT INTO `reservation` (`id`, `creator_id`, `start_at`, `end_at`, `plan_id`, `plan_memo`) VALUES (169, "student003", "2020-06-14 10:30:00", "2020-06-14 11:30:00", 2, "");
-- INSERT INTO `reservation_user` (`reservation_id`, `user_id`) VALUES (169, "student003");
-- INSERT INTO `reservation_user` (`reservation_id`, `user_id`) VALUES (169, "student001");
-- INSERT INTO `reservation_user` (`reservation_id`, `user_id`) VALUES (169, "student004");
-- INSERT INTO `reservation_user` (`reservation_id`, `user_id`) VALUES (169, "professor002");
-- INSERT INTO `reservation_user` (`reservation_id`, `user_id`) VALUES (169, "student002");
-- INSERT INTO `reservation_user` (`reservation_id`, `user_id`) VALUES (169, "professor004");
-- INSERT INTO `reservation_facility` (`reservation_id`, `facility_id`) VALUES (169, 2);

-- INSERT INTO `reservation` (`id`, `creator_id`, `start_at`, `end_at`, `plan_id`, `plan_memo`) VALUES (170, "student004", "2020-06-14 15:30:00", "2020-06-14 21:30:00", 2, "");
-- INSERT INTO `reservation_user` (`reservation_id`, `user_id`) VALUES (170, "student004");
-- INSERT INTO `reservation_facility` (`reservation_id`, `facility_id`) VALUES (170, 4);

-- INSERT INTO `reservation` (`id`, `creator_id`, `start_at`, `end_at`, `plan_id`, `plan_memo`) VALUES (171, "professor003", "2020-06-15 07:15:00", "2020-06-15 13:15:00", 2, "");
-- INSERT INTO `reservation_user` (`reservation_id`, `user_id`) VALUES (171, "professor003");
-- INSERT INTO `reservation_user` (`reservation_id`, `user_id`) VALUES (171, "student001");
-- INSERT INTO `reservation_user` (`reservation_id`, `user_id`) VALUES (171, "student002");
-- INSERT INTO `reservation_facility` (`reservation_id`, `facility_id`) VALUES (171, 3);

-- INSERT INTO `reservation` (`id`, `creator_id`, `start_at`, `end_at`, `plan_id`, `plan_memo`) VALUES (172, "professor004", "2020-06-17 09:15:00", "2020-06-17 13:15:00", 2, "");
-- INSERT INTO `reservation_user` (`reservation_id`, `user_id`) VALUES (172, "professor004");
-- INSERT INTO `reservation_user` (`reservation_id`, `user_id`) VALUES (172, "student001");
-- INSERT INTO `reservation_facility` (`reservation_id`, `facility_id`) VALUES (172, 1);

-- INSERT INTO `reservation` (`id`, `creator_id`, `start_at`, `end_at`, `plan_id`, `plan_memo`) VALUES (173, "student004", "2020-06-17 18:15:00", "2020-06-17 23:15:00", 2, "");
-- INSERT INTO `reservation_user` (`reservation_id`, `user_id`) VALUES (173, "student004");
-- INSERT INTO `reservation_user` (`reservation_id`, `user_id`) VALUES (173, "student002");
-- INSERT INTO `reservation_user` (`reservation_id`, `user_id`) VALUES (173, "student001");
-- INSERT INTO `reservation_user` (`reservation_id`, `user_id`) VALUES (173, "student003");
-- INSERT INTO `reservation_user` (`reservation_id`, `user_id`) VALUES (173, "professor001");
-- INSERT INTO `reservation_user` (`reservation_id`, `user_id`) VALUES (173, "professor004");
-- INSERT INTO `reservation_facility` (`reservation_id`, `facility_id`) VALUES (173, 2);

-- INSERT INTO `reservation` (`id`, `creator_id`, `start_at`, `end_at`, `plan_id`, `plan_memo`) VALUES (174, "student003", "2020-06-19 08:15:00", "2020-06-19 14:15:00", 2, "");
-- INSERT INTO `reservation_user` (`reservation_id`, `user_id`) VALUES (174, "student003");
-- INSERT INTO `reservation_user` (`reservation_id`, `user_id`) VALUES (174, "professor003");
-- INSERT INTO `reservation_facility` (`reservation_id`, `facility_id`) VALUES (174, 3);

-- INSERT INTO `reservation` (`id`, `creator_id`, `start_at`, `end_at`, `plan_id`, `plan_memo`) VALUES (175, "professor004", "2020-06-20 14:15:00", "2020-06-20 18:15:00", 1, "");
-- INSERT INTO `reservation_user` (`reservation_id`, `user_id`) VALUES (175, "professor004");
-- INSERT INTO `reservation_facility` (`reservation_id`, `facility_id`) VALUES (175, 4);

-- INSERT INTO `reservation` (`id`, `creator_id`, `start_at`, `end_at`, `plan_id`, `plan_memo`) VALUES (176, "student004", "2020-06-22 13:15:00", "2020-06-22 14:15:00", 2, "");
-- INSERT INTO `reservation_user` (`reservation_id`, `user_id`) VALUES (176, "student004");
-- INSERT INTO `reservation_facility` (`reservation_id`, `facility_id`) VALUES (176, 4);

-- INSERT INTO `reservation` (`id`, `creator_id`, `start_at`, `end_at`, `plan_id`, `plan_memo`) VALUES (177, "student002", "2020-06-22 18:15:00", "2020-06-22 22:15:00", 1, "");
-- INSERT INTO `reservation_user` (`reservation_id`, `user_id`) VALUES (177, "student002");
-- INSERT INTO `reservation_user` (`reservation_id`, `user_id`) VALUES (177, "professor001");
-- INSERT INTO `reservation_user` (`reservation_id`, `user_id`) VALUES (177, "professor002");
-- INSERT INTO `reservation_facility` (`reservation_id`, `facility_id`) VALUES (177, 2);

-- INSERT INTO `reservation` (`id`, `creator_id`, `start_at`, `end_at`, `plan_id`, `plan_memo`) VALUES (178, "professor001", "2020-06-23 11:45:00", "2020-06-23 14:45:00", 2, "");
-- INSERT INTO `reservation_user` (`reservation_id`, `user_id`) VALUES (178, "professor001");
-- INSERT INTO `reservation_facility` (`reservation_id`, `facility_id`) VALUES (178, 2);

-- INSERT INTO `reservation` (`id`, `creator_id`, `start_at`, `end_at`, `plan_id`, `plan_memo`) VALUES (179, "professor004", "2020-06-24 14:45:00", "2020-06-24 18:45:00", 2, "");
-- INSERT INTO `reservation_user` (`reservation_id`, `user_id`) VALUES (179, "professor004");
-- INSERT INTO `reservation_user` (`reservation_id`, `user_id`) VALUES (179, "professor002");
-- INSERT INTO `reservation_user` (`reservation_id`, `user_id`) VALUES (179, "student002");
-- INSERT INTO `reservation_user` (`reservation_id`, `user_id`) VALUES (179, "student004");
-- INSERT INTO `reservation_facility` (`reservation_id`, `facility_id`) VALUES (179, 4);

-- INSERT INTO `reservation` (`id`, `creator_id`, `start_at`, `end_at`, `plan_id`, `plan_memo`) VALUES (180, "student001", "2020-06-25 08:45:00", "2020-06-25 14:45:00", 2, "");
-- INSERT INTO `reservation_user` (`reservation_id`, `user_id`) VALUES (180, "student001");
-- INSERT INTO `reservation_user` (`reservation_id`, `user_id`) VALUES (180, "student003");
-- INSERT INTO `reservation_user` (`reservation_id`, `user_id`) VALUES (180, "student002");
-- INSERT INTO `reservation_facility` (`reservation_id`, `facility_id`) VALUES (180, 2);

-- INSERT INTO `reservation` (`id`, `creator_id`, `start_at`, `end_at`, `plan_id`, `plan_memo`) VALUES (181, "student001", "2020-06-25 18:45:00", "2020-06-25 21:45:00", 1, "");
-- INSERT INTO `reservation_user` (`reservation_id`, `user_id`) VALUES (181, "student001");
-- INSERT INTO `reservation_facility` (`reservation_id`, `facility_id`) VALUES (181, 1);

-- INSERT INTO `reservation` (`id`, `creator_id`, `start_at`, `end_at`, `plan_id`, `plan_memo`) VALUES (182, "student001", "2020-06-26 16:30:00", "2020-06-26 21:30:00", 2, "");
-- INSERT INTO `reservation_user` (`reservation_id`, `user_id`) VALUES (182, "student001");
-- INSERT INTO `reservation_facility` (`reservation_id`, `facility_id`) VALUES (182, 4);

-- INSERT INTO `reservation` (`id`, `creator_id`, `start_at`, `end_at`, `plan_id`, `plan_memo`) VALUES (183, "student003", "2020-06-27 17:15:00", "2020-06-27 19:15:00", 1, "");
-- INSERT INTO `reservation_user` (`reservation_id`, `user_id`) VALUES (183, "student003");
-- INSERT INTO `reservation_user` (`reservation_id`, `user_id`) VALUES (183, "professor004");
-- INSERT INTO `reservation_user` (`reservation_id`, `user_id`) VALUES (183, "student001");
-- INSERT INTO `reservation_facility` (`reservation_id`, `facility_id`) VALUES (183, 4);

-- INSERT INTO `reservation` (`id`, `creator_id`, `start_at`, `end_at`, `plan_id`, `plan_memo`) VALUES (184, "professor004", "2020-06-28 16:00:00", "2020-06-28 17:00:00", 2, "");
-- INSERT INTO `reservation_user` (`reservation_id`, `user_id`) VALUES (184, "professor004");
-- INSERT INTO `reservation_facility` (`reservation_id`, `facility_id`) VALUES (184, 1);

-- INSERT INTO `reservation` (`id`, `creator_id`, `start_at`, `end_at`, `plan_id`, `plan_memo`) VALUES (185, "student003", "2020-06-29 11:15:00", "2020-06-29 15:15:00", 2, "");
-- INSERT INTO `reservation_user` (`reservation_id`, `user_id`) VALUES (185, "student003");
-- INSERT INTO `reservation_user` (`reservation_id`, `user_id`) VALUES (185, "student002");
-- INSERT INTO `reservation_user` (`reservation_id`, `user_id`) VALUES (185, "professor003");
-- INSERT INTO `reservation_user` (`reservation_id`, `user_id`) VALUES (185, "professor002");
-- INSERT INTO `reservation_facility` (`reservation_id`, `facility_id`) VALUES (185, 3);

-- INSERT INTO `reservation` (`id`, `creator_id`, `start_at`, `end_at`, `plan_id`, `plan_memo`) VALUES (186, "professor001", "2020-06-29 21:45:00", "2020-06-29 22:45:00", 2, "");
-- INSERT INTO `reservation_user` (`reservation_id`, `user_id`) VALUES (186, "professor001");
-- INSERT INTO `reservation_user` (`reservation_id`, `user_id`) VALUES (186, "student003");
-- INSERT INTO `reservation_user` (`reservation_id`, `user_id`) VALUES (186, "professor002");
-- INSERT INTO `reservation_user` (`reservation_id`, `user_id`) VALUES (186, "student004");
-- INSERT INTO `reservation_user` (`reservation_id`, `user_id`) VALUES (186, "professor003");
-- INSERT INTO `reservation_facility` (`reservation_id`, `facility_id`) VALUES (186, 4);

-- INSERT INTO `reservation` (`id`, `creator_id`, `start_at`, `end_at`, `plan_id`, `plan_memo`) VALUES (187, "professor002", "2020-07-01 09:45:00", "2020-07-01 15:45:00", 2, "");
-- INSERT INTO `reservation_user` (`reservation_id`, `user_id`) VALUES (187, "professor002");
-- INSERT INTO `reservation_facility` (`reservation_id`, `facility_id`) VALUES (187, 1);

-- INSERT INTO `reservation` (`id`, `creator_id`, `start_at`, `end_at`, `plan_id`, `plan_memo`) VALUES (188, "professor001", "2020-07-01 19:15:00", "2020-07-01 23:15:00", 1, "");
-- INSERT INTO `reservation_user` (`reservation_id`, `user_id`) VALUES (188, "professor001");
-- INSERT INTO `reservation_facility` (`reservation_id`, `facility_id`) VALUES (188, 1);

-- INSERT INTO `reservation` (`id`, `creator_id`, `start_at`, `end_at`, `plan_id`, `plan_memo`) VALUES (189, "professor001", "2020-07-02 08:15:00", "2020-07-02 09:15:00", 1, "");
-- INSERT INTO `reservation_user` (`reservation_id`, `user_id`) VALUES (189, "professor001");
-- INSERT INTO `reservation_facility` (`reservation_id`, `facility_id`) VALUES (189, 3);

-- INSERT INTO `reservation` (`id`, `creator_id`, `start_at`, `end_at`, `plan_id`, `plan_memo`) VALUES (190, "student003", "2020-07-03 17:45:00", "2020-07-03 22:45:00", 1, "");
-- INSERT INTO `reservation_user` (`reservation_id`, `user_id`) VALUES (190, "student003");
-- INSERT INTO `reservation_user` (`reservation_id`, `user_id`) VALUES (190, "professor004");
-- INSERT INTO `reservation_user` (`reservation_id`, `user_id`) VALUES (190, "student004");
-- INSERT INTO `reservation_user` (`reservation_id`, `user_id`) VALUES (190, "student002");
-- INSERT INTO `reservation_user` (`reservation_id`, `user_id`) VALUES (190, "professor003");
-- INSERT INTO `reservation_user` (`reservation_id`, `user_id`) VALUES (190, "professor001");
-- INSERT INTO `reservation_facility` (`reservation_id`, `facility_id`) VALUES (190, 2);

-- INSERT INTO `reservation` (`id`, `creator_id`, `start_at`, `end_at`, `plan_id`, `plan_memo`) VALUES (191, "student003", "2020-07-04 09:45:00", "2020-07-04 15:45:00", 2, "");
-- INSERT INTO `reservation_user` (`reservation_id`, `user_id`) VALUES (191, "student003");
-- INSERT INTO `reservation_user` (`reservation_id`, `user_id`) VALUES (191, "student002");
-- INSERT INTO `reservation_user` (`reservation_id`, `user_id`) VALUES (191, "professor001");
-- INSERT INTO `reservation_user` (`reservation_id`, `user_id`) VALUES (191, "professor002");
-- INSERT INTO `reservation_facility` (`reservation_id`, `facility_id`) VALUES (191, 1);

-- INSERT INTO `reservation` (`id`, `creator_id`, `start_at`, `end_at`, `plan_id`, `plan_memo`) VALUES (192, "professor002", "2020-07-05 13:30:00", "2020-07-05 18:30:00", 1, "");
-- INSERT INTO `reservation_user` (`reservation_id`, `user_id`) VALUES (192, "professor002");
-- INSERT INTO `reservation_user` (`reservation_id`, `user_id`) VALUES (192, "professor003");
-- INSERT INTO `reservation_facility` (`reservation_id`, `facility_id`) VALUES (192, 2);

-- INSERT INTO `reservation` (`id`, `creator_id`, `start_at`, `end_at`, `plan_id`, `plan_memo`) VALUES (193, "student001", "2020-07-06 07:15:00", "2020-07-06 10:15:00", 2, "");
-- INSERT INTO `reservation_user` (`reservation_id`, `user_id`) VALUES (193, "student001");
-- INSERT INTO `reservation_user` (`reservation_id`, `user_id`) VALUES (193, "student002");
-- INSERT INTO `reservation_user` (`reservation_id`, `user_id`) VALUES (193, "professor002");
-- INSERT INTO `reservation_user` (`reservation_id`, `user_id`) VALUES (193, "student004");
-- INSERT INTO `reservation_user` (`reservation_id`, `user_id`) VALUES (193, "professor004");
-- INSERT INTO `reservation_user` (`reservation_id`, `user_id`) VALUES (193, "professor003");
-- INSERT INTO `reservation_facility` (`reservation_id`, `facility_id`) VALUES (193, 3);

-- INSERT INTO `reservation` (`id`, `creator_id`, `start_at`, `end_at`, `plan_id`, `plan_memo`) VALUES (194, "professor003", "2020-07-07 09:45:00", "2020-07-07 12:45:00", 2, "");
-- INSERT INTO `reservation_user` (`reservation_id`, `user_id`) VALUES (194, "professor003");
-- INSERT INTO `reservation_user` (`reservation_id`, `user_id`) VALUES (194, "professor002");
-- INSERT INTO `reservation_user` (`reservation_id`, `user_id`) VALUES (194, "professor004");
-- INSERT INTO `reservation_facility` (`reservation_id`, `facility_id`) VALUES (194, 4);

-- INSERT INTO `reservation` (`id`, `creator_id`, `start_at`, `end_at`, `plan_id`, `plan_memo`) VALUES (195, "professor004", "2020-07-07 20:30:00", "2020-07-07 21:30:00", 2, "");
-- INSERT INTO `reservation_user` (`reservation_id`, `user_id`) VALUES (195, "professor004");
-- INSERT INTO `reservation_user` (`reservation_id`, `user_id`) VALUES (195, "student002");
-- INSERT INTO `reservation_user` (`reservation_id`, `user_id`) VALUES (195, "professor001");
-- INSERT INTO `reservation_user` (`reservation_id`, `user_id`) VALUES (195, "student004");
-- INSERT INTO `reservation_facility` (`reservation_id`, `facility_id`) VALUES (195, 3);

-- INSERT INTO `reservation` (`id`, `creator_id`, `start_at`, `end_at`, `plan_id`, `plan_memo`) VALUES (196, "student004", "2020-07-08 18:00:00", "2020-07-08 19:00:00", 2, "");
-- INSERT INTO `reservation_user` (`reservation_id`, `user_id`) VALUES (196, "student004");
-- INSERT INTO `reservation_user` (`reservation_id`, `user_id`) VALUES (196, "professor002");
-- INSERT INTO `reservation_facility` (`reservation_id`, `facility_id`) VALUES (196, 1);

-- INSERT INTO `reservation` (`id`, `creator_id`, `start_at`, `end_at`, `plan_id`, `plan_memo`) VALUES (197, "professor003", "2020-07-10 09:30:00", "2020-07-10 11:30:00", 1, "");
-- INSERT INTO `reservation_user` (`reservation_id`, `user_id`) VALUES (197, "professor003");
-- INSERT INTO `reservation_user` (`reservation_id`, `user_id`) VALUES (197, "student001");
-- INSERT INTO `reservation_user` (`reservation_id`, `user_id`) VALUES (197, "student002");
-- INSERT INTO `reservation_facility` (`reservation_id`, `facility_id`) VALUES (197, 4);

-- INSERT INTO `reservation` (`id`, `creator_id`, `start_at`, `end_at`, `plan_id`, `plan_memo`) VALUES (198, "student003", "2020-07-10 13:00:00", "2020-07-10 19:00:00", 1, "");
-- INSERT INTO `reservation_user` (`reservation_id`, `user_id`) VALUES (198, "student003");
-- INSERT INTO `reservation_user` (`reservation_id`, `user_id`) VALUES (198, "professor003");
-- INSERT INTO `reservation_user` (`reservation_id`, `user_id`) VALUES (198, "student002");
-- INSERT INTO `reservation_user` (`reservation_id`, `user_id`) VALUES (198, "student004");
-- INSERT INTO `reservation_user` (`reservation_id`, `user_id`) VALUES (198, "professor001");
-- INSERT INTO `reservation_facility` (`reservation_id`, `facility_id`) VALUES (198, 4);

-- INSERT INTO `reservation` (`id`, `creator_id`, `start_at`, `end_at`, `plan_id`, `plan_memo`) VALUES (199, "professor003", "2020-07-14 08:00:00", "2020-07-14 11:00:00", 2, "");
-- INSERT INTO `reservation_user` (`reservation_id`, `user_id`) VALUES (199, "professor003");
-- INSERT INTO `reservation_user` (`reservation_id`, `user_id`) VALUES (199, "professor002");
-- INSERT INTO `reservation_facility` (`reservation_id`, `facility_id`) VALUES (199, 1);

-- INSERT INTO `reservation` (`id`, `creator_id`, `start_at`, `end_at`, `plan_id`, `plan_memo`) VALUES (200, "professor001", "2020-07-14 14:00:00", "2020-07-14 15:00:00", 2, "");
-- INSERT INTO `reservation_user` (`reservation_id`, `user_id`) VALUES (200, "professor001");
-- INSERT INTO `reservation_user` (`reservation_id`, `user_id`) VALUES (200, "professor002");
-- INSERT INTO `reservation_user` (`reservation_id`, `user_id`) VALUES (200, "student001");
-- INSERT INTO `reservation_user` (`reservation_id`, `user_id`) VALUES (200, "student004");
-- INSERT INTO `reservation_facility` (`reservation_id`, `facility_id`) VALUES (200, 3);

-- INSERT INTO `reservation` (`id`, `creator_id`, `start_at`, `end_at`, `plan_id`, `plan_memo`) VALUES (201, "professor004", "2020-07-16 08:45:00", "2020-07-16 12:45:00", 2, "");
-- INSERT INTO `reservation_user` (`reservation_id`, `user_id`) VALUES (201, "professor004");
-- INSERT INTO `reservation_user` (`reservation_id`, `user_id`) VALUES (201, "professor002");
-- INSERT INTO `reservation_user` (`reservation_id`, `user_id`) VALUES (201, "student004");
-- INSERT INTO `reservation_user` (`reservation_id`, `user_id`) VALUES (201, "student003");
-- INSERT INTO `reservation_facility` (`reservation_id`, `facility_id`) VALUES (201, 3);

-- INSERT INTO `reservation` (`id`, `creator_id`, `start_at`, `end_at`, `plan_id`, `plan_memo`) VALUES (202, "student001", "2020-07-16 16:45:00", "2020-07-16 18:45:00", 2, "");
-- INSERT INTO `reservation_user` (`reservation_id`, `user_id`) VALUES (202, "student001");
-- INSERT INTO `reservation_user` (`reservation_id`, `user_id`) VALUES (202, "student003");
-- INSERT INTO `reservation_user` (`reservation_id`, `user_id`) VALUES (202, "professor001");
-- INSERT INTO `reservation_user` (`reservation_id`, `user_id`) VALUES (202, "student002");
-- INSERT INTO `reservation_facility` (`reservation_id`, `facility_id`) VALUES (202, 2);

-- INSERT INTO `reservation` (`id`, `creator_id`, `start_at`, `end_at`, `plan_id`, `plan_memo`) VALUES (203, "professor001", "2020-07-17 17:00:00", "2020-07-17 22:00:00", 2, "");
-- INSERT INTO `reservation_user` (`reservation_id`, `user_id`) VALUES (203, "professor001");
-- INSERT INTO `reservation_user` (`reservation_id`, `user_id`) VALUES (203, "professor004");
-- INSERT INTO `reservation_user` (`reservation_id`, `user_id`) VALUES (203, "professor003");
-- INSERT INTO `reservation_user` (`reservation_id`, `user_id`) VALUES (203, "student004");
-- INSERT INTO `reservation_facility` (`reservation_id`, `facility_id`) VALUES (203, 3);

-- INSERT INTO `reservation` (`id`, `creator_id`, `start_at`, `end_at`, `plan_id`, `plan_memo`) VALUES (204, "professor003", "2020-07-18 14:45:00", "2020-07-18 18:45:00", 2, "");
-- INSERT INTO `reservation_user` (`reservation_id`, `user_id`) VALUES (204, "professor003");
-- INSERT INTO `reservation_user` (`reservation_id`, `user_id`) VALUES (204, "professor004");
-- INSERT INTO `reservation_facility` (`reservation_id`, `facility_id`) VALUES (204, 4);

-- INSERT INTO `reservation` (`id`, `creator_id`, `start_at`, `end_at`, `plan_id`, `plan_memo`) VALUES (205, "professor004", "2020-07-19 09:15:00", "2020-07-19 13:15:00", 2, "");
-- INSERT INTO `reservation_user` (`reservation_id`, `user_id`) VALUES (205, "professor004");
-- INSERT INTO `reservation_user` (`reservation_id`, `user_id`) VALUES (205, "student001");
-- INSERT INTO `reservation_user` (`reservation_id`, `user_id`) VALUES (205, "professor001");
-- INSERT INTO `reservation_user` (`reservation_id`, `user_id`) VALUES (205, "student004");
-- INSERT INTO `reservation_facility` (`reservation_id`, `facility_id`) VALUES (205, 3);

-- INSERT INTO `reservation` (`id`, `creator_id`, `start_at`, `end_at`, `plan_id`, `plan_memo`) VALUES (206, "student002", "2020-07-19 18:45:00", "2020-07-19 19:45:00", 1, "");
-- INSERT INTO `reservation_user` (`reservation_id`, `user_id`) VALUES (206, "student002");
-- INSERT INTO `reservation_user` (`reservation_id`, `user_id`) VALUES (206, "professor004");
-- INSERT INTO `reservation_facility` (`reservation_id`, `facility_id`) VALUES (206, 1);

-- INSERT INTO `reservation` (`id`, `creator_id`, `start_at`, `end_at`, `plan_id`, `plan_memo`) VALUES (207, "student002", "2020-07-20 08:30:00", "2020-07-20 11:30:00", 1, "");
-- INSERT INTO `reservation_user` (`reservation_id`, `user_id`) VALUES (207, "student002");
-- INSERT INTO `reservation_user` (`reservation_id`, `user_id`) VALUES (207, "professor002");
-- INSERT INTO `reservation_user` (`reservation_id`, `user_id`) VALUES (207, "student001");
-- INSERT INTO `reservation_facility` (`reservation_id`, `facility_id`) VALUES (207, 3);

-- INSERT INTO `reservation` (`id`, `creator_id`, `start_at`, `end_at`, `plan_id`, `plan_memo`) VALUES (208, "student004", "2020-07-20 20:30:00", "2020-07-20 23:30:00", 2, "");
-- INSERT INTO `reservation_user` (`reservation_id`, `user_id`) VALUES (208, "student004");
-- INSERT INTO `reservation_user` (`reservation_id`, `user_id`) VALUES (208, "student001");
-- INSERT INTO `reservation_user` (`reservation_id`, `user_id`) VALUES (208, "student002");
-- INSERT INTO `reservation_facility` (`reservation_id`, `facility_id`) VALUES (208, 1);

-- INSERT INTO `reservation` (`id`, `creator_id`, `start_at`, `end_at`, `plan_id`, `plan_memo`) VALUES (209, "professor003", "2020-07-21 16:45:00", "2020-07-21 20:45:00", 1, "");
-- INSERT INTO `reservation_user` (`reservation_id`, `user_id`) VALUES (209, "professor003");
-- INSERT INTO `reservation_user` (`reservation_id`, `user_id`) VALUES (209, "student002");
-- INSERT INTO `reservation_facility` (`reservation_id`, `facility_id`) VALUES (209, 1);

-- INSERT INTO `reservation` (`id`, `creator_id`, `start_at`, `end_at`, `plan_id`, `plan_memo`) VALUES (210, "professor002", "2020-07-22 07:15:00", "2020-07-22 09:15:00", 1, "");
-- INSERT INTO `reservation_user` (`reservation_id`, `user_id`) VALUES (210, "professor002");
-- INSERT INTO `reservation_user` (`reservation_id`, `user_id`) VALUES (210, "student003");
-- INSERT INTO `reservation_user` (`reservation_id`, `user_id`) VALUES (210, "student004");
-- INSERT INTO `reservation_user` (`reservation_id`, `user_id`) VALUES (210, "professor001");
-- INSERT INTO `reservation_facility` (`reservation_id`, `facility_id`) VALUES (210, 4);

-- INSERT INTO `reservation` (`id`, `creator_id`, `start_at`, `end_at`, `plan_id`, `plan_memo`) VALUES (211, "student001", "2020-07-23 18:30:00", "2020-07-23 23:30:00", 1, "");
-- INSERT INTO `reservation_user` (`reservation_id`, `user_id`) VALUES (211, "student001");
-- INSERT INTO `reservation_user` (`reservation_id`, `user_id`) VALUES (211, "professor002");
-- INSERT INTO `reservation_user` (`reservation_id`, `user_id`) VALUES (211, "professor003");
-- INSERT INTO `reservation_user` (`reservation_id`, `user_id`) VALUES (211, "professor004");
-- INSERT INTO `reservation_user` (`reservation_id`, `user_id`) VALUES (211, "student003");
-- INSERT INTO `reservation_user` (`reservation_id`, `user_id`) VALUES (211, "student004");
-- INSERT INTO `reservation_facility` (`reservation_id`, `facility_id`) VALUES (211, 4);

-- INSERT INTO `reservation` (`id`, `creator_id`, `start_at`, `end_at`, `plan_id`, `plan_memo`) VALUES (212, "student003", "2020-07-24 16:45:00", "2020-07-24 19:45:00", 2, "");
-- INSERT INTO `reservation_user` (`reservation_id`, `user_id`) VALUES (212, "student003");
-- INSERT INTO `reservation_user` (`reservation_id`, `user_id`) VALUES (212, "professor004");
-- INSERT INTO `reservation_facility` (`reservation_id`, `facility_id`) VALUES (212, 2);

-- INSERT INTO `reservation` (`id`, `creator_id`, `start_at`, `end_at`, `plan_id`, `plan_memo`) VALUES (213, "student001", "2020-07-25 10:15:00", "2020-07-25 15:15:00", 2, "");
-- INSERT INTO `reservation_user` (`reservation_id`, `user_id`) VALUES (213, "student001");
-- INSERT INTO `reservation_facility` (`reservation_id`, `facility_id`) VALUES (213, 4);

-- INSERT INTO `reservation` (`id`, `creator_id`, `start_at`, `end_at`, `plan_id`, `plan_memo`) VALUES (214, "professor002", "2020-07-26 11:45:00", "2020-07-26 17:45:00", 2, "");
-- INSERT INTO `reservation_user` (`reservation_id`, `user_id`) VALUES (214, "professor002");
-- INSERT INTO `reservation_user` (`reservation_id`, `user_id`) VALUES (214, "student002");
-- INSERT INTO `reservation_user` (`reservation_id`, `user_id`) VALUES (214, "student003");
-- INSERT INTO `reservation_user` (`reservation_id`, `user_id`) VALUES (214, "student001");
-- INSERT INTO `reservation_user` (`reservation_id`, `user_id`) VALUES (214, "professor001");
-- INSERT INTO `reservation_facility` (`reservation_id`, `facility_id`) VALUES (214, 4);

-- INSERT INTO `reservation` (`id`, `creator_id`, `start_at`, `end_at`, `plan_id`, `plan_memo`) VALUES (215, "professor004", "2020-07-29 08:15:00", "2020-07-29 14:15:00", 1, "");
-- INSERT INTO `reservation_user` (`reservation_id`, `user_id`) VALUES (215, "professor004");
-- INSERT INTO `reservation_facility` (`reservation_id`, `facility_id`) VALUES (215, 3);

-- INSERT INTO `reservation` (`id`, `creator_id`, `start_at`, `end_at`, `plan_id`, `plan_memo`) VALUES (216, "professor002", "2020-07-30 11:15:00", "2020-07-30 16:15:00", 2, "");
-- INSERT INTO `reservation_user` (`reservation_id`, `user_id`) VALUES (216, "professor002");
-- INSERT INTO `reservation_user` (`reservation_id`, `user_id`) VALUES (216, "professor004");
-- INSERT INTO `reservation_facility` (`reservation_id`, `facility_id`) VALUES (216, 1);

-- INSERT INTO `reservation` (`id`, `creator_id`, `start_at`, `end_at`, `plan_id`, `plan_memo`) VALUES (217, "student004", "2020-07-31 21:30:00", "2020-07-31 22:30:00", 2, "");
-- INSERT INTO `reservation_user` (`reservation_id`, `user_id`) VALUES (217, "student004");
-- INSERT INTO `reservation_user` (`reservation_id`, `user_id`) VALUES (217, "professor003");
-- INSERT INTO `reservation_user` (`reservation_id`, `user_id`) VALUES (217, "student003");
-- INSERT INTO `reservation_user` (`reservation_id`, `user_id`) VALUES (217, "student001");
-- INSERT INTO `reservation_user` (`reservation_id`, `user_id`) VALUES (217, "professor002");
-- INSERT INTO `reservation_facility` (`reservation_id`, `facility_id`) VALUES (217, 2);

-- INSERT INTO `reservation` (`id`, `creator_id`, `start_at`, `end_at`, `plan_id`, `plan_memo`) VALUES (218, "professor002", "2020-08-02 07:00:00", "2020-08-02 11:00:00", 2, "");
-- INSERT INTO `reservation_user` (`reservation_id`, `user_id`) VALUES (218, "professor002");
-- INSERT INTO `reservation_user` (`reservation_id`, `user_id`) VALUES (218, "professor003");
-- INSERT INTO `reservation_user` (`reservation_id`, `user_id`) VALUES (218, "student002");
-- INSERT INTO `reservation_user` (`reservation_id`, `user_id`) VALUES (218, "student001");
-- INSERT INTO `reservation_user` (`reservation_id`, `user_id`) VALUES (218, "student003");
-- INSERT INTO `reservation_facility` (`reservation_id`, `facility_id`) VALUES (218, 1);

-- INSERT INTO `reservation` (`id`, `creator_id`, `start_at`, `end_at`, `plan_id`, `plan_memo`) VALUES (219, "student001", "2020-08-03 08:00:00", "2020-08-03 09:00:00", 1, "");
-- INSERT INTO `reservation_user` (`reservation_id`, `user_id`) VALUES (219, "student001");
-- INSERT INTO `reservation_facility` (`reservation_id`, `facility_id`) VALUES (219, 1);

-- INSERT INTO `reservation` (`id`, `creator_id`, `start_at`, `end_at`, `plan_id`, `plan_memo`) VALUES (220, "professor003", "2020-08-04 09:30:00", "2020-08-04 11:30:00", 1, "");
-- INSERT INTO `reservation_user` (`reservation_id`, `user_id`) VALUES (220, "professor003");
-- INSERT INTO `reservation_user` (`reservation_id`, `user_id`) VALUES (220, "student004");
-- INSERT INTO `reservation_user` (`reservation_id`, `user_id`) VALUES (220, "student001");
-- INSERT INTO `reservation_user` (`reservation_id`, `user_id`) VALUES (220, "student003");
-- INSERT INTO `reservation_facility` (`reservation_id`, `facility_id`) VALUES (220, 4);

-- INSERT INTO `reservation` (`id`, `creator_id`, `start_at`, `end_at`, `plan_id`, `plan_memo`) VALUES (221, "professor001", "2020-08-04 13:45:00", "2020-08-04 19:45:00", 2, "");
-- INSERT INTO `reservation_user` (`reservation_id`, `user_id`) VALUES (221, "professor001");
-- INSERT INTO `reservation_facility` (`reservation_id`, `facility_id`) VALUES (221, 1);

-- INSERT INTO `reservation` (`id`, `creator_id`, `start_at`, `end_at`, `plan_id`, `plan_memo`) VALUES (222, "professor002", "2020-08-05 08:15:00", "2020-08-05 09:15:00", 1, "");
-- INSERT INTO `reservation_user` (`reservation_id`, `user_id`) VALUES (222, "professor002");
-- INSERT INTO `reservation_user` (`reservation_id`, `user_id`) VALUES (222, "student001");
-- INSERT INTO `reservation_user` (`reservation_id`, `user_id`) VALUES (222, "professor004");
-- INSERT INTO `reservation_facility` (`reservation_id`, `facility_id`) VALUES (222, 4);

-- INSERT INTO `reservation` (`id`, `creator_id`, `start_at`, `end_at`, `plan_id`, `plan_memo`) VALUES (223, "professor003", "2020-08-05 14:45:00", "2020-08-05 19:45:00", 1, "");
-- INSERT INTO `reservation_user` (`reservation_id`, `user_id`) VALUES (223, "professor003");
-- INSERT INTO `reservation_facility` (`reservation_id`, `facility_id`) VALUES (223, 4);

-- INSERT INTO `reservation` (`id`, `creator_id`, `start_at`, `end_at`, `plan_id`, `plan_memo`) VALUES (224, "student002", "2020-08-06 15:45:00", "2020-08-06 17:45:00", 2, "");
-- INSERT INTO `reservation_user` (`reservation_id`, `user_id`) VALUES (224, "student002");
-- INSERT INTO `reservation_user` (`reservation_id`, `user_id`) VALUES (224, "professor002");
-- INSERT INTO `reservation_user` (`reservation_id`, `user_id`) VALUES (224, "student001");
-- INSERT INTO `reservation_facility` (`reservation_id`, `facility_id`) VALUES (224, 1);

-- INSERT INTO `reservation` (`id`, `creator_id`, `start_at`, `end_at`, `plan_id`, `plan_memo`) VALUES (225, "professor003", "2020-08-07 16:15:00", "2020-08-07 17:15:00", 1, "");
-- INSERT INTO `reservation_user` (`reservation_id`, `user_id`) VALUES (225, "professor003");
-- INSERT INTO `reservation_user` (`reservation_id`, `user_id`) VALUES (225, "professor004");
-- INSERT INTO `reservation_user` (`reservation_id`, `user_id`) VALUES (225, "student001");
-- INSERT INTO `reservation_facility` (`reservation_id`, `facility_id`) VALUES (225, 4);

-- INSERT INTO `reservation` (`id`, `creator_id`, `start_at`, `end_at`, `plan_id`, `plan_memo`) VALUES (226, "professor002", "2020-08-08 09:00:00", "2020-08-08 10:00:00", 1, "");
-- INSERT INTO `reservation_user` (`reservation_id`, `user_id`) VALUES (226, "professor002");
-- INSERT INTO `reservation_user` (`reservation_id`, `user_id`) VALUES (226, "student002");
-- INSERT INTO `reservation_user` (`reservation_id`, `user_id`) VALUES (226, "professor004");
-- INSERT INTO `reservation_facility` (`reservation_id`, `facility_id`) VALUES (226, 3);

-- INSERT INTO `reservation` (`id`, `creator_id`, `start_at`, `end_at`, `plan_id`, `plan_memo`) VALUES (227, "student001", "2020-08-09 18:00:00", "2020-08-09 21:00:00", 2, "");
-- INSERT INTO `reservation_user` (`reservation_id`, `user_id`) VALUES (227, "student001");
-- INSERT INTO `reservation_user` (`reservation_id`, `user_id`) VALUES (227, "professor002");
-- INSERT INTO `reservation_user` (`reservation_id`, `user_id`) VALUES (227, "professor001");
-- INSERT INTO `reservation_user` (`reservation_id`, `user_id`) VALUES (227, "professor003");
-- INSERT INTO `reservation_facility` (`reservation_id`, `facility_id`) VALUES (227, 1);

-- INSERT INTO `reservation` (`id`, `creator_id`, `start_at`, `end_at`, `plan_id`, `plan_memo`) VALUES (228, "professor002", "2020-08-13 09:00:00", "2020-08-13 15:00:00", 2, "");
-- INSERT INTO `reservation_user` (`reservation_id`, `user_id`) VALUES (228, "professor002");
-- INSERT INTO `reservation_user` (`reservation_id`, `user_id`) VALUES (228, "student001");
-- INSERT INTO `reservation_user` (`reservation_id`, `user_id`) VALUES (228, "professor004");
-- INSERT INTO `reservation_user` (`reservation_id`, `user_id`) VALUES (228, "student002");
-- INSERT INTO `reservation_user` (`reservation_id`, `user_id`) VALUES (228, "student003");
-- INSERT INTO `reservation_facility` (`reservation_id`, `facility_id`) VALUES (228, 4);

-- INSERT INTO `reservation` (`id`, `creator_id`, `start_at`, `end_at`, `plan_id`, `plan_memo`) VALUES (229, "professor004", "2020-08-15 08:30:00", "2020-08-15 14:30:00", 2, "");
-- INSERT INTO `reservation_user` (`reservation_id`, `user_id`) VALUES (229, "professor004");
-- INSERT INTO `reservation_facility` (`reservation_id`, `facility_id`) VALUES (229, 4);

-- INSERT INTO `reservation` (`id`, `creator_id`, `start_at`, `end_at`, `plan_id`, `plan_memo`) VALUES (230, "professor001", "2020-08-15 15:45:00", "2020-08-15 20:45:00", 1, "");
-- INSERT INTO `reservation_user` (`reservation_id`, `user_id`) VALUES (230, "professor001");
-- INSERT INTO `reservation_facility` (`reservation_id`, `facility_id`) VALUES (230, 1);

-- INSERT INTO `reservation` (`id`, `creator_id`, `start_at`, `end_at`, `plan_id`, `plan_memo`) VALUES (231, "student002", "2020-08-18 09:15:00", "2020-08-18 11:15:00", 2, "");
-- INSERT INTO `reservation_user` (`reservation_id`, `user_id`) VALUES (231, "student002");
-- INSERT INTO `reservation_user` (`reservation_id`, `user_id`) VALUES (231, "professor004");
-- INSERT INTO `reservation_user` (`reservation_id`, `user_id`) VALUES (231, "professor001");
-- INSERT INTO `reservation_user` (`reservation_id`, `user_id`) VALUES (231, "student001");
-- INSERT INTO `reservation_user` (`reservation_id`, `user_id`) VALUES (231, "student003");
-- INSERT INTO `reservation_facility` (`reservation_id`, `facility_id`) VALUES (231, 3);

-- INSERT INTO `reservation` (`id`, `creator_id`, `start_at`, `end_at`, `plan_id`, `plan_memo`) VALUES (232, "student004", "2020-08-18 17:15:00", "2020-08-18 18:15:00", 1, "");
-- INSERT INTO `reservation_user` (`reservation_id`, `user_id`) VALUES (232, "student004");
-- INSERT INTO `reservation_facility` (`reservation_id`, `facility_id`) VALUES (232, 1);

-- INSERT INTO `reservation` (`id`, `creator_id`, `start_at`, `end_at`, `plan_id`, `plan_memo`) VALUES (233, "professor001", "2020-08-19 12:00:00", "2020-08-19 15:00:00", 2, "");
-- INSERT INTO `reservation_user` (`reservation_id`, `user_id`) VALUES (233, "professor001");
-- INSERT INTO `reservation_user` (`reservation_id`, `user_id`) VALUES (233, "student004");
-- INSERT INTO `reservation_user` (`reservation_id`, `user_id`) VALUES (233, "professor003");
-- INSERT INTO `reservation_facility` (`reservation_id`, `facility_id`) VALUES (233, 2);

-- INSERT INTO `reservation` (`id`, `creator_id`, `start_at`, `end_at`, `plan_id`, `plan_memo`) VALUES (234, "professor003", "2020-08-19 19:00:00", "2020-08-19 23:00:00", 2, "");
-- INSERT INTO `reservation_user` (`reservation_id`, `user_id`) VALUES (234, "professor003");
-- INSERT INTO `reservation_user` (`reservation_id`, `user_id`) VALUES (234, "student004");
-- INSERT INTO `reservation_user` (`reservation_id`, `user_id`) VALUES (234, "student003");
-- INSERT INTO `reservation_user` (`reservation_id`, `user_id`) VALUES (234, "student001");
-- INSERT INTO `reservation_facility` (`reservation_id`, `facility_id`) VALUES (234, 2);

-- INSERT INTO `reservation` (`id`, `creator_id`, `start_at`, `end_at`, `plan_id`, `plan_memo`) VALUES (235, "student002", "2020-08-20 16:30:00", "2020-08-20 19:30:00", 1, "");
-- INSERT INTO `reservation_user` (`reservation_id`, `user_id`) VALUES (235, "student002");
-- INSERT INTO `reservation_user` (`reservation_id`, `user_id`) VALUES (235, "professor003");
-- INSERT INTO `reservation_user` (`reservation_id`, `user_id`) VALUES (235, "student001");
-- INSERT INTO `reservation_user` (`reservation_id`, `user_id`) VALUES (235, "student004");
-- INSERT INTO `reservation_user` (`reservation_id`, `user_id`) VALUES (235, "student003");
-- INSERT INTO `reservation_facility` (`reservation_id`, `facility_id`) VALUES (235, 1);

-- INSERT INTO `reservation` (`id`, `creator_id`, `start_at`, `end_at`, `plan_id`, `plan_memo`) VALUES (236, "professor002", "2020-08-21 12:30:00", "2020-08-21 15:30:00", 1, "");
-- INSERT INTO `reservation_user` (`reservation_id`, `user_id`) VALUES (236, "professor002");
-- INSERT INTO `reservation_user` (`reservation_id`, `user_id`) VALUES (236, "professor004");
-- INSERT INTO `reservation_user` (`reservation_id`, `user_id`) VALUES (236, "student004");
-- INSERT INTO `reservation_user` (`reservation_id`, `user_id`) VALUES (236, "professor003");
-- INSERT INTO `reservation_facility` (`reservation_id`, `facility_id`) VALUES (236, 2);

-- INSERT INTO `reservation` (`id`, `creator_id`, `start_at`, `end_at`, `plan_id`, `plan_memo`) VALUES (237, "student003", "2020-08-22 10:45:00", "2020-08-22 13:45:00", 1, "");
-- INSERT INTO `reservation_user` (`reservation_id`, `user_id`) VALUES (237, "student003");
-- INSERT INTO `reservation_user` (`reservation_id`, `user_id`) VALUES (237, "student004");
-- INSERT INTO `reservation_user` (`reservation_id`, `user_id`) VALUES (237, "student002");
-- INSERT INTO `reservation_user` (`reservation_id`, `user_id`) VALUES (237, "professor003");
-- INSERT INTO `reservation_user` (`reservation_id`, `user_id`) VALUES (237, "professor002");
-- INSERT INTO `reservation_user` (`reservation_id`, `user_id`) VALUES (237, "professor004");
-- INSERT INTO `reservation_facility` (`reservation_id`, `facility_id`) VALUES (237, 3);

-- INSERT INTO `reservation` (`id`, `creator_id`, `start_at`, `end_at`, `plan_id`, `plan_memo`) VALUES (238, "student002", "2020-08-23 08:45:00", "2020-08-23 13:45:00", 2, "");
-- INSERT INTO `reservation_user` (`reservation_id`, `user_id`) VALUES (238, "student002");
-- INSERT INTO `reservation_user` (`reservation_id`, `user_id`) VALUES (238, "student004");
-- INSERT INTO `reservation_facility` (`reservation_id`, `facility_id`) VALUES (238, 4);

-- INSERT INTO `reservation` (`id`, `creator_id`, `start_at`, `end_at`, `plan_id`, `plan_memo`) VALUES (239, "professor003", "2020-08-23 15:30:00", "2020-08-23 18:30:00", 1, "");
-- INSERT INTO `reservation_user` (`reservation_id`, `user_id`) VALUES (239, "professor003");
-- INSERT INTO `reservation_user` (`reservation_id`, `user_id`) VALUES (239, "student002");
-- INSERT INTO `reservation_user` (`reservation_id`, `user_id`) VALUES (239, "student003");
-- INSERT INTO `reservation_user` (`reservation_id`, `user_id`) VALUES (239, "professor002");
-- INSERT INTO `reservation_facility` (`reservation_id`, `facility_id`) VALUES (239, 1);

-- INSERT INTO `reservation` (`id`, `creator_id`, `start_at`, `end_at`, `plan_id`, `plan_memo`) VALUES (240, "professor004", "2020-08-23 18:45:00", "2020-08-23 21:45:00", 2, "");
-- INSERT INTO `reservation_user` (`reservation_id`, `user_id`) VALUES (240, "professor004");
-- INSERT INTO `reservation_user` (`reservation_id`, `user_id`) VALUES (240, "student003");
-- INSERT INTO `reservation_facility` (`reservation_id`, `facility_id`) VALUES (240, 1);

-- INSERT INTO `reservation` (`id`, `creator_id`, `start_at`, `end_at`, `plan_id`, `plan_memo`) VALUES (241, "student004", "2020-08-24 08:45:00", "2020-08-24 14:45:00", 1, "");
-- INSERT INTO `reservation_user` (`reservation_id`, `user_id`) VALUES (241, "student004");
-- INSERT INTO `reservation_user` (`reservation_id`, `user_id`) VALUES (241, "professor002");
-- INSERT INTO `reservation_user` (`reservation_id`, `user_id`) VALUES (241, "student003");
-- INSERT INTO `reservation_user` (`reservation_id`, `user_id`) VALUES (241, "professor001");
-- INSERT INTO `reservation_user` (`reservation_id`, `user_id`) VALUES (241, "professor004");
-- INSERT INTO `reservation_facility` (`reservation_id`, `facility_id`) VALUES (241, 1);

-- INSERT INTO `reservation` (`id`, `creator_id`, `start_at`, `end_at`, `plan_id`, `plan_memo`) VALUES (242, "student001", "2020-08-25 08:15:00", "2020-08-25 09:15:00", 2, "");
-- INSERT INTO `reservation_user` (`reservation_id`, `user_id`) VALUES (242, "student001");
-- INSERT INTO `reservation_user` (`reservation_id`, `user_id`) VALUES (242, "professor003");
-- INSERT INTO `reservation_user` (`reservation_id`, `user_id`) VALUES (242, "student004");
-- INSERT INTO `reservation_user` (`reservation_id`, `user_id`) VALUES (242, "professor004");
-- INSERT INTO `reservation_facility` (`reservation_id`, `facility_id`) VALUES (242, 1);

-- INSERT INTO `reservation` (`id`, `creator_id`, `start_at`, `end_at`, `plan_id`, `plan_memo`) VALUES (243, "student001", "2020-08-25 16:45:00", "2020-08-25 21:45:00", 1, "");
-- INSERT INTO `reservation_user` (`reservation_id`, `user_id`) VALUES (243, "student001");
-- INSERT INTO `reservation_user` (`reservation_id`, `user_id`) VALUES (243, "student003");
-- INSERT INTO `reservation_user` (`reservation_id`, `user_id`) VALUES (243, "professor004");
-- INSERT INTO `reservation_user` (`reservation_id`, `user_id`) VALUES (243, "professor001");
-- INSERT INTO `reservation_facility` (`reservation_id`, `facility_id`) VALUES (243, 3);

-- INSERT INTO `reservation` (`id`, `creator_id`, `start_at`, `end_at`, `plan_id`, `plan_memo`) VALUES (244, "student004", "2020-08-28 16:45:00", "2020-08-28 17:45:00", 2, "");
-- INSERT INTO `reservation_user` (`reservation_id`, `user_id`) VALUES (244, "student004");
-- INSERT INTO `reservation_user` (`reservation_id`, `user_id`) VALUES (244, "professor004");
-- INSERT INTO `reservation_user` (`reservation_id`, `user_id`) VALUES (244, "student003");
-- INSERT INTO `reservation_user` (`reservation_id`, `user_id`) VALUES (244, "professor002");
-- INSERT INTO `reservation_user` (`reservation_id`, `user_id`) VALUES (244, "professor001");
-- INSERT INTO `reservation_user` (`reservation_id`, `user_id`) VALUES (244, "student001");
-- INSERT INTO `reservation_facility` (`reservation_id`, `facility_id`) VALUES (244, 2);

-- INSERT INTO `reservation` (`id`, `creator_id`, `start_at`, `end_at`, `plan_id`, `plan_memo`) VALUES (245, "professor004", "2020-08-29 10:15:00", "2020-08-29 14:15:00", 2, "");
-- INSERT INTO `reservation_user` (`reservation_id`, `user_id`) VALUES (245, "professor004");
-- INSERT INTO `reservation_user` (`reservation_id`, `user_id`) VALUES (245, "professor002");
-- INSERT INTO `reservation_user` (`reservation_id`, `user_id`) VALUES (245, "student003");
-- INSERT INTO `reservation_user` (`reservation_id`, `user_id`) VALUES (245, "professor001");
-- INSERT INTO `reservation_user` (`reservation_id`, `user_id`) VALUES (245, "professor003");
-- INSERT INTO `reservation_facility` (`reservation_id`, `facility_id`) VALUES (245, 4);

-- INSERT INTO `reservation` (`id`, `creator_id`, `start_at`, `end_at`, `plan_id`, `plan_memo`) VALUES (246, "student002", "2020-08-30 16:15:00", "2020-08-30 20:15:00", 1, "");
-- INSERT INTO `reservation_user` (`reservation_id`, `user_id`) VALUES (246, "student002");
-- INSERT INTO `reservation_user` (`reservation_id`, `user_id`) VALUES (246, "student001");
-- INSERT INTO `reservation_user` (`reservation_id`, `user_id`) VALUES (246, "professor004");
-- INSERT INTO `reservation_user` (`reservation_id`, `user_id`) VALUES (246, "professor002");
-- INSERT INTO `reservation_user` (`reservation_id`, `user_id`) VALUES (246, "student003");
-- INSERT INTO `reservation_user` (`reservation_id`, `user_id`) VALUES (246, "professor001");
-- INSERT INTO `reservation_facility` (`reservation_id`, `facility_id`) VALUES (246, 2);

-- INSERT INTO `reservation` (`id`, `creator_id`, `start_at`, `end_at`, `plan_id`, `plan_memo`) VALUES (247, "professor003", "2020-08-30 20:30:00", "2020-08-30 22:30:00", 1, "");
-- INSERT INTO `reservation_user` (`reservation_id`, `user_id`) VALUES (247, "professor003");
-- INSERT INTO `reservation_user` (`reservation_id`, `user_id`) VALUES (247, "professor001");
-- INSERT INTO `reservation_user` (`reservation_id`, `user_id`) VALUES (247, "student004");
-- INSERT INTO `reservation_user` (`reservation_id`, `user_id`) VALUES (247, "professor004");
-- INSERT INTO `reservation_user` (`reservation_id`, `user_id`) VALUES (247, "student001");
-- INSERT INTO `reservation_facility` (`reservation_id`, `facility_id`) VALUES (247, 3);

-- INSERT INTO `reservation` (`id`, `creator_id`, `start_at`, `end_at`, `plan_id`, `plan_memo`) VALUES (248, "student001", "2020-09-04 20:45:00", "2020-09-04 21:45:00", 2, "");
-- INSERT INTO `reservation_user` (`reservation_id`, `user_id`) VALUES (248, "student001");
-- INSERT INTO `reservation_user` (`reservation_id`, `user_id`) VALUES (248, "professor004");
-- INSERT INTO `reservation_user` (`reservation_id`, `user_id`) VALUES (248, "student002");
-- INSERT INTO `reservation_user` (`reservation_id`, `user_id`) VALUES (248, "professor002");
-- INSERT INTO `reservation_user` (`reservation_id`, `user_id`) VALUES (248, "professor003");
-- INSERT INTO `reservation_facility` (`reservation_id`, `facility_id`) VALUES (248, 3);

-- INSERT INTO `reservation` (`id`, `creator_id`, `start_at`, `end_at`, `plan_id`, `plan_memo`) VALUES (249, "professor004", "2020-09-06 16:30:00", "2020-09-06 17:30:00", 2, "");
-- INSERT INTO `reservation_user` (`reservation_id`, `user_id`) VALUES (249, "professor004");
-- INSERT INTO `reservation_facility` (`reservation_id`, `facility_id`) VALUES (249, 2);

-- INSERT INTO `reservation` (`id`, `creator_id`, `start_at`, `end_at`, `plan_id`, `plan_memo`) VALUES (250, "professor004", "2020-09-07 13:30:00", "2020-09-07 18:30:00", 1, "");
-- INSERT INTO `reservation_user` (`reservation_id`, `user_id`) VALUES (250, "professor004");
-- INSERT INTO `reservation_facility` (`reservation_id`, `facility_id`) VALUES (250, 4);

-- INSERT INTO `reservation` (`id`, `creator_id`, `start_at`, `end_at`, `plan_id`, `plan_memo`) VALUES (251, "student003", "2020-09-09 07:15:00", "2020-09-09 08:15:00", 1, "");
-- INSERT INTO `reservation_user` (`reservation_id`, `user_id`) VALUES (251, "student003");
-- INSERT INTO `reservation_facility` (`reservation_id`, `facility_id`) VALUES (251, 3);

-- INSERT INTO `reservation` (`id`, `creator_id`, `start_at`, `end_at`, `plan_id`, `plan_memo`) VALUES (252, "professor001", "2020-09-09 13:30:00", "2020-09-09 18:30:00", 2, "");
-- INSERT INTO `reservation_user` (`reservation_id`, `user_id`) VALUES (252, "professor001");
-- INSERT INTO `reservation_facility` (`reservation_id`, `facility_id`) VALUES (252, 3);

-- INSERT INTO `reservation` (`id`, `creator_id`, `start_at`, `end_at`, `plan_id`, `plan_memo`) VALUES (253, "student002", "2020-09-11 21:45:00", "2020-09-11 23:45:00", 2, "");
-- INSERT INTO `reservation_user` (`reservation_id`, `user_id`) VALUES (253, "student002");
-- INSERT INTO `reservation_user` (`reservation_id`, `user_id`) VALUES (253, "professor003");
-- INSERT INTO `reservation_user` (`reservation_id`, `user_id`) VALUES (253, "professor002");
-- INSERT INTO `reservation_facility` (`reservation_id`, `facility_id`) VALUES (253, 2);

-- INSERT INTO `reservation` (`id`, `creator_id`, `start_at`, `end_at`, `plan_id`, `plan_memo`) VALUES (254, "professor004", "2020-09-12 08:45:00", "2020-09-12 10:45:00", 1, "");
-- INSERT INTO `reservation_user` (`reservation_id`, `user_id`) VALUES (254, "professor004");
-- INSERT INTO `reservation_user` (`reservation_id`, `user_id`) VALUES (254, "student002");
-- INSERT INTO `reservation_user` (`reservation_id`, `user_id`) VALUES (254, "professor003");
-- INSERT INTO `reservation_user` (`reservation_id`, `user_id`) VALUES (254, "student004");
-- INSERT INTO `reservation_facility` (`reservation_id`, `facility_id`) VALUES (254, 1);

-- INSERT INTO `reservation` (`id`, `creator_id`, `start_at`, `end_at`, `plan_id`, `plan_memo`) VALUES (255, "student002", "2020-09-12 17:15:00", "2020-09-12 23:15:00", 1, "");
-- INSERT INTO `reservation_user` (`reservation_id`, `user_id`) VALUES (255, "student002");
-- INSERT INTO `reservation_facility` (`reservation_id`, `facility_id`) VALUES (255, 4);

-- INSERT INTO `reservation` (`id`, `creator_id`, `start_at`, `end_at`, `plan_id`, `plan_memo`) VALUES (256, "student001", "2020-09-14 12:15:00", "2020-09-14 18:15:00", 2, "");
-- INSERT INTO `reservation_user` (`reservation_id`, `user_id`) VALUES (256, "student001");
-- INSERT INTO `reservation_user` (`reservation_id`, `user_id`) VALUES (256, "professor001");
-- INSERT INTO `reservation_user` (`reservation_id`, `user_id`) VALUES (256, "student002");
-- INSERT INTO `reservation_facility` (`reservation_id`, `facility_id`) VALUES (256, 4);

-- INSERT INTO `reservation` (`id`, `creator_id`, `start_at`, `end_at`, `plan_id`, `plan_memo`) VALUES (257, "student003", "2020-09-15 13:45:00", "2020-09-15 15:45:00", 1, "");
-- INSERT INTO `reservation_user` (`reservation_id`, `user_id`) VALUES (257, "student003");
-- INSERT INTO `reservation_user` (`reservation_id`, `user_id`) VALUES (257, "professor002");
-- INSERT INTO `reservation_facility` (`reservation_id`, `facility_id`) VALUES (257, 2);

-- INSERT INTO `reservation` (`id`, `creator_id`, `start_at`, `end_at`, `plan_id`, `plan_memo`) VALUES (258, "student004", "2020-09-17 08:45:00", "2020-09-17 10:45:00", 1, "");
-- INSERT INTO `reservation_user` (`reservation_id`, `user_id`) VALUES (258, "student004");
-- INSERT INTO `reservation_user` (`reservation_id`, `user_id`) VALUES (258, "professor002");
-- INSERT INTO `reservation_user` (`reservation_id`, `user_id`) VALUES (258, "professor001");
-- INSERT INTO `reservation_user` (`reservation_id`, `user_id`) VALUES (258, "professor004");
-- INSERT INTO `reservation_user` (`reservation_id`, `user_id`) VALUES (258, "student001");
-- INSERT INTO `reservation_user` (`reservation_id`, `user_id`) VALUES (258, "student002");
-- INSERT INTO `reservation_facility` (`reservation_id`, `facility_id`) VALUES (258, 2);

-- INSERT INTO `reservation` (`id`, `creator_id`, `start_at`, `end_at`, `plan_id`, `plan_memo`) VALUES (259, "student003", "2020-09-17 10:45:00", "2020-09-17 11:45:00", 1, "");
-- INSERT INTO `reservation_user` (`reservation_id`, `user_id`) VALUES (259, "student003");
-- INSERT INTO `reservation_user` (`reservation_id`, `user_id`) VALUES (259, "professor004");
-- INSERT INTO `reservation_user` (`reservation_id`, `user_id`) VALUES (259, "professor003");
-- INSERT INTO `reservation_user` (`reservation_id`, `user_id`) VALUES (259, "professor001");
-- INSERT INTO `reservation_facility` (`reservation_id`, `facility_id`) VALUES (259, 4);

-- INSERT INTO `reservation` (`id`, `creator_id`, `start_at`, `end_at`, `plan_id`, `plan_memo`) VALUES (260, "student001", "2020-09-17 12:30:00", "2020-09-17 17:30:00", 2, "");
-- INSERT INTO `reservation_user` (`reservation_id`, `user_id`) VALUES (260, "student001");
-- INSERT INTO `reservation_user` (`reservation_id`, `user_id`) VALUES (260, "student003");
-- INSERT INTO `reservation_user` (`reservation_id`, `user_id`) VALUES (260, "professor003");
-- INSERT INTO `reservation_user` (`reservation_id`, `user_id`) VALUES (260, "professor002");
-- INSERT INTO `reservation_user` (`reservation_id`, `user_id`) VALUES (260, "professor001");
-- INSERT INTO `reservation_user` (`reservation_id`, `user_id`) VALUES (260, "student002");
-- INSERT INTO `reservation_facility` (`reservation_id`, `facility_id`) VALUES (260, 4);

-- INSERT INTO `reservation` (`id`, `creator_id`, `start_at`, `end_at`, `plan_id`, `plan_memo`) VALUES (261, "professor002", "2020-09-21 14:45:00", "2020-09-21 17:45:00", 1, "");
-- INSERT INTO `reservation_user` (`reservation_id`, `user_id`) VALUES (261, "professor002");
-- INSERT INTO `reservation_facility` (`reservation_id`, `facility_id`) VALUES (261, 3);

-- INSERT INTO `reservation` (`id`, `creator_id`, `start_at`, `end_at`, `plan_id`, `plan_memo`) VALUES (262, "professor003", "2020-09-22 12:30:00", "2020-09-22 18:30:00", 2, "");
-- INSERT INTO `reservation_user` (`reservation_id`, `user_id`) VALUES (262, "professor003");
-- INSERT INTO `reservation_user` (`reservation_id`, `user_id`) VALUES (262, "professor002");
-- INSERT INTO `reservation_user` (`reservation_id`, `user_id`) VALUES (262, "professor004");
-- INSERT INTO `reservation_user` (`reservation_id`, `user_id`) VALUES (262, "student003");
-- INSERT INTO `reservation_facility` (`reservation_id`, `facility_id`) VALUES (262, 3);

-- INSERT INTO `reservation` (`id`, `creator_id`, `start_at`, `end_at`, `plan_id`, `plan_memo`) VALUES (263, "professor003", "2020-09-23 14:00:00", "2020-09-23 20:00:00", 1, "");
-- INSERT INTO `reservation_user` (`reservation_id`, `user_id`) VALUES (263, "professor003");
-- INSERT INTO `reservation_user` (`reservation_id`, `user_id`) VALUES (263, "student004");
-- INSERT INTO `reservation_user` (`reservation_id`, `user_id`) VALUES (263, "professor001");
-- INSERT INTO `reservation_user` (`reservation_id`, `user_id`) VALUES (263, "student003");
-- INSERT INTO `reservation_user` (`reservation_id`, `user_id`) VALUES (263, "student001");
-- INSERT INTO `reservation_user` (`reservation_id`, `user_id`) VALUES (263, "professor002");
-- INSERT INTO `reservation_facility` (`reservation_id`, `facility_id`) VALUES (263, 2);

-- INSERT INTO `reservation` (`id`, `creator_id`, `start_at`, `end_at`, `plan_id`, `plan_memo`) VALUES (264, "student004", "2020-09-24 09:00:00", "2020-09-24 12:00:00", 1, "");
-- INSERT INTO `reservation_user` (`reservation_id`, `user_id`) VALUES (264, "student004");
-- INSERT INTO `reservation_facility` (`reservation_id`, `facility_id`) VALUES (264, 3);

-- INSERT INTO `reservation` (`id`, `creator_id`, `start_at`, `end_at`, `plan_id`, `plan_memo`) VALUES (265, "student004", "2020-09-24 19:00:00", "2020-09-24 22:00:00", 2, "");
-- INSERT INTO `reservation_user` (`reservation_id`, `user_id`) VALUES (265, "student004");
-- INSERT INTO `reservation_user` (`reservation_id`, `user_id`) VALUES (265, "student003");
-- INSERT INTO `reservation_user` (`reservation_id`, `user_id`) VALUES (265, "professor003");
-- INSERT INTO `reservation_facility` (`reservation_id`, `facility_id`) VALUES (265, 1);

-- INSERT INTO `reservation` (`id`, `creator_id`, `start_at`, `end_at`, `plan_id`, `plan_memo`) VALUES (266, "professor001", "2020-09-25 10:15:00", "2020-09-25 12:15:00", 2, "");
-- INSERT INTO `reservation_user` (`reservation_id`, `user_id`) VALUES (266, "professor001");
-- INSERT INTO `reservation_facility` (`reservation_id`, `facility_id`) VALUES (266, 3);

-- INSERT INTO `reservation` (`id`, `creator_id`, `start_at`, `end_at`, `plan_id`, `plan_memo`) VALUES (267, "professor002", "2020-09-26 19:15:00", "2020-09-26 21:15:00", 1, "");
-- INSERT INTO `reservation_user` (`reservation_id`, `user_id`) VALUES (267, "professor002");
-- INSERT INTO `reservation_user` (`reservation_id`, `user_id`) VALUES (267, "student002");
-- INSERT INTO `reservation_user` (`reservation_id`, `user_id`) VALUES (267, "professor003");
-- INSERT INTO `reservation_facility` (`reservation_id`, `facility_id`) VALUES (267, 3);

-- INSERT INTO `reservation` (`id`, `creator_id`, `start_at`, `end_at`, `plan_id`, `plan_memo`) VALUES (268, "student004", "2020-09-27 08:00:00", "2020-09-27 10:00:00", 1, "");
-- INSERT INTO `reservation_user` (`reservation_id`, `user_id`) VALUES (268, "student004");
-- INSERT INTO `reservation_facility` (`reservation_id`, `facility_id`) VALUES (268, 4);

-- INSERT INTO `reservation` (`id`, `creator_id`, `start_at`, `end_at`, `plan_id`, `plan_memo`) VALUES (269, "professor001", "2020-09-27 16:00:00", "2020-09-27 22:00:00", 2, "");
-- INSERT INTO `reservation_user` (`reservation_id`, `user_id`) VALUES (269, "professor001");
-- INSERT INTO `reservation_facility` (`reservation_id`, `facility_id`) VALUES (269, 2);

-- INSERT INTO `reservation` (`id`, `creator_id`, `start_at`, `end_at`, `plan_id`, `plan_memo`) VALUES (270, "student002", "2020-09-28 19:30:00", "2020-09-28 22:30:00", 2, "");
-- INSERT INTO `reservation_user` (`reservation_id`, `user_id`) VALUES (270, "student002");
-- INSERT INTO `reservation_facility` (`reservation_id`, `facility_id`) VALUES (270, 3);

-- INSERT INTO `reservation` (`id`, `creator_id`, `start_at`, `end_at`, `plan_id`, `plan_memo`) VALUES (271, "student003", "2020-09-29 11:15:00", "2020-09-29 15:15:00", 1, "");
-- INSERT INTO `reservation_user` (`reservation_id`, `user_id`) VALUES (271, "student003");
-- INSERT INTO `reservation_facility` (`reservation_id`, `facility_id`) VALUES (271, 1);

-- INSERT INTO `reservation` (`id`, `creator_id`, `start_at`, `end_at`, `plan_id`, `plan_memo`) VALUES (272, "student004", "2020-09-30 16:30:00", "2020-09-30 18:30:00", 2, "");
-- INSERT INTO `reservation_user` (`reservation_id`, `user_id`) VALUES (272, "student004");
-- INSERT INTO `reservation_user` (`reservation_id`, `user_id`) VALUES (272, "student002");
-- INSERT INTO `reservation_user` (`reservation_id`, `user_id`) VALUES (272, "student003");
-- INSERT INTO `reservation_facility` (`reservation_id`, `facility_id`) VALUES (272, 3);

-- INSERT INTO `reservation` (`id`, `creator_id`, `start_at`, `end_at`, `plan_id`, `plan_memo`) VALUES (273, "student003", "2020-10-05 13:00:00", "2020-10-05 16:00:00", 2, "");
-- INSERT INTO `reservation_user` (`reservation_id`, `user_id`) VALUES (273, "student003");
-- INSERT INTO `reservation_user` (`reservation_id`, `user_id`) VALUES (273, "professor003");
-- INSERT INTO `reservation_user` (`reservation_id`, `user_id`) VALUES (273, "student001");
-- INSERT INTO `reservation_user` (`reservation_id`, `user_id`) VALUES (273, "student004");
-- INSERT INTO `reservation_user` (`reservation_id`, `user_id`) VALUES (273, "professor004");
-- INSERT INTO `reservation_facility` (`reservation_id`, `facility_id`) VALUES (273, 1);

-- INSERT INTO `reservation` (`id`, `creator_id`, `start_at`, `end_at`, `plan_id`, `plan_memo`) VALUES (274, "professor004", "2020-10-08 11:15:00", "2020-10-08 13:15:00", 1, "");
-- INSERT INTO `reservation_user` (`reservation_id`, `user_id`) VALUES (274, "professor004");
-- INSERT INTO `reservation_user` (`reservation_id`, `user_id`) VALUES (274, "student004");
-- INSERT INTO `reservation_facility` (`reservation_id`, `facility_id`) VALUES (274, 2);

-- INSERT INTO `reservation` (`id`, `creator_id`, `start_at`, `end_at`, `plan_id`, `plan_memo`) VALUES (275, "professor003", "2020-10-09 09:45:00", "2020-10-09 10:45:00", 2, "");
-- INSERT INTO `reservation_user` (`reservation_id`, `user_id`) VALUES (275, "professor003");
-- INSERT INTO `reservation_user` (`reservation_id`, `user_id`) VALUES (275, "student001");
-- INSERT INTO `reservation_user` (`reservation_id`, `user_id`) VALUES (275, "student002");
-- INSERT INTO `reservation_facility` (`reservation_id`, `facility_id`) VALUES (275, 4);

-- INSERT INTO `reservation` (`id`, `creator_id`, `start_at`, `end_at`, `plan_id`, `plan_memo`) VALUES (276, "professor001", "2020-10-10 14:15:00", "2020-10-10 18:15:00", 1, "");
-- INSERT INTO `reservation_user` (`reservation_id`, `user_id`) VALUES (276, "professor001");
-- INSERT INTO `reservation_facility` (`reservation_id`, `facility_id`) VALUES (276, 1);

-- INSERT INTO `reservation` (`id`, `creator_id`, `start_at`, `end_at`, `plan_id`, `plan_memo`) VALUES (277, "professor001", "2020-10-12 12:30:00", "2020-10-12 15:30:00", 1, "");
-- INSERT INTO `reservation_user` (`reservation_id`, `user_id`) VALUES (277, "professor001");
-- INSERT INTO `reservation_user` (`reservation_id`, `user_id`) VALUES (277, "professor004");
-- INSERT INTO `reservation_user` (`reservation_id`, `user_id`) VALUES (277, "student002");
-- INSERT INTO `reservation_user` (`reservation_id`, `user_id`) VALUES (277, "student003");
-- INSERT INTO `reservation_user` (`reservation_id`, `user_id`) VALUES (277, "student001");
-- INSERT INTO `reservation_facility` (`reservation_id`, `facility_id`) VALUES (277, 1);

-- INSERT INTO `reservation` (`id`, `creator_id`, `start_at`, `end_at`, `plan_id`, `plan_memo`) VALUES (278, "professor001", "2020-10-12 17:45:00", "2020-10-12 20:45:00", 2, "");
-- INSERT INTO `reservation_user` (`reservation_id`, `user_id`) VALUES (278, "professor001");
-- INSERT INTO `reservation_user` (`reservation_id`, `user_id`) VALUES (278, "professor002");
-- INSERT INTO `reservation_user` (`reservation_id`, `user_id`) VALUES (278, "professor004");
-- INSERT INTO `reservation_user` (`reservation_id`, `user_id`) VALUES (278, "student003");
-- INSERT INTO `reservation_user` (`reservation_id`, `user_id`) VALUES (278, "student004");
-- INSERT INTO `reservation_facility` (`reservation_id`, `facility_id`) VALUES (278, 2);

-- INSERT INTO `reservation` (`id`, `creator_id`, `start_at`, `end_at`, `plan_id`, `plan_memo`) VALUES (279, "professor004", "2020-10-15 13:00:00", "2020-10-15 17:00:00", 1, "");
-- INSERT INTO `reservation_user` (`reservation_id`, `user_id`) VALUES (279, "professor004");
-- INSERT INTO `reservation_user` (`reservation_id`, `user_id`) VALUES (279, "student001");
-- INSERT INTO `reservation_user` (`reservation_id`, `user_id`) VALUES (279, "student003");
-- INSERT INTO `reservation_user` (`reservation_id`, `user_id`) VALUES (279, "professor002");
-- INSERT INTO `reservation_user` (`reservation_id`, `user_id`) VALUES (279, "professor003");
-- INSERT INTO `reservation_user` (`reservation_id`, `user_id`) VALUES (279, "professor001");
-- INSERT INTO `reservation_facility` (`reservation_id`, `facility_id`) VALUES (279, 1);

-- INSERT INTO `reservation` (`id`, `creator_id`, `start_at`, `end_at`, `plan_id`, `plan_memo`) VALUES (280, "professor004", "2020-10-15 19:00:00", "2020-10-15 22:00:00", 1, "");
-- INSERT INTO `reservation_user` (`reservation_id`, `user_id`) VALUES (280, "professor004");
-- INSERT INTO `reservation_facility` (`reservation_id`, `facility_id`) VALUES (280, 2);

-- INSERT INTO `reservation` (`id`, `creator_id`, `start_at`, `end_at`, `plan_id`, `plan_memo`) VALUES (281, "student003", "2020-10-17 07:30:00", "2020-10-17 09:30:00", 2, "");
-- INSERT INTO `reservation_user` (`reservation_id`, `user_id`) VALUES (281, "student003");
-- INSERT INTO `reservation_user` (`reservation_id`, `user_id`) VALUES (281, "professor004");
-- INSERT INTO `reservation_user` (`reservation_id`, `user_id`) VALUES (281, "professor001");
-- INSERT INTO `reservation_user` (`reservation_id`, `user_id`) VALUES (281, "professor002");
-- INSERT INTO `reservation_facility` (`reservation_id`, `facility_id`) VALUES (281, 2);

-- INSERT INTO `reservation` (`id`, `creator_id`, `start_at`, `end_at`, `plan_id`, `plan_memo`) VALUES (282, "professor002", "2020-10-17 15:15:00", "2020-10-17 16:15:00", 2, "");
-- INSERT INTO `reservation_user` (`reservation_id`, `user_id`) VALUES (282, "professor002");
-- INSERT INTO `reservation_facility` (`reservation_id`, `facility_id`) VALUES (282, 2);

-- INSERT INTO `reservation` (`id`, `creator_id`, `start_at`, `end_at`, `plan_id`, `plan_memo`) VALUES (283, "professor002", "2020-10-19 13:30:00", "2020-10-19 17:30:00", 1, "");
-- INSERT INTO `reservation_user` (`reservation_id`, `user_id`) VALUES (283, "professor002");
-- INSERT INTO `reservation_user` (`reservation_id`, `user_id`) VALUES (283, "student001");
-- INSERT INTO `reservation_facility` (`reservation_id`, `facility_id`) VALUES (283, 1);

-- INSERT INTO `reservation` (`id`, `creator_id`, `start_at`, `end_at`, `plan_id`, `plan_memo`) VALUES (284, "student001", "2020-10-21 10:15:00", "2020-10-21 12:15:00", 1, "");
-- INSERT INTO `reservation_user` (`reservation_id`, `user_id`) VALUES (284, "student001");
-- INSERT INTO `reservation_user` (`reservation_id`, `user_id`) VALUES (284, "professor001");
-- INSERT INTO `reservation_user` (`reservation_id`, `user_id`) VALUES (284, "professor003");
-- INSERT INTO `reservation_user` (`reservation_id`, `user_id`) VALUES (284, "professor004");
-- INSERT INTO `reservation_user` (`reservation_id`, `user_id`) VALUES (284, "student003");
-- INSERT INTO `reservation_facility` (`reservation_id`, `facility_id`) VALUES (284, 3);

-- INSERT INTO `reservation` (`id`, `creator_id`, `start_at`, `end_at`, `plan_id`, `plan_memo`) VALUES (285, "student003", "2020-10-22 07:15:00", "2020-10-22 10:15:00", 1, "");
-- INSERT INTO `reservation_user` (`reservation_id`, `user_id`) VALUES (285, "student003");
-- INSERT INTO `reservation_user` (`reservation_id`, `user_id`) VALUES (285, "professor001");
-- INSERT INTO `reservation_facility` (`reservation_id`, `facility_id`) VALUES (285, 3);

-- INSERT INTO `reservation` (`id`, `creator_id`, `start_at`, `end_at`, `plan_id`, `plan_memo`) VALUES (286, "professor004", "2020-10-24 20:45:00", "2020-10-24 23:45:00", 2, "");
-- INSERT INTO `reservation_user` (`reservation_id`, `user_id`) VALUES (286, "professor004");
-- INSERT INTO `reservation_user` (`reservation_id`, `user_id`) VALUES (286, "student004");
-- INSERT INTO `reservation_user` (`reservation_id`, `user_id`) VALUES (286, "professor003");
-- INSERT INTO `reservation_user` (`reservation_id`, `user_id`) VALUES (286, "student003");
-- INSERT INTO `reservation_user` (`reservation_id`, `user_id`) VALUES (286, "professor002");
-- INSERT INTO `reservation_user` (`reservation_id`, `user_id`) VALUES (286, "student002");
-- INSERT INTO `reservation_facility` (`reservation_id`, `facility_id`) VALUES (286, 3);

-- INSERT INTO `reservation` (`id`, `creator_id`, `start_at`, `end_at`, `plan_id`, `plan_memo`) VALUES (287, "student002", "2020-10-25 07:00:00", "2020-10-25 13:00:00", 1, "");
-- INSERT INTO `reservation_user` (`reservation_id`, `user_id`) VALUES (287, "student002");
-- INSERT INTO `reservation_user` (`reservation_id`, `user_id`) VALUES (287, "professor003");
-- INSERT INTO `reservation_facility` (`reservation_id`, `facility_id`) VALUES (287, 4);

-- INSERT INTO `reservation` (`id`, `creator_id`, `start_at`, `end_at`, `plan_id`, `plan_memo`) VALUES (288, "student003", "2020-10-26 16:00:00", "2020-10-26 17:00:00", 1, "");
-- INSERT INTO `reservation_user` (`reservation_id`, `user_id`) VALUES (288, "student003");
-- INSERT INTO `reservation_facility` (`reservation_id`, `facility_id`) VALUES (288, 1);

-- INSERT INTO `reservation` (`id`, `creator_id`, `start_at`, `end_at`, `plan_id`, `plan_memo`) VALUES (289, "professor003", "2020-10-27 10:45:00", "2020-10-27 13:45:00", 2, "");
-- INSERT INTO `reservation_user` (`reservation_id`, `user_id`) VALUES (289, "professor003");
-- INSERT INTO `reservation_user` (`reservation_id`, `user_id`) VALUES (289, "professor001");
-- INSERT INTO `reservation_user` (`reservation_id`, `user_id`) VALUES (289, "student002");
-- INSERT INTO `reservation_user` (`reservation_id`, `user_id`) VALUES (289, "student003");
-- INSERT INTO `reservation_user` (`reservation_id`, `user_id`) VALUES (289, "professor002");
-- INSERT INTO `reservation_user` (`reservation_id`, `user_id`) VALUES (289, "student004");
-- INSERT INTO `reservation_facility` (`reservation_id`, `facility_id`) VALUES (289, 2);

-- INSERT INTO `reservation` (`id`, `creator_id`, `start_at`, `end_at`, `plan_id`, `plan_memo`) VALUES (290, "professor002", "2020-10-27 18:00:00", "2020-10-27 19:00:00", 1, "");
-- INSERT INTO `reservation_user` (`reservation_id`, `user_id`) VALUES (290, "professor002");
-- INSERT INTO `reservation_user` (`reservation_id`, `user_id`) VALUES (290, "professor001");
-- INSERT INTO `reservation_user` (`reservation_id`, `user_id`) VALUES (290, "student004");
-- INSERT INTO `reservation_user` (`reservation_id`, `user_id`) VALUES (290, "professor003");
-- INSERT INTO `reservation_facility` (`reservation_id`, `facility_id`) VALUES (290, 3);

-- INSERT INTO `reservation` (`id`, `creator_id`, `start_at`, `end_at`, `plan_id`, `plan_memo`) VALUES (291, "student003", "2020-10-28 16:45:00", "2020-10-28 21:45:00", 1, "");
-- INSERT INTO `reservation_user` (`reservation_id`, `user_id`) VALUES (291, "student003");
-- INSERT INTO `reservation_facility` (`reservation_id`, `facility_id`) VALUES (291, 3);

-- INSERT INTO `reservation` (`id`, `creator_id`, `start_at`, `end_at`, `plan_id`, `plan_memo`) VALUES (292, "professor003", "2020-10-29 18:45:00", "2020-10-29 23:45:00", 1, "");
-- INSERT INTO `reservation_user` (`reservation_id`, `user_id`) VALUES (292, "professor003");
-- INSERT INTO `reservation_facility` (`reservation_id`, `facility_id`) VALUES (292, 4);

-- INSERT INTO `reservation` (`id`, `creator_id`, `start_at`, `end_at`, `plan_id`, `plan_memo`) VALUES (293, "student001", "2020-10-30 16:30:00", "2020-10-30 18:30:00", 2, "");
-- INSERT INTO `reservation_user` (`reservation_id`, `user_id`) VALUES (293, "student001");
-- INSERT INTO `reservation_facility` (`reservation_id`, `facility_id`) VALUES (293, 2);

-- INSERT INTO `reservation` (`id`, `creator_id`, `start_at`, `end_at`, `plan_id`, `plan_memo`) VALUES (294, "student003", "2020-10-30 19:45:00", "2020-10-30 21:45:00", 2, "");
-- INSERT INTO `reservation_user` (`reservation_id`, `user_id`) VALUES (294, "student003");
-- INSERT INTO `reservation_user` (`reservation_id`, `user_id`) VALUES (294, "student001");
-- INSERT INTO `reservation_user` (`reservation_id`, `user_id`) VALUES (294, "professor001");
-- INSERT INTO `reservation_user` (`reservation_id`, `user_id`) VALUES (294, "student002");
-- INSERT INTO `reservation_user` (`reservation_id`, `user_id`) VALUES (294, "professor003");
-- INSERT INTO `reservation_facility` (`reservation_id`, `facility_id`) VALUES (294, 1);

-- INSERT INTO `reservation` (`id`, `creator_id`, `start_at`, `end_at`, `plan_id`, `plan_memo`) VALUES (295, "professor001", "2020-10-31 13:15:00", "2020-10-31 18:15:00", 1, "");
-- INSERT INTO `reservation_user` (`reservation_id`, `user_id`) VALUES (295, "professor001");
-- INSERT INTO `reservation_facility` (`reservation_id`, `facility_id`) VALUES (295, 2);

-- INSERT INTO `reservation` (`id`, `creator_id`, `start_at`, `end_at`, `plan_id`, `plan_memo`) VALUES (296, "student004", "2020-11-01 10:45:00", "2020-11-01 13:45:00", 2, "");
-- INSERT INTO `reservation_user` (`reservation_id`, `user_id`) VALUES (296, "student004");
-- INSERT INTO `reservation_user` (`reservation_id`, `user_id`) VALUES (296, "professor004");
-- INSERT INTO `reservation_user` (`reservation_id`, `user_id`) VALUES (296, "professor002");
-- INSERT INTO `reservation_user` (`reservation_id`, `user_id`) VALUES (296, "student003");
-- INSERT INTO `reservation_user` (`reservation_id`, `user_id`) VALUES (296, "professor003");
-- INSERT INTO `reservation_facility` (`reservation_id`, `facility_id`) VALUES (296, 2);

-- INSERT INTO `reservation` (`id`, `creator_id`, `start_at`, `end_at`, `plan_id`, `plan_memo`) VALUES (297, "professor004", "2020-11-01 15:15:00", "2020-11-01 18:15:00", 2, "");
-- INSERT INTO `reservation_user` (`reservation_id`, `user_id`) VALUES (297, "professor004");
-- INSERT INTO `reservation_user` (`reservation_id`, `user_id`) VALUES (297, "student004");
-- INSERT INTO `reservation_user` (`reservation_id`, `user_id`) VALUES (297, "student002");
-- INSERT INTO `reservation_user` (`reservation_id`, `user_id`) VALUES (297, "professor003");
-- INSERT INTO `reservation_user` (`reservation_id`, `user_id`) VALUES (297, "student003");
-- INSERT INTO `reservation_user` (`reservation_id`, `user_id`) VALUES (297, "professor002");
-- INSERT INTO `reservation_facility` (`reservation_id`, `facility_id`) VALUES (297, 3);

-- INSERT INTO `reservation` (`id`, `creator_id`, `start_at`, `end_at`, `plan_id`, `plan_memo`) VALUES (298, "student002", "2020-11-01 19:30:00", "2020-11-01 21:30:00", 2, "");
-- INSERT INTO `reservation_user` (`reservation_id`, `user_id`) VALUES (298, "student002");
-- INSERT INTO `reservation_user` (`reservation_id`, `user_id`) VALUES (298, "student004");
-- INSERT INTO `reservation_user` (`reservation_id`, `user_id`) VALUES (298, "professor001");
-- INSERT INTO `reservation_user` (`reservation_id`, `user_id`) VALUES (298, "professor003");
-- INSERT INTO `reservation_user` (`reservation_id`, `user_id`) VALUES (298, "professor004");
-- INSERT INTO `reservation_facility` (`reservation_id`, `facility_id`) VALUES (298, 4);

-- INSERT INTO `reservation` (`id`, `creator_id`, `start_at`, `end_at`, `plan_id`, `plan_memo`) VALUES (299, "professor002", "2020-11-02 19:30:00", "2020-11-02 21:30:00", 2, "");
-- INSERT INTO `reservation_user` (`reservation_id`, `user_id`) VALUES (299, "professor002");
-- INSERT INTO `reservation_user` (`reservation_id`, `user_id`) VALUES (299, "student003");
-- INSERT INTO `reservation_user` (`reservation_id`, `user_id`) VALUES (299, "student001");
-- INSERT INTO `reservation_user` (`reservation_id`, `user_id`) VALUES (299, "professor001");
-- INSERT INTO `reservation_facility` (`reservation_id`, `facility_id`) VALUES (299, 4);

-- INSERT INTO `reservation` (`id`, `creator_id`, `start_at`, `end_at`, `plan_id`, `plan_memo`) VALUES (300, "student003", "2020-11-03 07:45:00", "2020-11-03 10:45:00", 1, "");
-- INSERT INTO `reservation_user` (`reservation_id`, `user_id`) VALUES (300, "student003");
-- INSERT INTO `reservation_facility` (`reservation_id`, `facility_id`) VALUES (300, 1);

-- INSERT INTO `reservation` (`id`, `creator_id`, `start_at`, `end_at`, `plan_id`, `plan_memo`) VALUES (301, "professor001", "2020-11-03 11:00:00", "2020-11-03 14:00:00", 1, "");
-- INSERT INTO `reservation_user` (`reservation_id`, `user_id`) VALUES (301, "professor001");
-- INSERT INTO `reservation_user` (`reservation_id`, `user_id`) VALUES (301, "professor004");
-- INSERT INTO `reservation_user` (`reservation_id`, `user_id`) VALUES (301, "professor003");
-- INSERT INTO `reservation_user` (`reservation_id`, `user_id`) VALUES (301, "professor002");
-- INSERT INTO `reservation_user` (`reservation_id`, `user_id`) VALUES (301, "student001");
-- INSERT INTO `reservation_facility` (`reservation_id`, `facility_id`) VALUES (301, 4);

-- INSERT INTO `reservation` (`id`, `creator_id`, `start_at`, `end_at`, `plan_id`, `plan_memo`) VALUES (302, "student001", "2020-11-05 10:45:00", "2020-11-05 11:45:00", 1, "");
-- INSERT INTO `reservation_user` (`reservation_id`, `user_id`) VALUES (302, "student001");
-- INSERT INTO `reservation_facility` (`reservation_id`, `facility_id`) VALUES (302, 4);

-- INSERT INTO `reservation` (`id`, `creator_id`, `start_at`, `end_at`, `plan_id`, `plan_memo`) VALUES (303, "professor001", "2020-11-06 14:00:00", "2020-11-06 19:00:00", 2, "");
-- INSERT INTO `reservation_user` (`reservation_id`, `user_id`) VALUES (303, "professor001");
-- INSERT INTO `reservation_user` (`reservation_id`, `user_id`) VALUES (303, "student004");
-- INSERT INTO `reservation_user` (`reservation_id`, `user_id`) VALUES (303, "student002");
-- INSERT INTO `reservation_user` (`reservation_id`, `user_id`) VALUES (303, "professor003");
-- INSERT INTO `reservation_facility` (`reservation_id`, `facility_id`) VALUES (303, 4);

-- INSERT INTO `reservation` (`id`, `creator_id`, `start_at`, `end_at`, `plan_id`, `plan_memo`) VALUES (304, "professor004", "2020-11-06 19:30:00", "2020-11-06 20:30:00", 1, "");
-- INSERT INTO `reservation_user` (`reservation_id`, `user_id`) VALUES (304, "professor004");
-- INSERT INTO `reservation_user` (`reservation_id`, `user_id`) VALUES (304, "student004");
-- INSERT INTO `reservation_user` (`reservation_id`, `user_id`) VALUES (304, "student001");
-- INSERT INTO `reservation_user` (`reservation_id`, `user_id`) VALUES (304, "student002");
-- INSERT INTO `reservation_user` (`reservation_id`, `user_id`) VALUES (304, "professor002");
-- INSERT INTO `reservation_user` (`reservation_id`, `user_id`) VALUES (304, "student003");
-- INSERT INTO `reservation_facility` (`reservation_id`, `facility_id`) VALUES (304, 2);

-- INSERT INTO `reservation` (`id`, `creator_id`, `start_at`, `end_at`, `plan_id`, `plan_memo`) VALUES (305, "professor004", "2020-11-08 13:45:00", "2020-11-08 16:45:00", 1, "");
-- INSERT INTO `reservation_user` (`reservation_id`, `user_id`) VALUES (305, "professor004");
-- INSERT INTO `reservation_facility` (`reservation_id`, `facility_id`) VALUES (305, 3);

-- INSERT INTO `reservation` (`id`, `creator_id`, `start_at`, `end_at`, `plan_id`, `plan_memo`) VALUES (306, "professor002", "2020-11-09 13:45:00", "2020-11-09 15:45:00", 2, "");
-- INSERT INTO `reservation_user` (`reservation_id`, `user_id`) VALUES (306, "professor002");
-- INSERT INTO `reservation_user` (`reservation_id`, `user_id`) VALUES (306, "professor003");
-- INSERT INTO `reservation_user` (`reservation_id`, `user_id`) VALUES (306, "student003");
-- INSERT INTO `reservation_facility` (`reservation_id`, `facility_id`) VALUES (306, 1);

-- INSERT INTO `reservation` (`id`, `creator_id`, `start_at`, `end_at`, `plan_id`, `plan_memo`) VALUES (307, "professor004", "2020-11-10 07:30:00", "2020-11-10 10:30:00", 1, "");
-- INSERT INTO `reservation_user` (`reservation_id`, `user_id`) VALUES (307, "professor004");
-- INSERT INTO `reservation_user` (`reservation_id`, `user_id`) VALUES (307, "professor002");
-- INSERT INTO `reservation_user` (`reservation_id`, `user_id`) VALUES (307, "student003");
-- INSERT INTO `reservation_facility` (`reservation_id`, `facility_id`) VALUES (307, 3);

-- INSERT INTO `reservation` (`id`, `creator_id`, `start_at`, `end_at`, `plan_id`, `plan_memo`) VALUES (308, "student001", "2020-11-13 07:00:00", "2020-11-13 11:00:00", 2, "");
-- INSERT INTO `reservation_user` (`reservation_id`, `user_id`) VALUES (308, "student001");
-- INSERT INTO `reservation_user` (`reservation_id`, `user_id`) VALUES (308, "student002");
-- INSERT INTO `reservation_user` (`reservation_id`, `user_id`) VALUES (308, "professor002");
-- INSERT INTO `reservation_facility` (`reservation_id`, `facility_id`) VALUES (308, 2);

-- INSERT INTO `reservation` (`id`, `creator_id`, `start_at`, `end_at`, `plan_id`, `plan_memo`) VALUES (309, "student002", "2020-11-13 13:15:00", "2020-11-13 19:15:00", 1, "");
-- INSERT INTO `reservation_user` (`reservation_id`, `user_id`) VALUES (309, "student002");
-- INSERT INTO `reservation_facility` (`reservation_id`, `facility_id`) VALUES (309, 3);

-- INSERT INTO `reservation` (`id`, `creator_id`, `start_at`, `end_at`, `plan_id`, `plan_memo`) VALUES (310, "professor003", "2020-11-16 09:30:00", "2020-11-16 13:30:00", 1, "");
-- INSERT INTO `reservation_user` (`reservation_id`, `user_id`) VALUES (310, "professor003");
-- INSERT INTO `reservation_facility` (`reservation_id`, `facility_id`) VALUES (310, 1);

-- INSERT INTO `reservation` (`id`, `creator_id`, `start_at`, `end_at`, `plan_id`, `plan_memo`) VALUES (311, "student002", "2020-11-18 17:30:00", "2020-11-18 22:30:00", 2, "");
-- INSERT INTO `reservation_user` (`reservation_id`, `user_id`) VALUES (311, "student002");
-- INSERT INTO `reservation_facility` (`reservation_id`, `facility_id`) VALUES (311, 1);

-- INSERT INTO `reservation` (`id`, `creator_id`, `start_at`, `end_at`, `plan_id`, `plan_memo`) VALUES (312, "student001", "2020-11-20 17:45:00", "2020-11-20 23:45:00", 1, "");
-- INSERT INTO `reservation_user` (`reservation_id`, `user_id`) VALUES (312, "student001");
-- INSERT INTO `reservation_user` (`reservation_id`, `user_id`) VALUES (312, "professor003");
-- INSERT INTO `reservation_user` (`reservation_id`, `user_id`) VALUES (312, "professor001");
-- INSERT INTO `reservation_user` (`reservation_id`, `user_id`) VALUES (312, "professor002");
-- INSERT INTO `reservation_user` (`reservation_id`, `user_id`) VALUES (312, "student003");
-- INSERT INTO `reservation_facility` (`reservation_id`, `facility_id`) VALUES (312, 3);

-- INSERT INTO `reservation` (`id`, `creator_id`, `start_at`, `end_at`, `plan_id`, `plan_memo`) VALUES (313, "professor004", "2020-11-21 07:15:00", "2020-11-21 08:15:00", 2, "");
-- INSERT INTO `reservation_user` (`reservation_id`, `user_id`) VALUES (313, "professor004");
-- INSERT INTO `reservation_user` (`reservation_id`, `user_id`) VALUES (313, "professor002");
-- INSERT INTO `reservation_user` (`reservation_id`, `user_id`) VALUES (313, "student002");
-- INSERT INTO `reservation_user` (`reservation_id`, `user_id`) VALUES (313, "professor001");
-- INSERT INTO `reservation_user` (`reservation_id`, `user_id`) VALUES (313, "student001");
-- INSERT INTO `reservation_user` (`reservation_id`, `user_id`) VALUES (313, "professor003");
-- INSERT INTO `reservation_facility` (`reservation_id`, `facility_id`) VALUES (313, 1);

-- INSERT INTO `reservation` (`id`, `creator_id`, `start_at`, `end_at`, `plan_id`, `plan_memo`) VALUES (314, "student002", "2020-11-21 15:30:00", "2020-11-21 16:30:00", 1, "");
-- INSERT INTO `reservation_user` (`reservation_id`, `user_id`) VALUES (314, "student002");
-- INSERT INTO `reservation_user` (`reservation_id`, `user_id`) VALUES (314, "professor003");
-- INSERT INTO `reservation_user` (`reservation_id`, `user_id`) VALUES (314, "student001");
-- INSERT INTO `reservation_user` (`reservation_id`, `user_id`) VALUES (314, "professor002");
-- INSERT INTO `reservation_user` (`reservation_id`, `user_id`) VALUES (314, "professor001");
-- INSERT INTO `reservation_user` (`reservation_id`, `user_id`) VALUES (314, "professor004");
-- INSERT INTO `reservation_facility` (`reservation_id`, `facility_id`) VALUES (314, 2);

-- INSERT INTO `reservation` (`id`, `creator_id`, `start_at`, `end_at`, `plan_id`, `plan_memo`) VALUES (315, "professor003", "2020-11-23 19:30:00", "2020-11-23 22:30:00", 2, "");
-- INSERT INTO `reservation_user` (`reservation_id`, `user_id`) VALUES (315, "professor003");
-- INSERT INTO `reservation_user` (`reservation_id`, `user_id`) VALUES (315, "student004");
-- INSERT INTO `reservation_user` (`reservation_id`, `user_id`) VALUES (315, "student002");
-- INSERT INTO `reservation_user` (`reservation_id`, `user_id`) VALUES (315, "professor001");
-- INSERT INTO `reservation_user` (`reservation_id`, `user_id`) VALUES (315, "professor002");
-- INSERT INTO `reservation_facility` (`reservation_id`, `facility_id`) VALUES (315, 2);

-- INSERT INTO `reservation` (`id`, `creator_id`, `start_at`, `end_at`, `plan_id`, `plan_memo`) VALUES (316, "professor003", "2020-11-26 12:45:00", "2020-11-26 18:45:00", 1, "");
-- INSERT INTO `reservation_user` (`reservation_id`, `user_id`) VALUES (316, "professor003");
-- INSERT INTO `reservation_facility` (`reservation_id`, `facility_id`) VALUES (316, 4);

-- INSERT INTO `reservation` (`id`, `creator_id`, `start_at`, `end_at`, `plan_id`, `plan_memo`) VALUES (317, "professor002", "2020-11-27 12:30:00", "2020-11-27 16:30:00", 2, "");
-- INSERT INTO `reservation_user` (`reservation_id`, `user_id`) VALUES (317, "professor002");
-- INSERT INTO `reservation_user` (`reservation_id`, `user_id`) VALUES (317, "student003");
-- INSERT INTO `reservation_facility` (`reservation_id`, `facility_id`) VALUES (317, 4);

-- INSERT INTO `reservation` (`id`, `creator_id`, `start_at`, `end_at`, `plan_id`, `plan_memo`) VALUES (318, "professor001", "2020-11-28 08:45:00", "2020-11-28 13:45:00", 1, "");
-- INSERT INTO `reservation_user` (`reservation_id`, `user_id`) VALUES (318, "professor001");
-- INSERT INTO `reservation_user` (`reservation_id`, `user_id`) VALUES (318, "professor002");
-- INSERT INTO `reservation_facility` (`reservation_id`, `facility_id`) VALUES (318, 1);

-- INSERT INTO `reservation` (`id`, `creator_id`, `start_at`, `end_at`, `plan_id`, `plan_memo`) VALUES (319, "student003", "2020-11-29 12:30:00", "2020-11-29 13:30:00", 1, "");
-- INSERT INTO `reservation_user` (`reservation_id`, `user_id`) VALUES (319, "student003");
-- INSERT INTO `reservation_user` (`reservation_id`, `user_id`) VALUES (319, "student004");
-- INSERT INTO `reservation_user` (`reservation_id`, `user_id`) VALUES (319, "professor002");
-- INSERT INTO `reservation_user` (`reservation_id`, `user_id`) VALUES (319, "student001");
-- INSERT INTO `reservation_user` (`reservation_id`, `user_id`) VALUES (319, "student002");
-- INSERT INTO `reservation_facility` (`reservation_id`, `facility_id`) VALUES (319, 2);

-- INSERT INTO `reservation` (`id`, `creator_id`, `start_at`, `end_at`, `plan_id`, `plan_memo`) VALUES (320, "student004", "2020-11-30 07:30:00", "2020-11-30 11:30:00", 1, "");
-- INSERT INTO `reservation_user` (`reservation_id`, `user_id`) VALUES (320, "student004");
-- INSERT INTO `reservation_user` (`reservation_id`, `user_id`) VALUES (320, "student001");
-- INSERT INTO `reservation_user` (`reservation_id`, `user_id`) VALUES (320, "professor003");
-- INSERT INTO `reservation_user` (`reservation_id`, `user_id`) VALUES (320, "professor001");
-- INSERT INTO `reservation_user` (`reservation_id`, `user_id`) VALUES (320, "student002");
-- INSERT INTO `reservation_facility` (`reservation_id`, `facility_id`) VALUES (320, 3);

-- INSERT INTO `reservation` (`id`, `creator_id`, `start_at`, `end_at`, `plan_id`, `plan_memo`) VALUES (321, "professor002", "2020-12-03 07:00:00", "2020-12-03 13:00:00", 1, "");
-- INSERT INTO `reservation_user` (`reservation_id`, `user_id`) VALUES (321, "professor002");
-- INSERT INTO `reservation_facility` (`reservation_id`, `facility_id`) VALUES (321, 3);

-- INSERT INTO `reservation` (`id`, `creator_id`, `start_at`, `end_at`, `plan_id`, `plan_memo`) VALUES (322, "student002", "2020-12-04 07:00:00", "2020-12-04 12:00:00", 1, "");
-- INSERT INTO `reservation_user` (`reservation_id`, `user_id`) VALUES (322, "student002");
-- INSERT INTO `reservation_user` (`reservation_id`, `user_id`) VALUES (322, "professor001");
-- INSERT INTO `reservation_user` (`reservation_id`, `user_id`) VALUES (322, "professor002");
-- INSERT INTO `reservation_user` (`reservation_id`, `user_id`) VALUES (322, "student004");
-- INSERT INTO `reservation_facility` (`reservation_id`, `facility_id`) VALUES (322, 1);

-- INSERT INTO `reservation` (`id`, `creator_id`, `start_at`, `end_at`, `plan_id`, `plan_memo`) VALUES (323, "student004", "2020-12-04 12:00:00", "2020-12-04 16:00:00", 1, "");
-- INSERT INTO `reservation_user` (`reservation_id`, `user_id`) VALUES (323, "student004");
-- INSERT INTO `reservation_user` (`reservation_id`, `user_id`) VALUES (323, "student003");
-- INSERT INTO `reservation_user` (`reservation_id`, `user_id`) VALUES (323, "professor002");
-- INSERT INTO `reservation_user` (`reservation_id`, `user_id`) VALUES (323, "professor001");
-- INSERT INTO `reservation_facility` (`reservation_id`, `facility_id`) VALUES (323, 4);

-- INSERT INTO `reservation` (`id`, `creator_id`, `start_at`, `end_at`, `plan_id`, `plan_memo`) VALUES (324, "student003", "2020-12-05 13:15:00", "2020-12-05 16:15:00", 1, "");
-- INSERT INTO `reservation_user` (`reservation_id`, `user_id`) VALUES (324, "student003");
-- INSERT INTO `reservation_facility` (`reservation_id`, `facility_id`) VALUES (324, 4);

-- INSERT INTO `reservation` (`id`, `creator_id`, `start_at`, `end_at`, `plan_id`, `plan_memo`) VALUES (325, "student003", "2020-12-06 11:00:00", "2020-12-06 14:00:00", 1, "");
-- INSERT INTO `reservation_user` (`reservation_id`, `user_id`) VALUES (325, "student003");
-- INSERT INTO `reservation_user` (`reservation_id`, `user_id`) VALUES (325, "professor004");
-- INSERT INTO `reservation_user` (`reservation_id`, `user_id`) VALUES (325, "student001");
-- INSERT INTO `reservation_user` (`reservation_id`, `user_id`) VALUES (325, "student004");
-- INSERT INTO `reservation_user` (`reservation_id`, `user_id`) VALUES (325, "professor001");
-- INSERT INTO `reservation_facility` (`reservation_id`, `facility_id`) VALUES (325, 2);

-- INSERT INTO `reservation` (`id`, `creator_id`, `start_at`, `end_at`, `plan_id`, `plan_memo`) VALUES (326, "student004", "2020-12-06 14:45:00", "2020-12-06 17:45:00", 1, "");
-- INSERT INTO `reservation_user` (`reservation_id`, `user_id`) VALUES (326, "student004");
-- INSERT INTO `reservation_user` (`reservation_id`, `user_id`) VALUES (326, "student001");
-- INSERT INTO `reservation_user` (`reservation_id`, `user_id`) VALUES (326, "professor003");
-- INSERT INTO `reservation_user` (`reservation_id`, `user_id`) VALUES (326, "student003");
-- INSERT INTO `reservation_user` (`reservation_id`, `user_id`) VALUES (326, "professor002");
-- INSERT INTO `reservation_user` (`reservation_id`, `user_id`) VALUES (326, "student002");
-- INSERT INTO `reservation_facility` (`reservation_id`, `facility_id`) VALUES (326, 2);

-- INSERT INTO `reservation` (`id`, `creator_id`, `start_at`, `end_at`, `plan_id`, `plan_memo`) VALUES (327, "student004", "2020-12-07 12:00:00", "2020-12-07 18:00:00", 2, "");
-- INSERT INTO `reservation_user` (`reservation_id`, `user_id`) VALUES (327, "student004");
-- INSERT INTO `reservation_user` (`reservation_id`, `user_id`) VALUES (327, "student003");
-- INSERT INTO `reservation_user` (`reservation_id`, `user_id`) VALUES (327, "professor004");
-- INSERT INTO `reservation_facility` (`reservation_id`, `facility_id`) VALUES (327, 4);

-- INSERT INTO `reservation` (`id`, `creator_id`, `start_at`, `end_at`, `plan_id`, `plan_memo`) VALUES (328, "professor002", "2020-12-08 13:00:00", "2020-12-08 16:00:00", 1, "");
-- INSERT INTO `reservation_user` (`reservation_id`, `user_id`) VALUES (328, "professor002");
-- INSERT INTO `reservation_user` (`reservation_id`, `user_id`) VALUES (328, "student003");
-- INSERT INTO `reservation_user` (`reservation_id`, `user_id`) VALUES (328, "professor003");
-- INSERT INTO `reservation_user` (`reservation_id`, `user_id`) VALUES (328, "student002");
-- INSERT INTO `reservation_facility` (`reservation_id`, `facility_id`) VALUES (328, 1);

-- INSERT INTO `reservation` (`id`, `creator_id`, `start_at`, `end_at`, `plan_id`, `plan_memo`) VALUES (329, "student003", "2020-12-11 18:45:00", "2020-12-11 19:45:00", 2, "");
-- INSERT INTO `reservation_user` (`reservation_id`, `user_id`) VALUES (329, "student003");
-- INSERT INTO `reservation_facility` (`reservation_id`, `facility_id`) VALUES (329, 2);

-- INSERT INTO `reservation` (`id`, `creator_id`, `start_at`, `end_at`, `plan_id`, `plan_memo`) VALUES (330, "student001", "2020-12-14 18:00:00", "2020-12-14 22:00:00", 2, "");
-- INSERT INTO `reservation_user` (`reservation_id`, `user_id`) VALUES (330, "student001");
-- INSERT INTO `reservation_facility` (`reservation_id`, `facility_id`) VALUES (330, 1);

-- INSERT INTO `reservation` (`id`, `creator_id`, `start_at`, `end_at`, `plan_id`, `plan_memo`) VALUES (331, "professor003", "2020-12-15 10:30:00", "2020-12-15 13:30:00", 1, "");
-- INSERT INTO `reservation_user` (`reservation_id`, `user_id`) VALUES (331, "professor003");
-- INSERT INTO `reservation_user` (`reservation_id`, `user_id`) VALUES (331, "student004");
-- INSERT INTO `reservation_user` (`reservation_id`, `user_id`) VALUES (331, "professor002");
-- INSERT INTO `reservation_facility` (`reservation_id`, `facility_id`) VALUES (331, 2);

-- INSERT INTO `reservation` (`id`, `creator_id`, `start_at`, `end_at`, `plan_id`, `plan_memo`) VALUES (332, "student004", "2020-12-16 15:45:00", "2020-12-16 17:45:00", 1, "");
-- INSERT INTO `reservation_user` (`reservation_id`, `user_id`) VALUES (332, "student004");
-- INSERT INTO `reservation_user` (`reservation_id`, `user_id`) VALUES (332, "professor002");
-- INSERT INTO `reservation_user` (`reservation_id`, `user_id`) VALUES (332, "student001");
-- INSERT INTO `reservation_facility` (`reservation_id`, `facility_id`) VALUES (332, 4);

-- INSERT INTO `reservation` (`id`, `creator_id`, `start_at`, `end_at`, `plan_id`, `plan_memo`) VALUES (333, "student002", "2020-12-17 07:15:00", "2020-12-17 13:15:00", 1, "");
-- INSERT INTO `reservation_user` (`reservation_id`, `user_id`) VALUES (333, "student002");
-- INSERT INTO `reservation_user` (`reservation_id`, `user_id`) VALUES (333, "professor002");
-- INSERT INTO `reservation_user` (`reservation_id`, `user_id`) VALUES (333, "student003");
-- INSERT INTO `reservation_user` (`reservation_id`, `user_id`) VALUES (333, "professor004");
-- INSERT INTO `reservation_facility` (`reservation_id`, `facility_id`) VALUES (333, 3);

-- INSERT INTO `reservation` (`id`, `creator_id`, `start_at`, `end_at`, `plan_id`, `plan_memo`) VALUES (334, "professor004", "2020-12-17 21:15:00", "2020-12-17 22:15:00", 1, "");
-- INSERT INTO `reservation_user` (`reservation_id`, `user_id`) VALUES (334, "professor004");
-- INSERT INTO `reservation_facility` (`reservation_id`, `facility_id`) VALUES (334, 3);

-- INSERT INTO `reservation` (`id`, `creator_id`, `start_at`, `end_at`, `plan_id`, `plan_memo`) VALUES (335, "professor001", "2020-12-18 07:00:00", "2020-12-18 12:00:00", 1, "");
-- INSERT INTO `reservation_user` (`reservation_id`, `user_id`) VALUES (335, "professor001");
-- INSERT INTO `reservation_user` (`reservation_id`, `user_id`) VALUES (335, "professor002");
-- INSERT INTO `reservation_user` (`reservation_id`, `user_id`) VALUES (335, "professor003");
-- INSERT INTO `reservation_user` (`reservation_id`, `user_id`) VALUES (335, "student003");
-- INSERT INTO `reservation_facility` (`reservation_id`, `facility_id`) VALUES (335, 4);

-- INSERT INTO `reservation` (`id`, `creator_id`, `start_at`, `end_at`, `plan_id`, `plan_memo`) VALUES (336, "professor003", "2020-12-18 15:00:00", "2020-12-18 19:00:00", 2, "");
-- INSERT INTO `reservation_user` (`reservation_id`, `user_id`) VALUES (336, "professor003");
-- INSERT INTO `reservation_user` (`reservation_id`, `user_id`) VALUES (336, "professor002");
-- INSERT INTO `reservation_user` (`reservation_id`, `user_id`) VALUES (336, "student003");
-- INSERT INTO `reservation_user` (`reservation_id`, `user_id`) VALUES (336, "professor001");
-- INSERT INTO `reservation_facility` (`reservation_id`, `facility_id`) VALUES (336, 3);

-- INSERT INTO `reservation` (`id`, `creator_id`, `start_at`, `end_at`, `plan_id`, `plan_memo`) VALUES (337, "student001", "2020-12-19 18:30:00", "2020-12-19 22:30:00", 1, "");
-- INSERT INTO `reservation_user` (`reservation_id`, `user_id`) VALUES (337, "student001");
-- INSERT INTO `reservation_user` (`reservation_id`, `user_id`) VALUES (337, "professor001");
-- INSERT INTO `reservation_user` (`reservation_id`, `user_id`) VALUES (337, "professor003");
-- INSERT INTO `reservation_user` (`reservation_id`, `user_id`) VALUES (337, "student002");
-- INSERT INTO `reservation_user` (`reservation_id`, `user_id`) VALUES (337, "professor002");
-- INSERT INTO `reservation_user` (`reservation_id`, `user_id`) VALUES (337, "student004");
-- INSERT INTO `reservation_facility` (`reservation_id`, `facility_id`) VALUES (337, 1);

-- INSERT INTO `reservation` (`id`, `creator_id`, `start_at`, `end_at`, `plan_id`, `plan_memo`) VALUES (338, "student003", "2020-12-20 10:00:00", "2020-12-20 13:00:00", 2, "");
-- INSERT INTO `reservation_user` (`reservation_id`, `user_id`) VALUES (338, "student003");
-- INSERT INTO `reservation_user` (`reservation_id`, `user_id`) VALUES (338, "student002");
-- INSERT INTO `reservation_user` (`reservation_id`, `user_id`) VALUES (338, "professor002");
-- INSERT INTO `reservation_user` (`reservation_id`, `user_id`) VALUES (338, "professor004");
-- INSERT INTO `reservation_facility` (`reservation_id`, `facility_id`) VALUES (338, 2);

-- INSERT INTO `reservation` (`id`, `creator_id`, `start_at`, `end_at`, `plan_id`, `plan_memo`) VALUES (339, "student001", "2020-12-21 08:00:00", "2020-12-21 13:00:00", 1, "");
-- INSERT INTO `reservation_user` (`reservation_id`, `user_id`) VALUES (339, "student001");
-- INSERT INTO `reservation_user` (`reservation_id`, `user_id`) VALUES (339, "student004");
-- INSERT INTO `reservation_user` (`reservation_id`, `user_id`) VALUES (339, "professor003");
-- INSERT INTO `reservation_facility` (`reservation_id`, `facility_id`) VALUES (339, 1);

-- INSERT INTO `reservation` (`id`, `creator_id`, `start_at`, `end_at`, `plan_id`, `plan_memo`) VALUES (340, "professor003", "2020-12-22 09:45:00", "2020-12-22 13:45:00", 2, "");
-- INSERT INTO `reservation_user` (`reservation_id`, `user_id`) VALUES (340, "professor003");
-- INSERT INTO `reservation_user` (`reservation_id`, `user_id`) VALUES (340, "student002");
-- INSERT INTO `reservation_user` (`reservation_id`, `user_id`) VALUES (340, "professor002");
-- INSERT INTO `reservation_user` (`reservation_id`, `user_id`) VALUES (340, "professor001");
-- INSERT INTO `reservation_facility` (`reservation_id`, `facility_id`) VALUES (340, 1);

-- INSERT INTO `reservation` (`id`, `creator_id`, `start_at`, `end_at`, `plan_id`, `plan_memo`) VALUES (341, "professor004", "2020-12-23 08:30:00", "2020-12-23 09:30:00", 1, "");
-- INSERT INTO `reservation_user` (`reservation_id`, `user_id`) VALUES (341, "professor004");
-- INSERT INTO `reservation_facility` (`reservation_id`, `facility_id`) VALUES (341, 2);

-- INSERT INTO `reservation` (`id`, `creator_id`, `start_at`, `end_at`, `plan_id`, `plan_memo`) VALUES (342, "professor003", "2020-12-23 19:15:00", "2020-12-23 20:15:00", 2, "");
-- INSERT INTO `reservation_user` (`reservation_id`, `user_id`) VALUES (342, "professor003");
-- INSERT INTO `reservation_user` (`reservation_id`, `user_id`) VALUES (342, "professor002");
-- INSERT INTO `reservation_user` (`reservation_id`, `user_id`) VALUES (342, "student002");
-- INSERT INTO `reservation_user` (`reservation_id`, `user_id`) VALUES (342, "professor004");
-- INSERT INTO `reservation_user` (`reservation_id`, `user_id`) VALUES (342, "student001");
-- INSERT INTO `reservation_user` (`reservation_id`, `user_id`) VALUES (342, "professor001");
-- INSERT INTO `reservation_facility` (`reservation_id`, `facility_id`) VALUES (342, 3);

-- INSERT INTO `reservation` (`id`, `creator_id`, `start_at`, `end_at`, `plan_id`, `plan_memo`) VALUES (343, "professor003", "2020-12-24 09:15:00", "2020-12-24 11:15:00", 1, "");
-- INSERT INTO `reservation_user` (`reservation_id`, `user_id`) VALUES (343, "professor003");
-- INSERT INTO `reservation_user` (`reservation_id`, `user_id`) VALUES (343, "student001");
-- INSERT INTO `reservation_user` (`reservation_id`, `user_id`) VALUES (343, "student003");
-- INSERT INTO `reservation_user` (`reservation_id`, `user_id`) VALUES (343, "professor004");
-- INSERT INTO `reservation_facility` (`reservation_id`, `facility_id`) VALUES (343, 4);

-- INSERT INTO `reservation` (`id`, `creator_id`, `start_at`, `end_at`, `plan_id`, `plan_memo`) VALUES (344, "student003", "2020-12-24 13:15:00", "2020-12-24 14:15:00", 1, "");
-- INSERT INTO `reservation_user` (`reservation_id`, `user_id`) VALUES (344, "student003");
-- INSERT INTO `reservation_user` (`reservation_id`, `user_id`) VALUES (344, "student004");
-- INSERT INTO `reservation_user` (`reservation_id`, `user_id`) VALUES (344, "professor003");
-- INSERT INTO `reservation_user` (`reservation_id`, `user_id`) VALUES (344, "professor004");
-- INSERT INTO `reservation_facility` (`reservation_id`, `facility_id`) VALUES (344, 2);

-- INSERT INTO `reservation` (`id`, `creator_id`, `start_at`, `end_at`, `plan_id`, `plan_memo`) VALUES (345, "student001", "2020-12-25 07:30:00", "2020-12-25 10:30:00", 1, "");
-- INSERT INTO `reservation_user` (`reservation_id`, `user_id`) VALUES (345, "student001");
-- INSERT INTO `reservation_user` (`reservation_id`, `user_id`) VALUES (345, "professor004");
-- INSERT INTO `reservation_user` (`reservation_id`, `user_id`) VALUES (345, "student002");
-- INSERT INTO `reservation_user` (`reservation_id`, `user_id`) VALUES (345, "student003");
-- INSERT INTO `reservation_user` (`reservation_id`, `user_id`) VALUES (345, "professor003");
-- INSERT INTO `reservation_user` (`reservation_id`, `user_id`) VALUES (345, "professor001");
-- INSERT INTO `reservation_facility` (`reservation_id`, `facility_id`) VALUES (345, 1);

-- INSERT INTO `reservation` (`id`, `creator_id`, `start_at`, `end_at`, `plan_id`, `plan_memo`) VALUES (346, "professor003", "2020-12-29 08:30:00", "2020-12-29 14:30:00", 2, "");
-- INSERT INTO `reservation_user` (`reservation_id`, `user_id`) VALUES (346, "professor003");
-- INSERT INTO `reservation_user` (`reservation_id`, `user_id`) VALUES (346, "student004");
-- INSERT INTO `reservation_user` (`reservation_id`, `user_id`) VALUES (346, "student001");
-- INSERT INTO `reservation_user` (`reservation_id`, `user_id`) VALUES (346, "student003");
-- INSERT INTO `reservation_user` (`reservation_id`, `user_id`) VALUES (346, "professor004");
-- INSERT INTO `reservation_facility` (`reservation_id`, `facility_id`) VALUES (346, 2);

-- INSERT INTO `reservation` (`id`, `creator_id`, `start_at`, `end_at`, `plan_id`, `plan_memo`) VALUES (347, "student004", "2020-12-30 12:15:00", "2020-12-30 13:15:00", 2, "");
-- INSERT INTO `reservation_user` (`reservation_id`, `user_id`) VALUES (347, "student004");
-- INSERT INTO `reservation_facility` (`reservation_id`, `facility_id`) VALUES (347, 2);

-- INSERT INTO `reservation` (`id`, `creator_id`, `start_at`, `end_at`, `plan_id`, `plan_memo`) VALUES (348, "student004", "2021-01-01 08:45:00", "2021-01-01 11:45:00", 1, "");
-- INSERT INTO `reservation_user` (`reservation_id`, `user_id`) VALUES (348, "student004");
-- INSERT INTO `reservation_facility` (`reservation_id`, `facility_id`) VALUES (348, 3);

-- INSERT INTO `reservation` (`id`, `creator_id`, `start_at`, `end_at`, `plan_id`, `plan_memo`) VALUES (349, "professor001", "2021-01-01 19:00:00", "2021-01-01 21:00:00", 1, "");
-- INSERT INTO `reservation_user` (`reservation_id`, `user_id`) VALUES (349, "professor001");
-- INSERT INTO `reservation_user` (`reservation_id`, `user_id`) VALUES (349, "professor002");
-- INSERT INTO `reservation_user` (`reservation_id`, `user_id`) VALUES (349, "professor003");
-- INSERT INTO `reservation_facility` (`reservation_id`, `facility_id`) VALUES (349, 2);

-- INSERT INTO `reservation` (`id`, `creator_id`, `start_at`, `end_at`, `plan_id`, `plan_memo`) VALUES (350, "student003", "2021-01-02 15:15:00", "2021-01-02 21:15:00", 1, "");
-- INSERT INTO `reservation_user` (`reservation_id`, `user_id`) VALUES (350, "student003");
-- INSERT INTO `reservation_user` (`reservation_id`, `user_id`) VALUES (350, "professor004");
-- INSERT INTO `reservation_user` (`reservation_id`, `user_id`) VALUES (350, "professor003");
-- INSERT INTO `reservation_user` (`reservation_id`, `user_id`) VALUES (350, "student002");
-- INSERT INTO `reservation_user` (`reservation_id`, `user_id`) VALUES (350, "student004");
-- INSERT INTO `reservation_user` (`reservation_id`, `user_id`) VALUES (350, "professor001");
-- INSERT INTO `reservation_facility` (`reservation_id`, `facility_id`) VALUES (350, 3);

-- INSERT INTO `reservation` (`id`, `creator_id`, `start_at`, `end_at`, `plan_id`, `plan_memo`) VALUES (351, "professor003", "2021-01-03 16:30:00", "2021-01-03 21:30:00", 2, "");
-- INSERT INTO `reservation_user` (`reservation_id`, `user_id`) VALUES (351, "professor003");
-- INSERT INTO `reservation_facility` (`reservation_id`, `facility_id`) VALUES (351, 3);

-- INSERT INTO `reservation` (`id`, `creator_id`, `start_at`, `end_at`, `plan_id`, `plan_memo`) VALUES (352, "professor004", "2021-01-04 09:15:00", "2021-01-04 14:15:00", 1, "");
-- INSERT INTO `reservation_user` (`reservation_id`, `user_id`) VALUES (352, "professor004");
-- INSERT INTO `reservation_user` (`reservation_id`, `user_id`) VALUES (352, "student001");
-- INSERT INTO `reservation_user` (`reservation_id`, `user_id`) VALUES (352, "professor003");
-- INSERT INTO `reservation_user` (`reservation_id`, `user_id`) VALUES (352, "student003");
-- INSERT INTO `reservation_user` (`reservation_id`, `user_id`) VALUES (352, "student004");
-- INSERT INTO `reservation_user` (`reservation_id`, `user_id`) VALUES (352, "professor001");
-- INSERT INTO `reservation_facility` (`reservation_id`, `facility_id`) VALUES (352, 1);

-- INSERT INTO `reservation` (`id`, `creator_id`, `start_at`, `end_at`, `plan_id`, `plan_memo`) VALUES (353, "professor003", "2021-01-04 20:15:00", "2021-01-04 23:15:00", 1, "");
-- INSERT INTO `reservation_user` (`reservation_id`, `user_id`) VALUES (353, "professor003");
-- INSERT INTO `reservation_user` (`reservation_id`, `user_id`) VALUES (353, "student001");
-- INSERT INTO `reservation_user` (`reservation_id`, `user_id`) VALUES (353, "student004");
-- INSERT INTO `reservation_facility` (`reservation_id`, `facility_id`) VALUES (353, 2);

-- INSERT INTO `reservation` (`id`, `creator_id`, `start_at`, `end_at`, `plan_id`, `plan_memo`) VALUES (354, "professor003", "2021-01-06 09:45:00", "2021-01-06 10:45:00", 1, "");
-- INSERT INTO `reservation_user` (`reservation_id`, `user_id`) VALUES (354, "professor003");
-- INSERT INTO `reservation_user` (`reservation_id`, `user_id`) VALUES (354, "professor002");
-- INSERT INTO `reservation_facility` (`reservation_id`, `facility_id`) VALUES (354, 3);

-- INSERT INTO `reservation` (`id`, `creator_id`, `start_at`, `end_at`, `plan_id`, `plan_memo`) VALUES (355, "professor004", "2021-01-06 13:30:00", "2021-01-06 14:30:00", 2, "");
-- INSERT INTO `reservation_user` (`reservation_id`, `user_id`) VALUES (355, "professor004");
-- INSERT INTO `reservation_facility` (`reservation_id`, `facility_id`) VALUES (355, 4);

-- INSERT INTO `reservation` (`id`, `creator_id`, `start_at`, `end_at`, `plan_id`, `plan_memo`) VALUES (356, "student001", "2021-01-06 18:00:00", "2021-01-06 21:00:00", 2, "");
-- INSERT INTO `reservation_user` (`reservation_id`, `user_id`) VALUES (356, "student001");
-- INSERT INTO `reservation_user` (`reservation_id`, `user_id`) VALUES (356, "professor001");
-- INSERT INTO `reservation_user` (`reservation_id`, `user_id`) VALUES (356, "student002");
-- INSERT INTO `reservation_user` (`reservation_id`, `user_id`) VALUES (356, "professor002");
-- INSERT INTO `reservation_facility` (`reservation_id`, `facility_id`) VALUES (356, 2);

-- INSERT INTO `reservation` (`id`, `creator_id`, `start_at`, `end_at`, `plan_id`, `plan_memo`) VALUES (357, "student002", "2021-01-08 11:45:00", "2021-01-08 12:45:00", 2, "");
-- INSERT INTO `reservation_user` (`reservation_id`, `user_id`) VALUES (357, "student002");
-- INSERT INTO `reservation_user` (`reservation_id`, `user_id`) VALUES (357, "professor004");
-- INSERT INTO `reservation_facility` (`reservation_id`, `facility_id`) VALUES (357, 1);

-- INSERT INTO `reservation` (`id`, `creator_id`, `start_at`, `end_at`, `plan_id`, `plan_memo`) VALUES (358, "student002", "2021-01-09 13:45:00", "2021-01-09 18:45:00", 1, "");
-- INSERT INTO `reservation_user` (`reservation_id`, `user_id`) VALUES (358, "student002");
-- INSERT INTO `reservation_user` (`reservation_id`, `user_id`) VALUES (358, "professor003");
-- INSERT INTO `reservation_facility` (`reservation_id`, `facility_id`) VALUES (358, 1);

-- INSERT INTO `reservation` (`id`, `creator_id`, `start_at`, `end_at`, `plan_id`, `plan_memo`) VALUES (359, "student001", "2021-01-10 15:30:00", "2021-01-10 18:30:00", 1, "");
-- INSERT INTO `reservation_user` (`reservation_id`, `user_id`) VALUES (359, "student001");
-- INSERT INTO `reservation_user` (`reservation_id`, `user_id`) VALUES (359, "professor001");
-- INSERT INTO `reservation_user` (`reservation_id`, `user_id`) VALUES (359, "professor003");
-- INSERT INTO `reservation_user` (`reservation_id`, `user_id`) VALUES (359, "professor004");
-- INSERT INTO `reservation_facility` (`reservation_id`, `facility_id`) VALUES (359, 3);

-- INSERT INTO `reservation` (`id`, `creator_id`, `start_at`, `end_at`, `plan_id`, `plan_memo`) VALUES (360, "student004", "2021-01-11 11:15:00", "2021-01-11 13:15:00", 1, "");
-- INSERT INTO `reservation_user` (`reservation_id`, `user_id`) VALUES (360, "student004");
-- INSERT INTO `reservation_user` (`reservation_id`, `user_id`) VALUES (360, "professor001");
-- INSERT INTO `reservation_user` (`reservation_id`, `user_id`) VALUES (360, "student003");
-- INSERT INTO `reservation_user` (`reservation_id`, `user_id`) VALUES (360, "professor004");
-- INSERT INTO `reservation_user` (`reservation_id`, `user_id`) VALUES (360, "student001");
-- INSERT INTO `reservation_facility` (`reservation_id`, `facility_id`) VALUES (360, 3);

-- INSERT INTO `reservation` (`id`, `creator_id`, `start_at`, `end_at`, `plan_id`, `plan_memo`) VALUES (361, "professor001", "2021-01-11 13:30:00", "2021-01-11 15:30:00", 1, "");
-- INSERT INTO `reservation_user` (`reservation_id`, `user_id`) VALUES (361, "professor001");
-- INSERT INTO `reservation_user` (`reservation_id`, `user_id`) VALUES (361, "student004");
-- INSERT INTO `reservation_facility` (`reservation_id`, `facility_id`) VALUES (361, 4);

-- INSERT INTO `reservation` (`id`, `creator_id`, `start_at`, `end_at`, `plan_id`, `plan_memo`) VALUES (362, "student002", "2021-01-11 19:00:00", "2021-01-11 21:00:00", 1, "");
-- INSERT INTO `reservation_user` (`reservation_id`, `user_id`) VALUES (362, "student002");
-- INSERT INTO `reservation_user` (`reservation_id`, `user_id`) VALUES (362, "student003");
-- INSERT INTO `reservation_user` (`reservation_id`, `user_id`) VALUES (362, "student004");
-- INSERT INTO `reservation_user` (`reservation_id`, `user_id`) VALUES (362, "professor001");
-- INSERT INTO `reservation_facility` (`reservation_id`, `facility_id`) VALUES (362, 4);

-- INSERT INTO `reservation` (`id`, `creator_id`, `start_at`, `end_at`, `plan_id`, `plan_memo`) VALUES (363, "student002", "2021-01-13 13:15:00", "2021-01-13 16:15:00", 1, "");
-- INSERT INTO `reservation_user` (`reservation_id`, `user_id`) VALUES (363, "student002");
-- INSERT INTO `reservation_user` (`reservation_id`, `user_id`) VALUES (363, "student004");
-- INSERT INTO `reservation_user` (`reservation_id`, `user_id`) VALUES (363, "professor001");
-- INSERT INTO `reservation_user` (`reservation_id`, `user_id`) VALUES (363, "professor002");
-- INSERT INTO `reservation_user` (`reservation_id`, `user_id`) VALUES (363, "professor004");
-- INSERT INTO `reservation_facility` (`reservation_id`, `facility_id`) VALUES (363, 1);

-- INSERT INTO `reservation` (`id`, `creator_id`, `start_at`, `end_at`, `plan_id`, `plan_memo`) VALUES (364, "professor002", "2021-01-14 16:30:00", "2021-01-14 19:30:00", 1, "");
-- INSERT INTO `reservation_user` (`reservation_id`, `user_id`) VALUES (364, "professor002");
-- INSERT INTO `reservation_user` (`reservation_id`, `user_id`) VALUES (364, "professor004");
-- INSERT INTO `reservation_user` (`reservation_id`, `user_id`) VALUES (364, "student004");
-- INSERT INTO `reservation_user` (`reservation_id`, `user_id`) VALUES (364, "student003");
-- INSERT INTO `reservation_user` (`reservation_id`, `user_id`) VALUES (364, "student001");
-- INSERT INTO `reservation_facility` (`reservation_id`, `facility_id`) VALUES (364, 2);

-- INSERT INTO `reservation` (`id`, `creator_id`, `start_at`, `end_at`, `plan_id`, `plan_memo`) VALUES (365, "professor001", "2021-01-15 11:45:00", "2021-01-15 12:45:00", 2, "");
-- INSERT INTO `reservation_user` (`reservation_id`, `user_id`) VALUES (365, "professor001");
-- INSERT INTO `reservation_user` (`reservation_id`, `user_id`) VALUES (365, "professor003");
-- INSERT INTO `reservation_user` (`reservation_id`, `user_id`) VALUES (365, "student002");
-- INSERT INTO `reservation_user` (`reservation_id`, `user_id`) VALUES (365, "student004");
-- INSERT INTO `reservation_facility` (`reservation_id`, `facility_id`) VALUES (365, 4);

-- INSERT INTO `reservation` (`id`, `creator_id`, `start_at`, `end_at`, `plan_id`, `plan_memo`) VALUES (366, "professor004", "2021-01-15 17:30:00", "2021-01-15 21:30:00", 1, "");
-- INSERT INTO `reservation_user` (`reservation_id`, `user_id`) VALUES (366, "professor004");
-- INSERT INTO `reservation_facility` (`reservation_id`, `facility_id`) VALUES (366, 4);

-- INSERT INTO `reservation` (`id`, `creator_id`, `start_at`, `end_at`, `plan_id`, `plan_memo`) VALUES (367, "student001", "2021-01-16 13:15:00", "2021-01-16 19:15:00", 2, "");
-- INSERT INTO `reservation_user` (`reservation_id`, `user_id`) VALUES (367, "student001");
-- INSERT INTO `reservation_facility` (`reservation_id`, `facility_id`) VALUES (367, 1);

-- INSERT INTO `reservation` (`id`, `creator_id`, `start_at`, `end_at`, `plan_id`, `plan_memo`) VALUES (368, "professor001", "2021-01-17 11:15:00", "2021-01-17 14:15:00", 1, "");
-- INSERT INTO `reservation_user` (`reservation_id`, `user_id`) VALUES (368, "professor001");
-- INSERT INTO `reservation_facility` (`reservation_id`, `facility_id`) VALUES (368, 4);

-- INSERT INTO `reservation` (`id`, `creator_id`, `start_at`, `end_at`, `plan_id`, `plan_memo`) VALUES (369, "professor003", "2021-01-18 12:45:00", "2021-01-18 14:45:00", 1, "");
-- INSERT INTO `reservation_user` (`reservation_id`, `user_id`) VALUES (369, "professor003");
-- INSERT INTO `reservation_user` (`reservation_id`, `user_id`) VALUES (369, "professor002");
-- INSERT INTO `reservation_user` (`reservation_id`, `user_id`) VALUES (369, "professor001");
-- INSERT INTO `reservation_user` (`reservation_id`, `user_id`) VALUES (369, "student004");
-- INSERT INTO `reservation_facility` (`reservation_id`, `facility_id`) VALUES (369, 4);

-- INSERT INTO `reservation` (`id`, `creator_id`, `start_at`, `end_at`, `plan_id`, `plan_memo`) VALUES (370, "student001", "2021-01-18 17:30:00", "2021-01-18 19:30:00", 1, "");
-- INSERT INTO `reservation_user` (`reservation_id`, `user_id`) VALUES (370, "student001");
-- INSERT INTO `reservation_user` (`reservation_id`, `user_id`) VALUES (370, "professor002");
-- INSERT INTO `reservation_user` (`reservation_id`, `user_id`) VALUES (370, "student004");
-- INSERT INTO `reservation_user` (`reservation_id`, `user_id`) VALUES (370, "student003");
-- INSERT INTO `reservation_user` (`reservation_id`, `user_id`) VALUES (370, "professor004");
-- INSERT INTO `reservation_user` (`reservation_id`, `user_id`) VALUES (370, "student002");
-- INSERT INTO `reservation_facility` (`reservation_id`, `facility_id`) VALUES (370, 3);

-- INSERT INTO `reservation` (`id`, `creator_id`, `start_at`, `end_at`, `plan_id`, `plan_memo`) VALUES (371, "professor004", "2021-01-18 20:15:00", "2021-01-18 23:15:00", 2, "");
-- INSERT INTO `reservation_user` (`reservation_id`, `user_id`) VALUES (371, "professor004");
-- INSERT INTO `reservation_facility` (`reservation_id`, `facility_id`) VALUES (371, 4);

-- INSERT INTO `reservation` (`id`, `creator_id`, `start_at`, `end_at`, `plan_id`, `plan_memo`) VALUES (372, "student001", "2021-01-19 20:30:00", "2021-01-19 22:30:00", 1, "");
-- INSERT INTO `reservation_user` (`reservation_id`, `user_id`) VALUES (372, "student001");
-- INSERT INTO `reservation_user` (`reservation_id`, `user_id`) VALUES (372, "student003");
-- INSERT INTO `reservation_user` (`reservation_id`, `user_id`) VALUES (372, "professor002");
-- INSERT INTO `reservation_facility` (`reservation_id`, `facility_id`) VALUES (372, 3);

-- INSERT INTO `reservation` (`id`, `creator_id`, `start_at`, `end_at`, `plan_id`, `plan_memo`) VALUES (373, "professor001", "2021-01-20 14:00:00", "2021-01-20 18:00:00", 2, "");
-- INSERT INTO `reservation_user` (`reservation_id`, `user_id`) VALUES (373, "professor001");
-- INSERT INTO `reservation_facility` (`reservation_id`, `facility_id`) VALUES (373, 3);

-- INSERT INTO `reservation` (`id`, `creator_id`, `start_at`, `end_at`, `plan_id`, `plan_memo`) VALUES (374, "professor004", "2021-01-21 13:15:00", "2021-01-21 16:15:00", 1, "");
-- INSERT INTO `reservation_user` (`reservation_id`, `user_id`) VALUES (374, "professor004");
-- INSERT INTO `reservation_user` (`reservation_id`, `user_id`) VALUES (374, "professor001");
-- INSERT INTO `reservation_facility` (`reservation_id`, `facility_id`) VALUES (374, 3);

-- INSERT INTO `reservation` (`id`, `creator_id`, `start_at`, `end_at`, `plan_id`, `plan_memo`) VALUES (375, "professor003", "2021-01-22 14:15:00", "2021-01-22 15:15:00", 2, "");
-- INSERT INTO `reservation_user` (`reservation_id`, `user_id`) VALUES (375, "professor003");
-- INSERT INTO `reservation_user` (`reservation_id`, `user_id`) VALUES (375, "student001");
-- INSERT INTO `reservation_user` (`reservation_id`, `user_id`) VALUES (375, "student003");
-- INSERT INTO `reservation_facility` (`reservation_id`, `facility_id`) VALUES (375, 1);

-- INSERT INTO `reservation` (`id`, `creator_id`, `start_at`, `end_at`, `plan_id`, `plan_memo`) VALUES (376, "student001", "2021-01-23 15:00:00", "2021-01-23 20:00:00", 2, "");
-- INSERT INTO `reservation_user` (`reservation_id`, `user_id`) VALUES (376, "student001");
-- INSERT INTO `reservation_user` (`reservation_id`, `user_id`) VALUES (376, "student004");
-- INSERT INTO `reservation_user` (`reservation_id`, `user_id`) VALUES (376, "professor001");
-- INSERT INTO `reservation_facility` (`reservation_id`, `facility_id`) VALUES (376, 2);

-- INSERT INTO `reservation` (`id`, `creator_id`, `start_at`, `end_at`, `plan_id`, `plan_memo`) VALUES (377, "professor002", "2021-01-24 10:45:00", "2021-01-24 13:45:00", 1, "");
-- INSERT INTO `reservation_user` (`reservation_id`, `user_id`) VALUES (377, "professor002");
-- INSERT INTO `reservation_facility` (`reservation_id`, `facility_id`) VALUES (377, 3);

-- INSERT INTO `reservation` (`id`, `creator_id`, `start_at`, `end_at`, `plan_id`, `plan_memo`) VALUES (378, "student004", "2021-01-24 15:00:00", "2021-01-24 18:00:00", 2, "");
-- INSERT INTO `reservation_user` (`reservation_id`, `user_id`) VALUES (378, "student004");
-- INSERT INTO `reservation_user` (`reservation_id`, `user_id`) VALUES (378, "professor003");
-- INSERT INTO `reservation_facility` (`reservation_id`, `facility_id`) VALUES (378, 4);

-- INSERT INTO `reservation` (`id`, `creator_id`, `start_at`, `end_at`, `plan_id`, `plan_memo`) VALUES (379, "student003", "2021-01-24 20:45:00", "2021-01-24 23:45:00", 1, "");
-- INSERT INTO `reservation_user` (`reservation_id`, `user_id`) VALUES (379, "student003");
-- INSERT INTO `reservation_facility` (`reservation_id`, `facility_id`) VALUES (379, 4);

-- INSERT INTO `reservation` (`id`, `creator_id`, `start_at`, `end_at`, `plan_id`, `plan_memo`) VALUES (380, "student003", "2021-01-29 14:30:00", "2021-01-29 18:30:00", 1, "");
-- INSERT INTO `reservation_user` (`reservation_id`, `user_id`) VALUES (380, "student003");
-- INSERT INTO `reservation_user` (`reservation_id`, `user_id`) VALUES (380, "student004");
-- INSERT INTO `reservation_user` (`reservation_id`, `user_id`) VALUES (380, "professor004");
-- INSERT INTO `reservation_user` (`reservation_id`, `user_id`) VALUES (380, "professor002");
-- INSERT INTO `reservation_user` (`reservation_id`, `user_id`) VALUES (380, "student002");
-- INSERT INTO `reservation_user` (`reservation_id`, `user_id`) VALUES (380, "professor003");
-- INSERT INTO `reservation_facility` (`reservation_id`, `facility_id`) VALUES (380, 2);

-- INSERT INTO `reservation` (`id`, `creator_id`, `start_at`, `end_at`, `plan_id`, `plan_memo`) VALUES (381, "professor002", "2021-01-31 08:45:00", "2021-01-31 11:45:00", 1, "");
-- INSERT INTO `reservation_user` (`reservation_id`, `user_id`) VALUES (381, "professor002");
-- INSERT INTO `reservation_user` (`reservation_id`, `user_id`) VALUES (381, "professor003");
-- INSERT INTO `reservation_user` (`reservation_id`, `user_id`) VALUES (381, "student001");
-- INSERT INTO `reservation_user` (`reservation_id`, `user_id`) VALUES (381, "professor004");
-- INSERT INTO `reservation_user` (`reservation_id`, `user_id`) VALUES (381, "professor001");
-- INSERT INTO `reservation_facility` (`reservation_id`, `facility_id`) VALUES (381, 1);

-- INSERT INTO `reservation` (`id`, `creator_id`, `start_at`, `end_at`, `plan_id`, `plan_memo`) VALUES (382, "professor002", "2021-01-31 12:45:00", "2021-01-31 15:45:00", 2, "");
-- INSERT INTO `reservation_user` (`reservation_id`, `user_id`) VALUES (382, "professor002");
-- INSERT INTO `reservation_facility` (`reservation_id`, `facility_id`) VALUES (382, 1);

-- INSERT INTO `reservation` (`id`, `creator_id`, `start_at`, `end_at`, `plan_id`, `plan_memo`) VALUES (383, "professor002", "2021-02-01 09:00:00", "2021-02-01 15:00:00", 2, "");
-- INSERT INTO `reservation_user` (`reservation_id`, `user_id`) VALUES (383, "professor002");
-- INSERT INTO `reservation_facility` (`reservation_id`, `facility_id`) VALUES (383, 1);

-- INSERT INTO `reservation` (`id`, `creator_id`, `start_at`, `end_at`, `plan_id`, `plan_memo`) VALUES (384, "professor004", "2021-02-02 07:30:00", "2021-02-02 08:30:00", 2, "");
-- INSERT INTO `reservation_user` (`reservation_id`, `user_id`) VALUES (384, "professor004");
-- INSERT INTO `reservation_user` (`reservation_id`, `user_id`) VALUES (384, "student002");
-- INSERT INTO `reservation_facility` (`reservation_id`, `facility_id`) VALUES (384, 2);

-- INSERT INTO `reservation` (`id`, `creator_id`, `start_at`, `end_at`, `plan_id`, `plan_memo`) VALUES (385, "student004", "2021-02-02 10:45:00", "2021-02-02 15:45:00", 2, "");
-- INSERT INTO `reservation_user` (`reservation_id`, `user_id`) VALUES (385, "student004");
-- INSERT INTO `reservation_facility` (`reservation_id`, `facility_id`) VALUES (385, 1);

-- INSERT INTO `reservation` (`id`, `creator_id`, `start_at`, `end_at`, `plan_id`, `plan_memo`) VALUES (386, "student002", "2021-02-02 16:45:00", "2021-02-02 22:45:00", 1, "");
-- INSERT INTO `reservation_user` (`reservation_id`, `user_id`) VALUES (386, "student002");
-- INSERT INTO `reservation_facility` (`reservation_id`, `facility_id`) VALUES (386, 3);

-- INSERT INTO `reservation` (`id`, `creator_id`, `start_at`, `end_at`, `plan_id`, `plan_memo`) VALUES (387, "student001", "2021-02-03 12:15:00", "2021-02-03 13:15:00", 2, "");
-- INSERT INTO `reservation_user` (`reservation_id`, `user_id`) VALUES (387, "student001");
-- INSERT INTO `reservation_user` (`reservation_id`, `user_id`) VALUES (387, "student004");
-- INSERT INTO `reservation_user` (`reservation_id`, `user_id`) VALUES (387, "professor001");
-- INSERT INTO `reservation_user` (`reservation_id`, `user_id`) VALUES (387, "student002");
-- INSERT INTO `reservation_user` (`reservation_id`, `user_id`) VALUES (387, "professor002");
-- INSERT INTO `reservation_facility` (`reservation_id`, `facility_id`) VALUES (387, 3);

-- INSERT INTO `reservation` (`id`, `creator_id`, `start_at`, `end_at`, `plan_id`, `plan_memo`) VALUES (388, "student003", "2021-02-04 14:15:00", "2021-02-04 19:15:00", 1, "");
-- INSERT INTO `reservation_user` (`reservation_id`, `user_id`) VALUES (388, "student003");
-- INSERT INTO `reservation_user` (`reservation_id`, `user_id`) VALUES (388, "student001");
-- INSERT INTO `reservation_user` (`reservation_id`, `user_id`) VALUES (388, "student002");
-- INSERT INTO `reservation_facility` (`reservation_id`, `facility_id`) VALUES (388, 3);

-- INSERT INTO `reservation` (`id`, `creator_id`, `start_at`, `end_at`, `plan_id`, `plan_memo`) VALUES (389, "student003", "2021-02-05 08:00:00", "2021-02-05 12:00:00", 2, "");
-- INSERT INTO `reservation_user` (`reservation_id`, `user_id`) VALUES (389, "student003");
-- INSERT INTO `reservation_user` (`reservation_id`, `user_id`) VALUES (389, "student002");
-- INSERT INTO `reservation_user` (`reservation_id`, `user_id`) VALUES (389, "professor002");
-- INSERT INTO `reservation_user` (`reservation_id`, `user_id`) VALUES (389, "professor001");
-- INSERT INTO `reservation_user` (`reservation_id`, `user_id`) VALUES (389, "student004");
-- INSERT INTO `reservation_user` (`reservation_id`, `user_id`) VALUES (389, "student001");
-- INSERT INTO `reservation_facility` (`reservation_id`, `facility_id`) VALUES (389, 2);

-- INSERT INTO `reservation` (`id`, `creator_id`, `start_at`, `end_at`, `plan_id`, `plan_memo`) VALUES (390, "professor002", "2021-02-06 13:45:00", "2021-02-06 16:45:00", 1, "");
-- INSERT INTO `reservation_user` (`reservation_id`, `user_id`) VALUES (390, "professor002");
-- INSERT INTO `reservation_user` (`reservation_id`, `user_id`) VALUES (390, "student002");
-- INSERT INTO `reservation_facility` (`reservation_id`, `facility_id`) VALUES (390, 2);

-- INSERT INTO `reservation` (`id`, `creator_id`, `start_at`, `end_at`, `plan_id`, `plan_memo`) VALUES (391, "student003", "2021-02-07 11:30:00", "2021-02-07 14:30:00", 1, "");
-- INSERT INTO `reservation_user` (`reservation_id`, `user_id`) VALUES (391, "student003");
-- INSERT INTO `reservation_user` (`reservation_id`, `user_id`) VALUES (391, "student004");
-- INSERT INTO `reservation_user` (`reservation_id`, `user_id`) VALUES (391, "professor002");
-- INSERT INTO `reservation_facility` (`reservation_id`, `facility_id`) VALUES (391, 1);

-- INSERT INTO `reservation` (`id`, `creator_id`, `start_at`, `end_at`, `plan_id`, `plan_memo`) VALUES (392, "professor003", "2021-02-07 17:45:00", "2021-02-07 20:45:00", 2, "");
-- INSERT INTO `reservation_user` (`reservation_id`, `user_id`) VALUES (392, "professor003");
-- INSERT INTO `reservation_user` (`reservation_id`, `user_id`) VALUES (392, "student004");
-- INSERT INTO `reservation_user` (`reservation_id`, `user_id`) VALUES (392, "student002");
-- INSERT INTO `reservation_user` (`reservation_id`, `user_id`) VALUES (392, "student001");
-- INSERT INTO `reservation_user` (`reservation_id`, `user_id`) VALUES (392, "professor004");
-- INSERT INTO `reservation_facility` (`reservation_id`, `facility_id`) VALUES (392, 3);

-- INSERT INTO `reservation` (`id`, `creator_id`, `start_at`, `end_at`, `plan_id`, `plan_memo`) VALUES (393, "professor004", "2021-02-08 13:30:00", "2021-02-08 16:30:00", 1, "");
-- INSERT INTO `reservation_user` (`reservation_id`, `user_id`) VALUES (393, "professor004");
-- INSERT INTO `reservation_facility` (`reservation_id`, `facility_id`) VALUES (393, 1);

-- INSERT INTO `reservation` (`id`, `creator_id`, `start_at`, `end_at`, `plan_id`, `plan_memo`) VALUES (394, "student002", "2021-02-09 12:30:00", "2021-02-09 17:30:00", 1, "");
-- INSERT INTO `reservation_user` (`reservation_id`, `user_id`) VALUES (394, "student002");
-- INSERT INTO `reservation_user` (`reservation_id`, `user_id`) VALUES (394, "student004");
-- INSERT INTO `reservation_user` (`reservation_id`, `user_id`) VALUES (394, "student001");
-- INSERT INTO `reservation_user` (`reservation_id`, `user_id`) VALUES (394, "professor004");
-- INSERT INTO `reservation_user` (`reservation_id`, `user_id`) VALUES (394, "professor003");
-- INSERT INTO `reservation_user` (`reservation_id`, `user_id`) VALUES (394, "student003");
-- INSERT INTO `reservation_facility` (`reservation_id`, `facility_id`) VALUES (394, 1);

-- INSERT INTO `reservation` (`id`, `creator_id`, `start_at`, `end_at`, `plan_id`, `plan_memo`) VALUES (395, "professor003", "2021-02-10 07:00:00", "2021-02-10 13:00:00", 1, "");
-- INSERT INTO `reservation_user` (`reservation_id`, `user_id`) VALUES (395, "professor003");
-- INSERT INTO `reservation_facility` (`reservation_id`, `facility_id`) VALUES (395, 4);

-- INSERT INTO `reservation` (`id`, `creator_id`, `start_at`, `end_at`, `plan_id`, `plan_memo`) VALUES (396, "professor004", "2021-02-10 13:30:00", "2021-02-10 14:30:00", 1, "");
-- INSERT INTO `reservation_user` (`reservation_id`, `user_id`) VALUES (396, "professor004");
-- INSERT INTO `reservation_user` (`reservation_id`, `user_id`) VALUES (396, "professor001");
-- INSERT INTO `reservation_user` (`reservation_id`, `user_id`) VALUES (396, "student004");
-- INSERT INTO `reservation_user` (`reservation_id`, `user_id`) VALUES (396, "student002");
-- INSERT INTO `reservation_user` (`reservation_id`, `user_id`) VALUES (396, "student001");
-- INSERT INTO `reservation_facility` (`reservation_id`, `facility_id`) VALUES (396, 2);

-- INSERT INTO `reservation` (`id`, `creator_id`, `start_at`, `end_at`, `plan_id`, `plan_memo`) VALUES (397, "student001", "2021-02-10 18:45:00", "2021-02-10 23:45:00", 1, "");
-- INSERT INTO `reservation_user` (`reservation_id`, `user_id`) VALUES (397, "student001");
-- INSERT INTO `reservation_facility` (`reservation_id`, `facility_id`) VALUES (397, 1);

-- INSERT INTO `reservation` (`id`, `creator_id`, `start_at`, `end_at`, `plan_id`, `plan_memo`) VALUES (398, "professor003", "2021-02-12 18:45:00", "2021-02-12 19:45:00", 2, "");
-- INSERT INTO `reservation_user` (`reservation_id`, `user_id`) VALUES (398, "professor003");
-- INSERT INTO `reservation_user` (`reservation_id`, `user_id`) VALUES (398, "student002");
-- INSERT INTO `reservation_facility` (`reservation_id`, `facility_id`) VALUES (398, 2);

-- INSERT INTO `reservation` (`id`, `creator_id`, `start_at`, `end_at`, `plan_id`, `plan_memo`) VALUES (399, "professor002", "2021-02-12 19:45:00", "2021-02-12 21:45:00", 1, "");
-- INSERT INTO `reservation_user` (`reservation_id`, `user_id`) VALUES (399, "professor002");
-- INSERT INTO `reservation_user` (`reservation_id`, `user_id`) VALUES (399, "professor003");
-- INSERT INTO `reservation_user` (`reservation_id`, `user_id`) VALUES (399, "student004");
-- INSERT INTO `reservation_facility` (`reservation_id`, `facility_id`) VALUES (399, 2);

-- INSERT INTO `reservation` (`id`, `creator_id`, `start_at`, `end_at`, `plan_id`, `plan_memo`) VALUES (400, "professor001", "2021-02-17 08:00:00", "2021-02-17 10:00:00", 1, "");
-- INSERT INTO `reservation_user` (`reservation_id`, `user_id`) VALUES (400, "professor001");
-- INSERT INTO `reservation_user` (`reservation_id`, `user_id`) VALUES (400, "professor002");
-- INSERT INTO `reservation_user` (`reservation_id`, `user_id`) VALUES (400, "student004");
-- INSERT INTO `reservation_user` (`reservation_id`, `user_id`) VALUES (400, "student002");
-- INSERT INTO `reservation_user` (`reservation_id`, `user_id`) VALUES (400, "professor004");
-- INSERT INTO `reservation_user` (`reservation_id`, `user_id`) VALUES (400, "professor003");
-- INSERT INTO `reservation_facility` (`reservation_id`, `facility_id`) VALUES (400, 2);

-- INSERT INTO `reservation` (`id`, `creator_id`, `start_at`, `end_at`, `plan_id`, `plan_memo`) VALUES (401, "student004", "2021-02-17 10:00:00", "2021-02-17 12:00:00", 2, "");
-- INSERT INTO `reservation_user` (`reservation_id`, `user_id`) VALUES (401, "student004");
-- INSERT INTO `reservation_user` (`reservation_id`, `user_id`) VALUES (401, "professor003");
-- INSERT INTO `reservation_user` (`reservation_id`, `user_id`) VALUES (401, "professor002");
-- INSERT INTO `reservation_user` (`reservation_id`, `user_id`) VALUES (401, "student001");
-- INSERT INTO `reservation_user` (`reservation_id`, `user_id`) VALUES (401, "professor004");
-- INSERT INTO `reservation_user` (`reservation_id`, `user_id`) VALUES (401, "professor001");
-- INSERT INTO `reservation_facility` (`reservation_id`, `facility_id`) VALUES (401, 3);

-- INSERT INTO `reservation` (`id`, `creator_id`, `start_at`, `end_at`, `plan_id`, `plan_memo`) VALUES (402, "professor001", "2021-02-17 12:45:00", "2021-02-17 14:45:00", 2, "");
-- INSERT INTO `reservation_user` (`reservation_id`, `user_id`) VALUES (402, "professor001");
-- INSERT INTO `reservation_facility` (`reservation_id`, `facility_id`) VALUES (402, 3);

-- INSERT INTO `reservation` (`id`, `creator_id`, `start_at`, `end_at`, `plan_id`, `plan_memo`) VALUES (403, "student001", "2021-02-19 08:00:00", "2021-02-19 10:00:00", 1, "");
-- INSERT INTO `reservation_user` (`reservation_id`, `user_id`) VALUES (403, "student001");
-- INSERT INTO `reservation_user` (`reservation_id`, `user_id`) VALUES (403, "student003");
-- INSERT INTO `reservation_user` (`reservation_id`, `user_id`) VALUES (403, "professor001");
-- INSERT INTO `reservation_facility` (`reservation_id`, `facility_id`) VALUES (403, 3);

-- INSERT INTO `reservation` (`id`, `creator_id`, `start_at`, `end_at`, `plan_id`, `plan_memo`) VALUES (404, "student002", "2021-02-20 07:15:00", "2021-02-20 13:15:00", 1, "");
-- INSERT INTO `reservation_user` (`reservation_id`, `user_id`) VALUES (404, "student002");
-- INSERT INTO `reservation_facility` (`reservation_id`, `facility_id`) VALUES (404, 1);

-- INSERT INTO `reservation` (`id`, `creator_id`, `start_at`, `end_at`, `plan_id`, `plan_memo`) VALUES (405, "professor001", "2021-02-21 19:45:00", "2021-02-21 23:45:00", 2, "");
-- INSERT INTO `reservation_user` (`reservation_id`, `user_id`) VALUES (405, "professor001");
-- INSERT INTO `reservation_user` (`reservation_id`, `user_id`) VALUES (405, "student001");
-- INSERT INTO `reservation_facility` (`reservation_id`, `facility_id`) VALUES (405, 4);

-- INSERT INTO `reservation` (`id`, `creator_id`, `start_at`, `end_at`, `plan_id`, `plan_memo`) VALUES (406, "professor002", "2021-02-22 08:30:00", "2021-02-22 14:30:00", 2, "");
-- INSERT INTO `reservation_user` (`reservation_id`, `user_id`) VALUES (406, "professor002");
-- INSERT INTO `reservation_facility` (`reservation_id`, `facility_id`) VALUES (406, 3);

-- INSERT INTO `reservation` (`id`, `creator_id`, `start_at`, `end_at`, `plan_id`, `plan_memo`) VALUES (407, "student003", "2021-02-22 18:45:00", "2021-02-22 20:45:00", 1, "");
-- INSERT INTO `reservation_user` (`reservation_id`, `user_id`) VALUES (407, "student003");
-- INSERT INTO `reservation_facility` (`reservation_id`, `facility_id`) VALUES (407, 1);

-- INSERT INTO `reservation` (`id`, `creator_id`, `start_at`, `end_at`, `plan_id`, `plan_memo`) VALUES (408, "student001", "2021-02-23 10:00:00", "2021-02-23 11:00:00", 2, "");
-- INSERT INTO `reservation_user` (`reservation_id`, `user_id`) VALUES (408, "student001");
-- INSERT INTO `reservation_user` (`reservation_id`, `user_id`) VALUES (408, "student002");
-- INSERT INTO `reservation_user` (`reservation_id`, `user_id`) VALUES (408, "professor002");
-- INSERT INTO `reservation_user` (`reservation_id`, `user_id`) VALUES (408, "student004");
-- INSERT INTO `reservation_user` (`reservation_id`, `user_id`) VALUES (408, "professor003");
-- INSERT INTO `reservation_facility` (`reservation_id`, `facility_id`) VALUES (408, 1);

-- INSERT INTO `reservation` (`id`, `creator_id`, `start_at`, `end_at`, `plan_id`, `plan_memo`) VALUES (409, "professor002", "2021-02-26 09:15:00", "2021-02-26 12:15:00", 1, "");
-- INSERT INTO `reservation_user` (`reservation_id`, `user_id`) VALUES (409, "professor002");
-- INSERT INTO `reservation_user` (`reservation_id`, `user_id`) VALUES (409, "student001");
-- INSERT INTO `reservation_user` (`reservation_id`, `user_id`) VALUES (409, "student002");
-- INSERT INTO `reservation_facility` (`reservation_id`, `facility_id`) VALUES (409, 3);

-- INSERT INTO `reservation` (`id`, `creator_id`, `start_at`, `end_at`, `plan_id`, `plan_memo`) VALUES (410, "student001", "2021-02-26 15:00:00", "2021-02-26 21:00:00", 2, "");
-- INSERT INTO `reservation_user` (`reservation_id`, `user_id`) VALUES (410, "student001");
-- INSERT INTO `reservation_user` (`reservation_id`, `user_id`) VALUES (410, "professor004");
-- INSERT INTO `reservation_user` (`reservation_id`, `user_id`) VALUES (410, "professor001");
-- INSERT INTO `reservation_user` (`reservation_id`, `user_id`) VALUES (410, "student002");
-- INSERT INTO `reservation_user` (`reservation_id`, `user_id`) VALUES (410, "professor002");
-- INSERT INTO `reservation_user` (`reservation_id`, `user_id`) VALUES (410, "student003");
-- INSERT INTO `reservation_facility` (`reservation_id`, `facility_id`) VALUES (410, 3);

-- INSERT INTO `reservation` (`id`, `creator_id`, `start_at`, `end_at`, `plan_id`, `plan_memo`) VALUES (411, "professor002", "2021-02-27 13:00:00", "2021-02-27 18:00:00", 1, "");
-- INSERT INTO `reservation_user` (`reservation_id`, `user_id`) VALUES (411, "professor002");
-- INSERT INTO `reservation_user` (`reservation_id`, `user_id`) VALUES (411, "student002");
-- INSERT INTO `reservation_user` (`reservation_id`, `user_id`) VALUES (411, "professor004");
-- INSERT INTO `reservation_user` (`reservation_id`, `user_id`) VALUES (411, "student004");
-- INSERT INTO `reservation_user` (`reservation_id`, `user_id`) VALUES (411, "student001");
-- INSERT INTO `reservation_user` (`reservation_id`, `user_id`) VALUES (411, "professor003");
-- INSERT INTO `reservation_facility` (`reservation_id`, `facility_id`) VALUES (411, 1);

-- INSERT INTO `reservation` (`id`, `creator_id`, `start_at`, `end_at`, `plan_id`, `plan_memo`) VALUES (412, "student001", "2021-02-27 18:15:00", "2021-02-27 22:15:00", 2, "");
-- INSERT INTO `reservation_user` (`reservation_id`, `user_id`) VALUES (412, "student001");
-- INSERT INTO `reservation_user` (`reservation_id`, `user_id`) VALUES (412, "professor002");
-- INSERT INTO `reservation_user` (`reservation_id`, `user_id`) VALUES (412, "student002");
-- INSERT INTO `reservation_user` (`reservation_id`, `user_id`) VALUES (412, "professor004");
-- INSERT INTO `reservation_facility` (`reservation_id`, `facility_id`) VALUES (412, 4);

-- INSERT INTO `reservation` (`id`, `creator_id`, `start_at`, `end_at`, `plan_id`, `plan_memo`) VALUES (413, "professor001", "2021-03-02 08:00:00", "2021-03-02 12:00:00", 1, "");
-- INSERT INTO `reservation_user` (`reservation_id`, `user_id`) VALUES (413, "professor001");
-- INSERT INTO `reservation_facility` (`reservation_id`, `facility_id`) VALUES (413, 2);

-- INSERT INTO `reservation` (`id`, `creator_id`, `start_at`, `end_at`, `plan_id`, `plan_memo`) VALUES (414, "professor002", "2021-03-02 16:15:00", "2021-03-02 17:15:00", 1, "");
-- INSERT INTO `reservation_user` (`reservation_id`, `user_id`) VALUES (414, "professor002");
-- INSERT INTO `reservation_user` (`reservation_id`, `user_id`) VALUES (414, "professor001");
-- INSERT INTO `reservation_user` (`reservation_id`, `user_id`) VALUES (414, "student001");
-- INSERT INTO `reservation_user` (`reservation_id`, `user_id`) VALUES (414, "student002");
-- INSERT INTO `reservation_user` (`reservation_id`, `user_id`) VALUES (414, "professor004");
-- INSERT INTO `reservation_user` (`reservation_id`, `user_id`) VALUES (414, "student003");
-- INSERT INTO `reservation_facility` (`reservation_id`, `facility_id`) VALUES (414, 4);

-- INSERT INTO `reservation` (`id`, `creator_id`, `start_at`, `end_at`, `plan_id`, `plan_memo`) VALUES (415, "student002", "2021-03-03 08:15:00", "2021-03-03 12:15:00", 1, "");
-- INSERT INTO `reservation_user` (`reservation_id`, `user_id`) VALUES (415, "student002");
-- INSERT INTO `reservation_user` (`reservation_id`, `user_id`) VALUES (415, "professor001");
-- INSERT INTO `reservation_user` (`reservation_id`, `user_id`) VALUES (415, "student004");
-- INSERT INTO `reservation_facility` (`reservation_id`, `facility_id`) VALUES (415, 3);

-- INSERT INTO `reservation` (`id`, `creator_id`, `start_at`, `end_at`, `plan_id`, `plan_memo`) VALUES (416, "professor001", "2021-03-05 08:30:00", "2021-03-05 10:30:00", 1, "");
-- INSERT INTO `reservation_user` (`reservation_id`, `user_id`) VALUES (416, "professor001");
-- INSERT INTO `reservation_user` (`reservation_id`, `user_id`) VALUES (416, "student003");
-- INSERT INTO `reservation_user` (`reservation_id`, `user_id`) VALUES (416, "professor004");
-- INSERT INTO `reservation_user` (`reservation_id`, `user_id`) VALUES (416, "student001");
-- INSERT INTO `reservation_user` (`reservation_id`, `user_id`) VALUES (416, "student004");
-- INSERT INTO `reservation_facility` (`reservation_id`, `facility_id`) VALUES (416, 3);

-- INSERT INTO `reservation` (`id`, `creator_id`, `start_at`, `end_at`, `plan_id`, `plan_memo`) VALUES (417, "professor002", "2021-03-05 15:15:00", "2021-03-05 17:15:00", 2, "");
-- INSERT INTO `reservation_user` (`reservation_id`, `user_id`) VALUES (417, "professor002");
-- INSERT INTO `reservation_user` (`reservation_id`, `user_id`) VALUES (417, "student003");
-- INSERT INTO `reservation_user` (`reservation_id`, `user_id`) VALUES (417, "professor001");
-- INSERT INTO `reservation_facility` (`reservation_id`, `facility_id`) VALUES (417, 3);

-- INSERT INTO `reservation` (`id`, `creator_id`, `start_at`, `end_at`, `plan_id`, `plan_memo`) VALUES (418, "professor004", "2021-03-06 11:15:00", "2021-03-06 14:15:00", 2, "");
-- INSERT INTO `reservation_user` (`reservation_id`, `user_id`) VALUES (418, "professor004");
-- INSERT INTO `reservation_user` (`reservation_id`, `user_id`) VALUES (418, "student001");
-- INSERT INTO `reservation_facility` (`reservation_id`, `facility_id`) VALUES (418, 3);

-- INSERT INTO `reservation` (`id`, `creator_id`, `start_at`, `end_at`, `plan_id`, `plan_memo`) VALUES (419, "student002", "2021-03-06 17:15:00", "2021-03-06 23:15:00", 1, "");
-- INSERT INTO `reservation_user` (`reservation_id`, `user_id`) VALUES (419, "student002");
-- INSERT INTO `reservation_user` (`reservation_id`, `user_id`) VALUES (419, "professor001");
-- INSERT INTO `reservation_user` (`reservation_id`, `user_id`) VALUES (419, "professor004");
-- INSERT INTO `reservation_facility` (`reservation_id`, `facility_id`) VALUES (419, 1);

-- INSERT INTO `reservation` (`id`, `creator_id`, `start_at`, `end_at`, `plan_id`, `plan_memo`) VALUES (420, "professor003", "2021-03-07 11:15:00", "2021-03-07 14:15:00", 2, "");
-- INSERT INTO `reservation_user` (`reservation_id`, `user_id`) VALUES (420, "professor003");
-- INSERT INTO `reservation_user` (`reservation_id`, `user_id`) VALUES (420, "student001");
-- INSERT INTO `reservation_user` (`reservation_id`, `user_id`) VALUES (420, "student002");
-- INSERT INTO `reservation_user` (`reservation_id`, `user_id`) VALUES (420, "professor002");
-- INSERT INTO `reservation_facility` (`reservation_id`, `facility_id`) VALUES (420, 2);

-- INSERT INTO `reservation` (`id`, `creator_id`, `start_at`, `end_at`, `plan_id`, `plan_memo`) VALUES (421, "student001", "2021-03-07 15:30:00", "2021-03-07 17:30:00", 2, "");
-- INSERT INTO `reservation_user` (`reservation_id`, `user_id`) VALUES (421, "student001");
-- INSERT INTO `reservation_user` (`reservation_id`, `user_id`) VALUES (421, "student004");
-- INSERT INTO `reservation_user` (`reservation_id`, `user_id`) VALUES (421, "professor001");
-- INSERT INTO `reservation_user` (`reservation_id`, `user_id`) VALUES (421, "professor003");
-- INSERT INTO `reservation_facility` (`reservation_id`, `facility_id`) VALUES (421, 1);

-- INSERT INTO `reservation` (`id`, `creator_id`, `start_at`, `end_at`, `plan_id`, `plan_memo`) VALUES (422, "professor003", "2021-03-07 20:15:00", "2021-03-07 21:15:00", 1, "");
-- INSERT INTO `reservation_user` (`reservation_id`, `user_id`) VALUES (422, "professor003");
-- INSERT INTO `reservation_user` (`reservation_id`, `user_id`) VALUES (422, "student001");
-- INSERT INTO `reservation_user` (`reservation_id`, `user_id`) VALUES (422, "professor004");
-- INSERT INTO `reservation_user` (`reservation_id`, `user_id`) VALUES (422, "student004");
-- INSERT INTO `reservation_user` (`reservation_id`, `user_id`) VALUES (422, "student002");
-- INSERT INTO `reservation_facility` (`reservation_id`, `facility_id`) VALUES (422, 4);

-- INSERT INTO `reservation` (`id`, `creator_id`, `start_at`, `end_at`, `plan_id`, `plan_memo`) VALUES (423, "professor002", "2021-03-09 08:15:00", "2021-03-09 11:15:00", 2, "");
-- INSERT INTO `reservation_user` (`reservation_id`, `user_id`) VALUES (423, "professor002");
-- INSERT INTO `reservation_user` (`reservation_id`, `user_id`) VALUES (423, "student002");
-- INSERT INTO `reservation_facility` (`reservation_id`, `facility_id`) VALUES (423, 4);

-- INSERT INTO `reservation` (`id`, `creator_id`, `start_at`, `end_at`, `plan_id`, `plan_memo`) VALUES (424, "professor003", "2021-03-10 12:30:00", "2021-03-10 15:30:00", 1, "");
-- INSERT INTO `reservation_user` (`reservation_id`, `user_id`) VALUES (424, "professor003");
-- INSERT INTO `reservation_user` (`reservation_id`, `user_id`) VALUES (424, "student002");
-- INSERT INTO `reservation_user` (`reservation_id`, `user_id`) VALUES (424, "student003");
-- INSERT INTO `reservation_user` (`reservation_id`, `user_id`) VALUES (424, "professor001");
-- INSERT INTO `reservation_facility` (`reservation_id`, `facility_id`) VALUES (424, 1);

-- INSERT INTO `reservation` (`id`, `creator_id`, `start_at`, `end_at`, `plan_id`, `plan_memo`) VALUES (425, "student004", "2021-03-12 09:45:00", "2021-03-12 14:45:00", 1, "");
-- INSERT INTO `reservation_user` (`reservation_id`, `user_id`) VALUES (425, "student004");
-- INSERT INTO `reservation_user` (`reservation_id`, `user_id`) VALUES (425, "professor004");
-- INSERT INTO `reservation_facility` (`reservation_id`, `facility_id`) VALUES (425, 3);

-- INSERT INTO `reservation` (`id`, `creator_id`, `start_at`, `end_at`, `plan_id`, `plan_memo`) VALUES (426, "professor004", "2021-03-12 15:00:00", "2021-03-12 16:00:00", 2, "");
-- INSERT INTO `reservation_user` (`reservation_id`, `user_id`) VALUES (426, "professor004");
-- INSERT INTO `reservation_user` (`reservation_id`, `user_id`) VALUES (426, "professor001");
-- INSERT INTO `reservation_user` (`reservation_id`, `user_id`) VALUES (426, "student001");
-- INSERT INTO `reservation_user` (`reservation_id`, `user_id`) VALUES (426, "student003");
-- INSERT INTO `reservation_user` (`reservation_id`, `user_id`) VALUES (426, "student002");
-- INSERT INTO `reservation_facility` (`reservation_id`, `facility_id`) VALUES (426, 2);

-- INSERT INTO `reservation` (`id`, `creator_id`, `start_at`, `end_at`, `plan_id`, `plan_memo`) VALUES (427, "professor003", "2021-03-12 16:30:00", "2021-03-12 22:30:00", 1, "");
-- INSERT INTO `reservation_user` (`reservation_id`, `user_id`) VALUES (427, "professor003");
-- INSERT INTO `reservation_user` (`reservation_id`, `user_id`) VALUES (427, "professor002");
-- INSERT INTO `reservation_user` (`reservation_id`, `user_id`) VALUES (427, "professor004");
-- INSERT INTO `reservation_user` (`reservation_id`, `user_id`) VALUES (427, "student002");
-- INSERT INTO `reservation_facility` (`reservation_id`, `facility_id`) VALUES (427, 3);

-- INSERT INTO `reservation` (`id`, `creator_id`, `start_at`, `end_at`, `plan_id`, `plan_memo`) VALUES (428, "professor001", "2021-03-17 10:45:00", "2021-03-17 11:45:00", 1, "");
-- INSERT INTO `reservation_user` (`reservation_id`, `user_id`) VALUES (428, "professor001");
-- INSERT INTO `reservation_user` (`reservation_id`, `user_id`) VALUES (428, "student001");
-- INSERT INTO `reservation_user` (`reservation_id`, `user_id`) VALUES (428, "professor002");
-- INSERT INTO `reservation_user` (`reservation_id`, `user_id`) VALUES (428, "student004");
-- INSERT INTO `reservation_user` (`reservation_id`, `user_id`) VALUES (428, "professor003");
-- INSERT INTO `reservation_user` (`reservation_id`, `user_id`) VALUES (428, "professor004");
-- INSERT INTO `reservation_facility` (`reservation_id`, `facility_id`) VALUES (428, 3);

-- INSERT INTO `reservation` (`id`, `creator_id`, `start_at`, `end_at`, `plan_id`, `plan_memo`) VALUES (429, "student002", "2021-03-17 12:45:00", "2021-03-17 15:45:00", 1, "");
-- INSERT INTO `reservation_user` (`reservation_id`, `user_id`) VALUES (429, "student002");
-- INSERT INTO `reservation_facility` (`reservation_id`, `facility_id`) VALUES (429, 2);

-- INSERT INTO `reservation` (`id`, `creator_id`, `start_at`, `end_at`, `plan_id`, `plan_memo`) VALUES (430, "professor002", "2021-03-17 16:00:00", "2021-03-17 19:00:00", 2, "");
-- INSERT INTO `reservation_user` (`reservation_id`, `user_id`) VALUES (430, "professor002");
-- INSERT INTO `reservation_user` (`reservation_id`, `user_id`) VALUES (430, "student003");
-- INSERT INTO `reservation_user` (`reservation_id`, `user_id`) VALUES (430, "professor001");
-- INSERT INTO `reservation_user` (`reservation_id`, `user_id`) VALUES (430, "professor003");
-- INSERT INTO `reservation_user` (`reservation_id`, `user_id`) VALUES (430, "professor004");
-- INSERT INTO `reservation_user` (`reservation_id`, `user_id`) VALUES (430, "student002");
-- INSERT INTO `reservation_facility` (`reservation_id`, `facility_id`) VALUES (430, 4);

-- INSERT INTO `reservation` (`id`, `creator_id`, `start_at`, `end_at`, `plan_id`, `plan_memo`) VALUES (431, "student002", "2021-03-19 07:30:00", "2021-03-19 12:30:00", 1, "");
-- INSERT INTO `reservation_user` (`reservation_id`, `user_id`) VALUES (431, "student002");
-- INSERT INTO `reservation_user` (`reservation_id`, `user_id`) VALUES (431, "professor002");
-- INSERT INTO `reservation_user` (`reservation_id`, `user_id`) VALUES (431, "professor004");
-- INSERT INTO `reservation_user` (`reservation_id`, `user_id`) VALUES (431, "professor001");
-- INSERT INTO `reservation_user` (`reservation_id`, `user_id`) VALUES (431, "student004");
-- INSERT INTO `reservation_user` (`reservation_id`, `user_id`) VALUES (431, "student003");
-- INSERT INTO `reservation_facility` (`reservation_id`, `facility_id`) VALUES (431, 1);

-- INSERT INTO `reservation` (`id`, `creator_id`, `start_at`, `end_at`, `plan_id`, `plan_memo`) VALUES (432, "professor002", "2021-03-20 17:45:00", "2021-03-20 21:45:00", 1, "");
-- INSERT INTO `reservation_user` (`reservation_id`, `user_id`) VALUES (432, "professor002");
-- INSERT INTO `reservation_user` (`reservation_id`, `user_id`) VALUES (432, "professor004");
-- INSERT INTO `reservation_user` (`reservation_id`, `user_id`) VALUES (432, "student002");
-- INSERT INTO `reservation_facility` (`reservation_id`, `facility_id`) VALUES (432, 4);

-- INSERT INTO `reservation` (`id`, `creator_id`, `start_at`, `end_at`, `plan_id`, `plan_memo`) VALUES (433, "student001", "2021-03-21 08:30:00", "2021-03-21 13:30:00", 1, "");
-- INSERT INTO `reservation_user` (`reservation_id`, `user_id`) VALUES (433, "student001");
-- INSERT INTO `reservation_user` (`reservation_id`, `user_id`) VALUES (433, "student002");
-- INSERT INTO `reservation_user` (`reservation_id`, `user_id`) VALUES (433, "professor004");
-- INSERT INTO `reservation_user` (`reservation_id`, `user_id`) VALUES (433, "professor001");
-- INSERT INTO `reservation_facility` (`reservation_id`, `facility_id`) VALUES (433, 2);

-- INSERT INTO `reservation` (`id`, `creator_id`, `start_at`, `end_at`, `plan_id`, `plan_memo`) VALUES (434, "professor004", "2021-03-21 20:00:00", "2021-03-21 21:00:00", 1, "");
-- INSERT INTO `reservation_user` (`reservation_id`, `user_id`) VALUES (434, "professor004");
-- INSERT INTO `reservation_user` (`reservation_id`, `user_id`) VALUES (434, "student002");
-- INSERT INTO `reservation_user` (`reservation_id`, `user_id`) VALUES (434, "student001");
-- INSERT INTO `reservation_user` (`reservation_id`, `user_id`) VALUES (434, "professor003");
-- INSERT INTO `reservation_user` (`reservation_id`, `user_id`) VALUES (434, "professor002");
-- INSERT INTO `reservation_facility` (`reservation_id`, `facility_id`) VALUES (434, 2);

-- INSERT INTO `reservation` (`id`, `creator_id`, `start_at`, `end_at`, `plan_id`, `plan_memo`) VALUES (435, "student004", "2021-03-22 13:00:00", "2021-03-22 17:00:00", 1, "");
-- INSERT INTO `reservation_user` (`reservation_id`, `user_id`) VALUES (435, "student004");
-- INSERT INTO `reservation_facility` (`reservation_id`, `facility_id`) VALUES (435, 3);

-- INSERT INTO `reservation` (`id`, `creator_id`, `start_at`, `end_at`, `plan_id`, `plan_memo`) VALUES (436, "student001", "2021-03-23 08:30:00", "2021-03-23 11:30:00", 2, "");
-- INSERT INTO `reservation_user` (`reservation_id`, `user_id`) VALUES (436, "student001");
-- INSERT INTO `reservation_facility` (`reservation_id`, `facility_id`) VALUES (436, 4);

-- INSERT INTO `reservation` (`id`, `creator_id`, `start_at`, `end_at`, `plan_id`, `plan_memo`) VALUES (437, "professor002", "2021-03-23 19:30:00", "2021-03-23 20:30:00", 2, "");
-- INSERT INTO `reservation_user` (`reservation_id`, `user_id`) VALUES (437, "professor002");
-- INSERT INTO `reservation_user` (`reservation_id`, `user_id`) VALUES (437, "student004");
-- INSERT INTO `reservation_user` (`reservation_id`, `user_id`) VALUES (437, "professor003");
-- INSERT INTO `reservation_user` (`reservation_id`, `user_id`) VALUES (437, "student002");
-- INSERT INTO `reservation_facility` (`reservation_id`, `facility_id`) VALUES (437, 1);

-- INSERT INTO `reservation` (`id`, `creator_id`, `start_at`, `end_at`, `plan_id`, `plan_memo`) VALUES (438, "student001", "2021-03-24 20:30:00", "2021-03-24 21:30:00", 2, "");
-- INSERT INTO `reservation_user` (`reservation_id`, `user_id`) VALUES (438, "student001");
-- INSERT INTO `reservation_facility` (`reservation_id`, `facility_id`) VALUES (438, 1);

-- INSERT INTO `reservation` (`id`, `creator_id`, `start_at`, `end_at`, `plan_id`, `plan_memo`) VALUES (439, "student002", "2021-03-25 11:30:00", "2021-03-25 16:30:00", 1, "");
-- INSERT INTO `reservation_user` (`reservation_id`, `user_id`) VALUES (439, "student002");
-- INSERT INTO `reservation_user` (`reservation_id`, `user_id`) VALUES (439, "professor002");
-- INSERT INTO `reservation_user` (`reservation_id`, `user_id`) VALUES (439, "professor003");
-- INSERT INTO `reservation_user` (`reservation_id`, `user_id`) VALUES (439, "professor001");
-- INSERT INTO `reservation_user` (`reservation_id`, `user_id`) VALUES (439, "professor004");
-- INSERT INTO `reservation_user` (`reservation_id`, `user_id`) VALUES (439, "student001");
-- INSERT INTO `reservation_facility` (`reservation_id`, `facility_id`) VALUES (439, 4);

-- INSERT INTO `reservation` (`id`, `creator_id`, `start_at`, `end_at`, `plan_id`, `plan_memo`) VALUES (440, "student003", "2021-03-28 09:45:00", "2021-03-28 13:45:00", 1, "");
-- INSERT INTO `reservation_user` (`reservation_id`, `user_id`) VALUES (440, "student003");
-- INSERT INTO `reservation_facility` (`reservation_id`, `facility_id`) VALUES (440, 4);

-- INSERT INTO `reservation` (`id`, `creator_id`, `start_at`, `end_at`, `plan_id`, `plan_memo`) VALUES (441, "student004", "2021-03-28 18:30:00", "2021-03-28 23:30:00", 1, "");
-- INSERT INTO `reservation_user` (`reservation_id`, `user_id`) VALUES (441, "student004");
-- INSERT INTO `reservation_user` (`reservation_id`, `user_id`) VALUES (441, "professor004");
-- INSERT INTO `reservation_user` (`reservation_id`, `user_id`) VALUES (441, "professor001");
-- INSERT INTO `reservation_user` (`reservation_id`, `user_id`) VALUES (441, "professor002");
-- INSERT INTO `reservation_user` (`reservation_id`, `user_id`) VALUES (441, "student003");
-- INSERT INTO `reservation_facility` (`reservation_id`, `facility_id`) VALUES (441, 2);

-- INSERT INTO `reservation` (`id`, `creator_id`, `start_at`, `end_at`, `plan_id`, `plan_memo`) VALUES (442, "professor001", "2021-03-29 09:45:00", "2021-03-29 15:45:00", 2, "");
-- INSERT INTO `reservation_user` (`reservation_id`, `user_id`) VALUES (442, "professor001");
-- INSERT INTO `reservation_user` (`reservation_id`, `user_id`) VALUES (442, "student003");
-- INSERT INTO `reservation_user` (`reservation_id`, `user_id`) VALUES (442, "professor002");
-- INSERT INTO `reservation_user` (`reservation_id`, `user_id`) VALUES (442, "professor003");
-- INSERT INTO `reservation_facility` (`reservation_id`, `facility_id`) VALUES (442, 4);

-- INSERT INTO `reservation` (`id`, `creator_id`, `start_at`, `end_at`, `plan_id`, `plan_memo`) VALUES (443, "student003", "2021-03-29 18:00:00", "2021-03-29 22:00:00", 2, "");
-- INSERT INTO `reservation_user` (`reservation_id`, `user_id`) VALUES (443, "student003");
-- INSERT INTO `reservation_facility` (`reservation_id`, `facility_id`) VALUES (443, 4);

-- INSERT INTO `reservation` (`id`, `creator_id`, `start_at`, `end_at`, `plan_id`, `plan_memo`) VALUES (444, "student004", "2021-03-31 18:30:00", "2021-03-31 20:30:00", 2, "");
-- INSERT INTO `reservation_user` (`reservation_id`, `user_id`) VALUES (444, "student004");
-- INSERT INTO `reservation_user` (`reservation_id`, `user_id`) VALUES (444, "student002");
-- INSERT INTO `reservation_user` (`reservation_id`, `user_id`) VALUES (444, "professor003");
-- INSERT INTO `reservation_user` (`reservation_id`, `user_id`) VALUES (444, "student003");
-- INSERT INTO `reservation_user` (`reservation_id`, `user_id`) VALUES (444, "student001");
-- INSERT INTO `reservation_facility` (`reservation_id`, `facility_id`) VALUES (444, 2);

-- INSERT INTO `reservation` (`id`, `creator_id`, `start_at`, `end_at`, `plan_id`, `plan_memo`) VALUES (445, "professor002", "2021-04-01 16:15:00", "2021-04-01 21:15:00", 1, "");
-- INSERT INTO `reservation_user` (`reservation_id`, `user_id`) VALUES (445, "professor002");
-- INSERT INTO `reservation_facility` (`reservation_id`, `facility_id`) VALUES (445, 3);

-- INSERT INTO `reservation` (`id`, `creator_id`, `start_at`, `end_at`, `plan_id`, `plan_memo`) VALUES (446, "professor003", "2021-04-02 10:45:00", "2021-04-02 11:45:00", 1, "");
-- INSERT INTO `reservation_user` (`reservation_id`, `user_id`) VALUES (446, "professor003");
-- INSERT INTO `reservation_user` (`reservation_id`, `user_id`) VALUES (446, "student003");
-- INSERT INTO `reservation_facility` (`reservation_id`, `facility_id`) VALUES (446, 3);

-- INSERT INTO `reservation` (`id`, `creator_id`, `start_at`, `end_at`, `plan_id`, `plan_memo`) VALUES (447, "professor001", "2021-04-02 14:30:00", "2021-04-02 17:30:00", 2, "");
-- INSERT INTO `reservation_user` (`reservation_id`, `user_id`) VALUES (447, "professor001");
-- INSERT INTO `reservation_user` (`reservation_id`, `user_id`) VALUES (447, "professor004");
-- INSERT INTO `reservation_user` (`reservation_id`, `user_id`) VALUES (447, "student004");
-- INSERT INTO `reservation_user` (`reservation_id`, `user_id`) VALUES (447, "professor003");
-- INSERT INTO `reservation_user` (`reservation_id`, `user_id`) VALUES (447, "student001");
-- INSERT INTO `reservation_user` (`reservation_id`, `user_id`) VALUES (447, "student002");
-- INSERT INTO `reservation_facility` (`reservation_id`, `facility_id`) VALUES (447, 2);

-- INSERT INTO `reservation` (`id`, `creator_id`, `start_at`, `end_at`, `plan_id`, `plan_memo`) VALUES (448, "student001", "2021-04-02 17:30:00", "2021-04-02 21:30:00", 2, "");
-- INSERT INTO `reservation_user` (`reservation_id`, `user_id`) VALUES (448, "student001");
-- INSERT INTO `reservation_user` (`reservation_id`, `user_id`) VALUES (448, "professor002");
-- INSERT INTO `reservation_user` (`reservation_id`, `user_id`) VALUES (448, "professor003");
-- INSERT INTO `reservation_user` (`reservation_id`, `user_id`) VALUES (448, "student003");
-- INSERT INTO `reservation_facility` (`reservation_id`, `facility_id`) VALUES (448, 1);

-- INSERT INTO `reservation` (`id`, `creator_id`, `start_at`, `end_at`, `plan_id`, `plan_memo`) VALUES (449, "student002", "2021-04-04 11:15:00", "2021-04-04 13:15:00", 1, "");
-- INSERT INTO `reservation_user` (`reservation_id`, `user_id`) VALUES (449, "student002");
-- INSERT INTO `reservation_user` (`reservation_id`, `user_id`) VALUES (449, "student003");
-- INSERT INTO `reservation_user` (`reservation_id`, `user_id`) VALUES (449, "student004");
-- INSERT INTO `reservation_user` (`reservation_id`, `user_id`) VALUES (449, "professor003");
-- INSERT INTO `reservation_user` (`reservation_id`, `user_id`) VALUES (449, "professor004");
-- INSERT INTO `reservation_user` (`reservation_id`, `user_id`) VALUES (449, "professor002");
-- INSERT INTO `reservation_facility` (`reservation_id`, `facility_id`) VALUES (449, 1);

-- INSERT INTO `reservation` (`id`, `creator_id`, `start_at`, `end_at`, `plan_id`, `plan_memo`) VALUES (450, "professor002", "2021-04-06 09:15:00", "2021-04-06 12:15:00", 2, "");
-- INSERT INTO `reservation_user` (`reservation_id`, `user_id`) VALUES (450, "professor002");
-- INSERT INTO `reservation_user` (`reservation_id`, `user_id`) VALUES (450, "professor004");
-- INSERT INTO `reservation_user` (`reservation_id`, `user_id`) VALUES (450, "professor001");
-- INSERT INTO `reservation_user` (`reservation_id`, `user_id`) VALUES (450, "student004");
-- INSERT INTO `reservation_facility` (`reservation_id`, `facility_id`) VALUES (450, 2);

-- INSERT INTO `reservation` (`id`, `creator_id`, `start_at`, `end_at`, `plan_id`, `plan_memo`) VALUES (451, "professor004", "2021-04-08 08:15:00", "2021-04-08 12:15:00", 1, "");
-- INSERT INTO `reservation_user` (`reservation_id`, `user_id`) VALUES (451, "professor004");
-- INSERT INTO `reservation_user` (`reservation_id`, `user_id`) VALUES (451, "student003");
-- INSERT INTO `reservation_user` (`reservation_id`, `user_id`) VALUES (451, "professor003");
-- INSERT INTO `reservation_user` (`reservation_id`, `user_id`) VALUES (451, "professor001");
-- INSERT INTO `reservation_user` (`reservation_id`, `user_id`) VALUES (451, "student004");
-- INSERT INTO `reservation_facility` (`reservation_id`, `facility_id`) VALUES (451, 2);

-- INSERT INTO `reservation` (`id`, `creator_id`, `start_at`, `end_at`, `plan_id`, `plan_memo`) VALUES (452, "student004", "2021-04-08 13:45:00", "2021-04-08 15:45:00", 1, "");
-- INSERT INTO `reservation_user` (`reservation_id`, `user_id`) VALUES (452, "student004");
-- INSERT INTO `reservation_user` (`reservation_id`, `user_id`) VALUES (452, "professor002");
-- INSERT INTO `reservation_user` (`reservation_id`, `user_id`) VALUES (452, "professor004");
-- INSERT INTO `reservation_user` (`reservation_id`, `user_id`) VALUES (452, "professor003");
-- INSERT INTO `reservation_user` (`reservation_id`, `user_id`) VALUES (452, "student001");
-- INSERT INTO `reservation_user` (`reservation_id`, `user_id`) VALUES (452, "student002");
-- INSERT INTO `reservation_facility` (`reservation_id`, `facility_id`) VALUES (452, 3);

-- INSERT INTO `reservation` (`id`, `creator_id`, `start_at`, `end_at`, `plan_id`, `plan_memo`) VALUES (453, "professor003", "2021-04-08 17:00:00", "2021-04-08 18:00:00", 1, "");
-- INSERT INTO `reservation_user` (`reservation_id`, `user_id`) VALUES (453, "professor003");
-- INSERT INTO `reservation_facility` (`reservation_id`, `facility_id`) VALUES (453, 2);

-- INSERT INTO `reservation` (`id`, `creator_id`, `start_at`, `end_at`, `plan_id`, `plan_memo`) VALUES (454, "student001", "2021-04-10 07:00:00", "2021-04-10 08:00:00", 1, "");
-- INSERT INTO `reservation_user` (`reservation_id`, `user_id`) VALUES (454, "student001");
-- INSERT INTO `reservation_user` (`reservation_id`, `user_id`) VALUES (454, "student003");
-- INSERT INTO `reservation_user` (`reservation_id`, `user_id`) VALUES (454, "student002");
-- INSERT INTO `reservation_facility` (`reservation_id`, `facility_id`) VALUES (454, 4);

-- INSERT INTO `reservation` (`id`, `creator_id`, `start_at`, `end_at`, `plan_id`, `plan_memo`) VALUES (455, "professor003", "2021-04-11 07:00:00", "2021-04-11 09:00:00", 2, "");
-- INSERT INTO `reservation_user` (`reservation_id`, `user_id`) VALUES (455, "professor003");
-- INSERT INTO `reservation_facility` (`reservation_id`, `facility_id`) VALUES (455, 2);

-- INSERT INTO `reservation` (`id`, `creator_id`, `start_at`, `end_at`, `plan_id`, `plan_memo`) VALUES (456, "professor003", "2021-04-11 15:30:00", "2021-04-11 17:30:00", 1, "");
-- INSERT INTO `reservation_user` (`reservation_id`, `user_id`) VALUES (456, "professor003");
-- INSERT INTO `reservation_user` (`reservation_id`, `user_id`) VALUES (456, "professor001");
-- INSERT INTO `reservation_facility` (`reservation_id`, `facility_id`) VALUES (456, 2);

-- INSERT INTO `reservation` (`id`, `creator_id`, `start_at`, `end_at`, `plan_id`, `plan_memo`) VALUES (457, "student004", "2021-04-13 18:30:00", "2021-04-13 22:30:00", 2, "");
-- INSERT INTO `reservation_user` (`reservation_id`, `user_id`) VALUES (457, "student004");
-- INSERT INTO `reservation_user` (`reservation_id`, `user_id`) VALUES (457, "professor002");
-- INSERT INTO `reservation_user` (`reservation_id`, `user_id`) VALUES (457, "professor004");
-- INSERT INTO `reservation_user` (`reservation_id`, `user_id`) VALUES (457, "student002");
-- INSERT INTO `reservation_user` (`reservation_id`, `user_id`) VALUES (457, "student001");
-- INSERT INTO `reservation_facility` (`reservation_id`, `facility_id`) VALUES (457, 2);

-- INSERT INTO `reservation` (`id`, `creator_id`, `start_at`, `end_at`, `plan_id`, `plan_memo`) VALUES (458, "professor003", "2021-04-17 11:45:00", "2021-04-17 14:45:00", 1, "");
-- INSERT INTO `reservation_user` (`reservation_id`, `user_id`) VALUES (458, "professor003");
-- INSERT INTO `reservation_facility` (`reservation_id`, `facility_id`) VALUES (458, 4);

-- INSERT INTO `reservation` (`id`, `creator_id`, `start_at`, `end_at`, `plan_id`, `plan_memo`) VALUES (459, "student002", "2021-04-17 19:45:00", "2021-04-17 21:45:00", 1, "");
-- INSERT INTO `reservation_user` (`reservation_id`, `user_id`) VALUES (459, "student002");
-- INSERT INTO `reservation_facility` (`reservation_id`, `facility_id`) VALUES (459, 2);

-- INSERT INTO `reservation` (`id`, `creator_id`, `start_at`, `end_at`, `plan_id`, `plan_memo`) VALUES (460, "professor003", "2021-04-18 13:00:00", "2021-04-18 16:00:00", 1, "");
-- INSERT INTO `reservation_user` (`reservation_id`, `user_id`) VALUES (460, "professor003");
-- INSERT INTO `reservation_user` (`reservation_id`, `user_id`) VALUES (460, "professor002");
-- INSERT INTO `reservation_user` (`reservation_id`, `user_id`) VALUES (460, "student004");
-- INSERT INTO `reservation_user` (`reservation_id`, `user_id`) VALUES (460, "professor001");
-- INSERT INTO `reservation_user` (`reservation_id`, `user_id`) VALUES (460, "student001");
-- INSERT INTO `reservation_user` (`reservation_id`, `user_id`) VALUES (460, "professor004");
-- INSERT INTO `reservation_facility` (`reservation_id`, `facility_id`) VALUES (460, 1);

-- INSERT INTO `reservation` (`id`, `creator_id`, `start_at`, `end_at`, `plan_id`, `plan_memo`) VALUES (461, "professor001", "2021-04-20 18:45:00", "2021-04-20 19:45:00", 2, "");
-- INSERT INTO `reservation_user` (`reservation_id`, `user_id`) VALUES (461, "professor001");
-- INSERT INTO `reservation_user` (`reservation_id`, `user_id`) VALUES (461, "student002");
-- INSERT INTO `reservation_user` (`reservation_id`, `user_id`) VALUES (461, "professor002");
-- INSERT INTO `reservation_user` (`reservation_id`, `user_id`) VALUES (461, "professor004");
-- INSERT INTO `reservation_user` (`reservation_id`, `user_id`) VALUES (461, "student004");
-- INSERT INTO `reservation_facility` (`reservation_id`, `facility_id`) VALUES (461, 2);

-- INSERT INTO `reservation` (`id`, `creator_id`, `start_at`, `end_at`, `plan_id`, `plan_memo`) VALUES (462, "student002", "2021-04-22 16:30:00", "2021-04-22 21:30:00", 2, "");
-- INSERT INTO `reservation_user` (`reservation_id`, `user_id`) VALUES (462, "student002");
-- INSERT INTO `reservation_user` (`reservation_id`, `user_id`) VALUES (462, "student004");
-- INSERT INTO `reservation_user` (`reservation_id`, `user_id`) VALUES (462, "professor004");
-- INSERT INTO `reservation_user` (`reservation_id`, `user_id`) VALUES (462, "professor001");
-- INSERT INTO `reservation_user` (`reservation_id`, `user_id`) VALUES (462, "professor002");
-- INSERT INTO `reservation_user` (`reservation_id`, `user_id`) VALUES (462, "student003");
-- INSERT INTO `reservation_facility` (`reservation_id`, `facility_id`) VALUES (462, 3);

-- INSERT INTO `reservation` (`id`, `creator_id`, `start_at`, `end_at`, `plan_id`, `plan_memo`) VALUES (463, "professor002", "2021-04-23 08:15:00", "2021-04-23 14:15:00", 1, "");
-- INSERT INTO `reservation_user` (`reservation_id`, `user_id`) VALUES (463, "professor002");
-- INSERT INTO `reservation_user` (`reservation_id`, `user_id`) VALUES (463, "student004");
-- INSERT INTO `reservation_user` (`reservation_id`, `user_id`) VALUES (463, "professor004");
-- INSERT INTO `reservation_facility` (`reservation_id`, `facility_id`) VALUES (463, 2);

-- INSERT INTO `reservation` (`id`, `creator_id`, `start_at`, `end_at`, `plan_id`, `plan_memo`) VALUES (464, "student001", "2021-04-23 16:45:00", "2021-04-23 22:45:00", 1, "");
-- INSERT INTO `reservation_user` (`reservation_id`, `user_id`) VALUES (464, "student001");
-- INSERT INTO `reservation_user` (`reservation_id`, `user_id`) VALUES (464, "student002");
-- INSERT INTO `reservation_user` (`reservation_id`, `user_id`) VALUES (464, "professor003");
-- INSERT INTO `reservation_user` (`reservation_id`, `user_id`) VALUES (464, "professor002");
-- INSERT INTO `reservation_facility` (`reservation_id`, `facility_id`) VALUES (464, 4);

-- INSERT INTO `reservation` (`id`, `creator_id`, `start_at`, `end_at`, `plan_id`, `plan_memo`) VALUES (465, "professor004", "2021-04-24 17:45:00", "2021-04-24 23:45:00", 2, "");
-- INSERT INTO `reservation_user` (`reservation_id`, `user_id`) VALUES (465, "professor004");
-- INSERT INTO `reservation_facility` (`reservation_id`, `facility_id`) VALUES (465, 3);

-- INSERT INTO `reservation` (`id`, `creator_id`, `start_at`, `end_at`, `plan_id`, `plan_memo`) VALUES (466, "student004", "2021-04-26 19:15:00", "2021-04-26 22:15:00", 2, "");
-- INSERT INTO `reservation_user` (`reservation_id`, `user_id`) VALUES (466, "student004");
-- INSERT INTO `reservation_user` (`reservation_id`, `user_id`) VALUES (466, "student002");
-- INSERT INTO `reservation_user` (`reservation_id`, `user_id`) VALUES (466, "student001");
-- INSERT INTO `reservation_user` (`reservation_id`, `user_id`) VALUES (466, "professor003");
-- INSERT INTO `reservation_facility` (`reservation_id`, `facility_id`) VALUES (466, 4);

-- INSERT INTO `reservation` (`id`, `creator_id`, `start_at`, `end_at`, `plan_id`, `plan_memo`) VALUES (467, "professor004", "2021-04-27 20:00:00", "2021-04-27 22:00:00", 1, "");
-- INSERT INTO `reservation_user` (`reservation_id`, `user_id`) VALUES (467, "professor004");
-- INSERT INTO `reservation_user` (`reservation_id`, `user_id`) VALUES (467, "professor001");
-- INSERT INTO `reservation_user` (`reservation_id`, `user_id`) VALUES (467, "student003");
-- INSERT INTO `reservation_user` (`reservation_id`, `user_id`) VALUES (467, "student002");
-- INSERT INTO `reservation_user` (`reservation_id`, `user_id`) VALUES (467, "student001");
-- INSERT INTO `reservation_user` (`reservation_id`, `user_id`) VALUES (467, "professor003");
-- INSERT INTO `reservation_facility` (`reservation_id`, `facility_id`) VALUES (467, 2);

-- INSERT INTO `reservation` (`id`, `creator_id`, `start_at`, `end_at`, `plan_id`, `plan_memo`) VALUES (468, "student001", "2021-04-28 10:30:00", "2021-04-28 12:30:00", 1, "");
-- INSERT INTO `reservation_user` (`reservation_id`, `user_id`) VALUES (468, "student001");
-- INSERT INTO `reservation_user` (`reservation_id`, `user_id`) VALUES (468, "student002");
-- INSERT INTO `reservation_user` (`reservation_id`, `user_id`) VALUES (468, "professor004");
-- INSERT INTO `reservation_user` (`reservation_id`, `user_id`) VALUES (468, "student004");
-- INSERT INTO `reservation_user` (`reservation_id`, `user_id`) VALUES (468, "professor002");
-- INSERT INTO `reservation_user` (`reservation_id`, `user_id`) VALUES (468, "student003");
-- INSERT INTO `reservation_facility` (`reservation_id`, `facility_id`) VALUES (468, 4);

-- INSERT INTO `reservation` (`id`, `creator_id`, `start_at`, `end_at`, `plan_id`, `plan_memo`) VALUES (469, "professor004", "2021-05-01 07:00:00", "2021-05-01 09:00:00", 2, "");
-- INSERT INTO `reservation_user` (`reservation_id`, `user_id`) VALUES (469, "professor004");
-- INSERT INTO `reservation_facility` (`reservation_id`, `facility_id`) VALUES (469, 2);

-- INSERT INTO `reservation` (`id`, `creator_id`, `start_at`, `end_at`, `plan_id`, `plan_memo`) VALUES (470, "student003", "2021-05-01 09:30:00", "2021-05-01 10:30:00", 1, "");
-- INSERT INTO `reservation_user` (`reservation_id`, `user_id`) VALUES (470, "student003");
-- INSERT INTO `reservation_user` (`reservation_id`, `user_id`) VALUES (470, "professor002");
-- INSERT INTO `reservation_user` (`reservation_id`, `user_id`) VALUES (470, "professor004");
-- INSERT INTO `reservation_user` (`reservation_id`, `user_id`) VALUES (470, "student004");
-- INSERT INTO `reservation_user` (`reservation_id`, `user_id`) VALUES (470, "professor001");
-- INSERT INTO `reservation_facility` (`reservation_id`, `facility_id`) VALUES (470, 2);

-- INSERT INTO `reservation` (`id`, `creator_id`, `start_at`, `end_at`, `plan_id`, `plan_memo`) VALUES (471, "student002", "2021-05-01 11:45:00", "2021-05-01 16:45:00", 1, "");
-- INSERT INTO `reservation_user` (`reservation_id`, `user_id`) VALUES (471, "student002");
-- INSERT INTO `reservation_user` (`reservation_id`, `user_id`) VALUES (471, "professor002");
-- INSERT INTO `reservation_user` (`reservation_id`, `user_id`) VALUES (471, "professor004");
-- INSERT INTO `reservation_user` (`reservation_id`, `user_id`) VALUES (471, "student001");
-- INSERT INTO `reservation_user` (`reservation_id`, `user_id`) VALUES (471, "professor003");
-- INSERT INTO `reservation_facility` (`reservation_id`, `facility_id`) VALUES (471, 2);

-- INSERT INTO `reservation` (`id`, `creator_id`, `start_at`, `end_at`, `plan_id`, `plan_memo`) VALUES (472, "professor001", "2021-05-01 17:30:00", "2021-05-01 19:30:00", 1, "");
-- INSERT INTO `reservation_user` (`reservation_id`, `user_id`) VALUES (472, "professor001");
-- INSERT INTO `reservation_user` (`reservation_id`, `user_id`) VALUES (472, "student001");
-- INSERT INTO `reservation_user` (`reservation_id`, `user_id`) VALUES (472, "professor003");
-- INSERT INTO `reservation_facility` (`reservation_id`, `facility_id`) VALUES (472, 3);

INSERT INTO `reservation` (`id`, `creator_id`, `start_at`, `end_at`, `plan_id`, `plan_memo`) VALUES (473, "professor002", "2021-05-02 08:45:00", "2021-05-02 14:45:00", 1, "");
INSERT INTO `reservation_user` (`reservation_id`, `user_id`) VALUES (473, "professor002");
INSERT INTO `reservation_user` (`reservation_id`, `user_id`) VALUES (473, "professor001");
INSERT INTO `reservation_user` (`reservation_id`, `user_id`) VALUES (473, "student003");
INSERT INTO `reservation_user` (`reservation_id`, `user_id`) VALUES (473, "professor003");
INSERT INTO `reservation_user` (`reservation_id`, `user_id`) VALUES (473, "student004");
INSERT INTO `reservation_facility` (`reservation_id`, `facility_id`) VALUES (473, 1);

INSERT INTO `reservation` (`id`, `creator_id`, `start_at`, `end_at`, `plan_id`, `plan_memo`) VALUES (474, "student001", "2021-05-04 10:15:00", "2021-05-04 15:15:00", 1, "");
INSERT INTO `reservation_user` (`reservation_id`, `user_id`) VALUES (474, "student001");
INSERT INTO `reservation_user` (`reservation_id`, `user_id`) VALUES (474, "professor003");
INSERT INTO `reservation_user` (`reservation_id`, `user_id`) VALUES (474, "student004");
INSERT INTO `reservation_user` (`reservation_id`, `user_id`) VALUES (474, "professor002");
INSERT INTO `reservation_user` (`reservation_id`, `user_id`) VALUES (474, "student002");
INSERT INTO `reservation_facility` (`reservation_id`, `facility_id`) VALUES (474, 1);

INSERT INTO `reservation` (`id`, `creator_id`, `start_at`, `end_at`, `plan_id`, `plan_memo`) VALUES (475, "professor003", "2021-05-05 11:00:00", "2021-05-05 12:00:00", 1, "");
INSERT INTO `reservation_user` (`reservation_id`, `user_id`) VALUES (475, "professor003");
INSERT INTO `reservation_facility` (`reservation_id`, `facility_id`) VALUES (475, 3);

INSERT INTO `reservation` (`id`, `creator_id`, `start_at`, `end_at`, `plan_id`, `plan_memo`) VALUES (476, "professor003", "2021-05-06 12:15:00", "2021-05-06 16:15:00", 1, "");
INSERT INTO `reservation_user` (`reservation_id`, `user_id`) VALUES (476, "professor003");
INSERT INTO `reservation_user` (`reservation_id`, `user_id`) VALUES (476, "professor004");
INSERT INTO `reservation_user` (`reservation_id`, `user_id`) VALUES (476, "student001");
INSERT INTO `reservation_user` (`reservation_id`, `user_id`) VALUES (476, "student004");
INSERT INTO `reservation_user` (`reservation_id`, `user_id`) VALUES (476, "professor002");
INSERT INTO `reservation_user` (`reservation_id`, `user_id`) VALUES (476, "professor001");
INSERT INTO `reservation_facility` (`reservation_id`, `facility_id`) VALUES (476, 4);

INSERT INTO `reservation` (`id`, `creator_id`, `start_at`, `end_at`, `plan_id`, `plan_memo`) VALUES (477, "student003", "2021-05-06 17:30:00", "2021-05-06 19:30:00", 2, "");
INSERT INTO `reservation_user` (`reservation_id`, `user_id`) VALUES (477, "student003");
INSERT INTO `reservation_user` (`reservation_id`, `user_id`) VALUES (477, "student001");
INSERT INTO `reservation_user` (`reservation_id`, `user_id`) VALUES (477, "professor003");
INSERT INTO `reservation_user` (`reservation_id`, `user_id`) VALUES (477, "student004");
INSERT INTO `reservation_user` (`reservation_id`, `user_id`) VALUES (477, "professor001");
INSERT INTO `reservation_user` (`reservation_id`, `user_id`) VALUES (477, "professor002");
INSERT INTO `reservation_facility` (`reservation_id`, `facility_id`) VALUES (477, 4);

INSERT INTO `reservation` (`id`, `creator_id`, `start_at`, `end_at`, `plan_id`, `plan_memo`) VALUES (478, "professor001", "2021-05-06 21:15:00", "2021-05-06 23:15:00", 2, "");
INSERT INTO `reservation_user` (`reservation_id`, `user_id`) VALUES (478, "professor001");
INSERT INTO `reservation_user` (`reservation_id`, `user_id`) VALUES (478, "student002");
INSERT INTO `reservation_user` (`reservation_id`, `user_id`) VALUES (478, "student001");
INSERT INTO `reservation_user` (`reservation_id`, `user_id`) VALUES (478, "professor002");
INSERT INTO `reservation_user` (`reservation_id`, `user_id`) VALUES (478, "professor003");
INSERT INTO `reservation_user` (`reservation_id`, `user_id`) VALUES (478, "student003");
INSERT INTO `reservation_facility` (`reservation_id`, `facility_id`) VALUES (478, 2);

INSERT INTO `reservation` (`id`, `creator_id`, `start_at`, `end_at`, `plan_id`, `plan_memo`) VALUES (479, "student003", "2021-05-07 11:45:00", "2021-05-07 12:45:00", 2, "");
INSERT INTO `reservation_user` (`reservation_id`, `user_id`) VALUES (479, "student003");
INSERT INTO `reservation_user` (`reservation_id`, `user_id`) VALUES (479, "professor003");
INSERT INTO `reservation_user` (`reservation_id`, `user_id`) VALUES (479, "professor004");
INSERT INTO `reservation_user` (`reservation_id`, `user_id`) VALUES (479, "professor002");
INSERT INTO `reservation_user` (`reservation_id`, `user_id`) VALUES (479, "professor001");
INSERT INTO `reservation_user` (`reservation_id`, `user_id`) VALUES (479, "student002");
INSERT INTO `reservation_facility` (`reservation_id`, `facility_id`) VALUES (479, 2);

INSERT INTO `reservation` (`id`, `creator_id`, `start_at`, `end_at`, `plan_id`, `plan_memo`) VALUES (480, "professor001", "2021-05-07 16:00:00", "2021-05-07 17:00:00", 2, "");
INSERT INTO `reservation_user` (`reservation_id`, `user_id`) VALUES (480, "professor001");
INSERT INTO `reservation_user` (`reservation_id`, `user_id`) VALUES (480, "student003");
INSERT INTO `reservation_user` (`reservation_id`, `user_id`) VALUES (480, "professor003");
INSERT INTO `reservation_user` (`reservation_id`, `user_id`) VALUES (480, "professor002");
INSERT INTO `reservation_facility` (`reservation_id`, `facility_id`) VALUES (480, 1);

INSERT INTO `reservation` (`id`, `creator_id`, `start_at`, `end_at`, `plan_id`, `plan_memo`) VALUES (481, "professor003", "2021-05-08 09:15:00", "2021-05-08 13:15:00", 1, "");
INSERT INTO `reservation_user` (`reservation_id`, `user_id`) VALUES (481, "professor003");
INSERT INTO `reservation_user` (`reservation_id`, `user_id`) VALUES (481, "professor004");
INSERT INTO `reservation_user` (`reservation_id`, `user_id`) VALUES (481, "professor002");
INSERT INTO `reservation_facility` (`reservation_id`, `facility_id`) VALUES (481, 3);

INSERT INTO `reservation` (`id`, `creator_id`, `start_at`, `end_at`, `plan_id`, `plan_memo`) VALUES (482, "professor004", "2021-05-08 14:00:00", "2021-05-08 16:00:00", 2, "");
INSERT INTO `reservation_user` (`reservation_id`, `user_id`) VALUES (482, "professor004");
INSERT INTO `reservation_facility` (`reservation_id`, `facility_id`) VALUES (482, 1);

-- INSERT INTO `reservation` (`id`, `creator_id`, `start_at`, `end_at`, `plan_id`, `plan_memo`) VALUES (483, "professor004", "2021-05-10 17:15:00", "2021-05-10 22:15:00", 2, "");
-- INSERT INTO `reservation_user` (`reservation_id`, `user_id`) VALUES (483, "professor004");
-- INSERT INTO `reservation_user` (`reservation_id`, `user_id`) VALUES (483, "professor003");
-- INSERT INTO `reservation_user` (`reservation_id`, `user_id`) VALUES (483, "professor001");
-- INSERT INTO `reservation_user` (`reservation_id`, `user_id`) VALUES (483, "student002");
-- INSERT INTO `reservation_facility` (`reservation_id`, `facility_id`) VALUES (483, 4);

-- INSERT INTO `reservation` (`id`, `creator_id`, `start_at`, `end_at`, `plan_id`, `plan_memo`) VALUES (484, "student001", "2021-05-11 20:15:00", "2021-05-11 23:15:00", 2, "");
-- INSERT INTO `reservation_user` (`reservation_id`, `user_id`) VALUES (484, "student001");
-- INSERT INTO `reservation_user` (`reservation_id`, `user_id`) VALUES (484, "student002");
-- INSERT INTO `reservation_facility` (`reservation_id`, `facility_id`) VALUES (484, 2);

-- INSERT INTO `reservation` (`id`, `creator_id`, `start_at`, `end_at`, `plan_id`, `plan_memo`) VALUES (485, "professor002", "2021-05-16 14:00:00", "2021-05-16 19:00:00", 1, "");
-- INSERT INTO `reservation_user` (`reservation_id`, `user_id`) VALUES (485, "professor002");
-- INSERT INTO `reservation_user` (`reservation_id`, `user_id`) VALUES (485, "professor003");
-- INSERT INTO `reservation_user` (`reservation_id`, `user_id`) VALUES (485, "student001");
-- INSERT INTO `reservation_facility` (`reservation_id`, `facility_id`) VALUES (485, 4);

-- INSERT INTO `reservation` (`id`, `creator_id`, `start_at`, `end_at`, `plan_id`, `plan_memo`) VALUES (486, "professor003", "2021-05-17 09:00:00", "2021-05-17 15:00:00", 1, "");
-- INSERT INTO `reservation_user` (`reservation_id`, `user_id`) VALUES (486, "professor003");
-- INSERT INTO `reservation_facility` (`reservation_id`, `facility_id`) VALUES (486, 1);

-- INSERT INTO `reservation` (`id`, `creator_id`, `start_at`, `end_at`, `plan_id`, `plan_memo`) VALUES (487, "student004", "2021-05-17 15:30:00", "2021-05-17 16:30:00", 1, "");
-- INSERT INTO `reservation_user` (`reservation_id`, `user_id`) VALUES (487, "student004");
-- INSERT INTO `reservation_user` (`reservation_id`, `user_id`) VALUES (487, "professor003");
-- INSERT INTO `reservation_user` (`reservation_id`, `user_id`) VALUES (487, "professor002");
-- INSERT INTO `reservation_facility` (`reservation_id`, `facility_id`) VALUES (487, 4);

-- INSERT INTO `reservation` (`id`, `creator_id`, `start_at`, `end_at`, `plan_id`, `plan_memo`) VALUES (488, "professor002", "2021-05-17 16:45:00", "2021-05-17 21:45:00", 2, "");
-- INSERT INTO `reservation_user` (`reservation_id`, `user_id`) VALUES (488, "professor002");
-- INSERT INTO `reservation_user` (`reservation_id`, `user_id`) VALUES (488, "student003");
-- INSERT INTO `reservation_facility` (`reservation_id`, `facility_id`) VALUES (488, 2);

-- INSERT INTO `reservation` (`id`, `creator_id`, `start_at`, `end_at`, `plan_id`, `plan_memo`) VALUES (489, "student002", "2021-05-18 10:45:00", "2021-05-18 13:45:00", 1, "");
-- INSERT INTO `reservation_user` (`reservation_id`, `user_id`) VALUES (489, "student002");
-- INSERT INTO `reservation_user` (`reservation_id`, `user_id`) VALUES (489, "professor003");
-- INSERT INTO `reservation_user` (`reservation_id`, `user_id`) VALUES (489, "professor001");
-- INSERT INTO `reservation_user` (`reservation_id`, `user_id`) VALUES (489, "student001");
-- INSERT INTO `reservation_user` (`reservation_id`, `user_id`) VALUES (489, "student004");
-- INSERT INTO `reservation_user` (`reservation_id`, `user_id`) VALUES (489, "professor004");
-- INSERT INTO `reservation_facility` (`reservation_id`, `facility_id`) VALUES (489, 3);

-- INSERT INTO `reservation` (`id`, `creator_id`, `start_at`, `end_at`, `plan_id`, `plan_memo`) VALUES (490, "student001", "2021-05-19 11:45:00", "2021-05-19 16:45:00", 1, "");
-- INSERT INTO `reservation_user` (`reservation_id`, `user_id`) VALUES (490, "student001");
-- INSERT INTO `reservation_user` (`reservation_id`, `user_id`) VALUES (490, "professor003");
-- INSERT INTO `reservation_user` (`reservation_id`, `user_id`) VALUES (490, "professor002");
-- INSERT INTO `reservation_user` (`reservation_id`, `user_id`) VALUES (490, "professor004");
-- INSERT INTO `reservation_facility` (`reservation_id`, `facility_id`) VALUES (490, 2);

-- INSERT INTO `reservation` (`id`, `creator_id`, `start_at`, `end_at`, `plan_id`, `plan_memo`) VALUES (491, "student002", "2021-05-20 12:45:00", "2021-05-20 18:45:00", 2, "");
-- INSERT INTO `reservation_user` (`reservation_id`, `user_id`) VALUES (491, "student002");
-- INSERT INTO `reservation_facility` (`reservation_id`, `facility_id`) VALUES (491, 2);

-- INSERT INTO `reservation` (`id`, `creator_id`, `start_at`, `end_at`, `plan_id`, `plan_memo`) VALUES (492, "student001", "2021-05-21 09:15:00", "2021-05-21 12:15:00", 1, "");
-- INSERT INTO `reservation_user` (`reservation_id`, `user_id`) VALUES (492, "student001");
-- INSERT INTO `reservation_user` (`reservation_id`, `user_id`) VALUES (492, "professor004");
-- INSERT INTO `reservation_facility` (`reservation_id`, `facility_id`) VALUES (492, 3);

-- INSERT INTO `reservation` (`id`, `creator_id`, `start_at`, `end_at`, `plan_id`, `plan_memo`) VALUES (493, "student002", "2021-05-21 17:15:00", "2021-05-21 19:15:00", 2, "");
-- INSERT INTO `reservation_user` (`reservation_id`, `user_id`) VALUES (493, "student002");
-- INSERT INTO `reservation_user` (`reservation_id`, `user_id`) VALUES (493, "professor003");
-- INSERT INTO `reservation_user` (`reservation_id`, `user_id`) VALUES (493, "student003");
-- INSERT INTO `reservation_user` (`reservation_id`, `user_id`) VALUES (493, "professor002");
-- INSERT INTO `reservation_user` (`reservation_id`, `user_id`) VALUES (493, "student001");
-- INSERT INTO `reservation_facility` (`reservation_id`, `facility_id`) VALUES (493, 2);

-- INSERT INTO `reservation` (`id`, `creator_id`, `start_at`, `end_at`, `plan_id`, `plan_memo`) VALUES (494, "professor003", "2021-05-22 15:45:00", "2021-05-22 18:45:00", 1, "");
-- INSERT INTO `reservation_user` (`reservation_id`, `user_id`) VALUES (494, "professor003");
-- INSERT INTO `reservation_user` (`reservation_id`, `user_id`) VALUES (494, "professor001");
-- INSERT INTO `reservation_user` (`reservation_id`, `user_id`) VALUES (494, "student002");
-- INSERT INTO `reservation_user` (`reservation_id`, `user_id`) VALUES (494, "professor002");
-- INSERT INTO `reservation_user` (`reservation_id`, `user_id`) VALUES (494, "student001");
-- INSERT INTO `reservation_user` (`reservation_id`, `user_id`) VALUES (494, "student004");
-- INSERT INTO `reservation_facility` (`reservation_id`, `facility_id`) VALUES (494, 3);

-- INSERT INTO `reservation` (`id`, `creator_id`, `start_at`, `end_at`, `plan_id`, `plan_memo`) VALUES (495, "professor003", "2021-05-23 16:15:00", "2021-05-23 17:15:00", 2, "");
-- INSERT INTO `reservation_user` (`reservation_id`, `user_id`) VALUES (495, "professor003");
-- INSERT INTO `reservation_user` (`reservation_id`, `user_id`) VALUES (495, "professor004");
-- INSERT INTO `reservation_user` (`reservation_id`, `user_id`) VALUES (495, "student003");
-- INSERT INTO `reservation_user` (`reservation_id`, `user_id`) VALUES (495, "student001");
-- INSERT INTO `reservation_facility` (`reservation_id`, `facility_id`) VALUES (495, 3);

-- INSERT INTO `reservation` (`id`, `creator_id`, `start_at`, `end_at`, `plan_id`, `plan_memo`) VALUES (496, "student003", "2021-05-25 11:30:00", "2021-05-25 13:30:00", 2, "");
-- INSERT INTO `reservation_user` (`reservation_id`, `user_id`) VALUES (496, "student003");
-- INSERT INTO `reservation_user` (`reservation_id`, `user_id`) VALUES (496, "professor004");
-- INSERT INTO `reservation_user` (`reservation_id`, `user_id`) VALUES (496, "professor002");
-- INSERT INTO `reservation_user` (`reservation_id`, `user_id`) VALUES (496, "student001");
-- INSERT INTO `reservation_facility` (`reservation_id`, `facility_id`) VALUES (496, 2);

-- INSERT INTO `reservation` (`id`, `creator_id`, `start_at`, `end_at`, `plan_id`, `plan_memo`) VALUES (497, "professor004", "2021-05-26 14:00:00", "2021-05-26 18:00:00", 2, "");
-- INSERT INTO `reservation_user` (`reservation_id`, `user_id`) VALUES (497, "professor004");
-- INSERT INTO `reservation_user` (`reservation_id`, `user_id`) VALUES (497, "professor001");
-- INSERT INTO `reservation_user` (`reservation_id`, `user_id`) VALUES (497, "student003");
-- INSERT INTO `reservation_user` (`reservation_id`, `user_id`) VALUES (497, "professor002");
-- INSERT INTO `reservation_user` (`reservation_id`, `user_id`) VALUES (497, "student001");
-- INSERT INTO `reservation_facility` (`reservation_id`, `facility_id`) VALUES (497, 2);

-- INSERT INTO `reservation` (`id`, `creator_id`, `start_at`, `end_at`, `plan_id`, `plan_memo`) VALUES (498, "professor004", "2021-05-27 07:00:00", "2021-05-27 08:00:00", 2, "");
-- INSERT INTO `reservation_user` (`reservation_id`, `user_id`) VALUES (498, "professor004");
-- INSERT INTO `reservation_user` (`reservation_id`, `user_id`) VALUES (498, "professor002");
-- INSERT INTO `reservation_user` (`reservation_id`, `user_id`) VALUES (498, "student001");
-- INSERT INTO `reservation_facility` (`reservation_id`, `facility_id`) VALUES (498, 4);

-- INSERT INTO `reservation` (`id`, `creator_id`, `start_at`, `end_at`, `plan_id`, `plan_memo`) VALUES (499, "student001", "2021-05-28 15:45:00", "2021-05-28 17:45:00", 2, "");
-- INSERT INTO `reservation_user` (`reservation_id`, `user_id`) VALUES (499, "student001");
-- INSERT INTO `reservation_user` (`reservation_id`, `user_id`) VALUES (499, "student003");
-- INSERT INTO `reservation_facility` (`reservation_id`, `facility_id`) VALUES (499, 2);

-- INSERT INTO `reservation` (`id`, `creator_id`, `start_at`, `end_at`, `plan_id`, `plan_memo`) VALUES (500, "student001", "2021-05-29 09:15:00", "2021-05-29 14:15:00", 2, "");
-- INSERT INTO `reservation_user` (`reservation_id`, `user_id`) VALUES (500, "student001");
-- INSERT INTO `reservation_user` (`reservation_id`, `user_id`) VALUES (500, "student003");
-- INSERT INTO `reservation_user` (`reservation_id`, `user_id`) VALUES (500, "professor002");
-- INSERT INTO `reservation_user` (`reservation_id`, `user_id`) VALUES (500, "student004");
-- INSERT INTO `reservation_facility` (`reservation_id`, `facility_id`) VALUES (500, 4);

-- INSERT INTO `reservation` (`id`, `creator_id`, `start_at`, `end_at`, `plan_id`, `plan_memo`) VALUES (501, "professor003", "2021-05-30 16:00:00", "2021-05-30 18:00:00", 2, "");
-- INSERT INTO `reservation_user` (`reservation_id`, `user_id`) VALUES (501, "professor003");
-- INSERT INTO `reservation_facility` (`reservation_id`, `facility_id`) VALUES (501, 4);

-- INSERT INTO `reservation` (`id`, `creator_id`, `start_at`, `end_at`, `plan_id`, `plan_memo`) VALUES (502, "professor004", "2021-06-03 12:45:00", "2021-06-03 15:45:00", 2, "");
-- INSERT INTO `reservation_user` (`reservation_id`, `user_id`) VALUES (502, "professor004");
-- INSERT INTO `reservation_user` (`reservation_id`, `user_id`) VALUES (502, "student001");
-- INSERT INTO `reservation_facility` (`reservation_id`, `facility_id`) VALUES (502, 1);

-- INSERT INTO `reservation` (`id`, `creator_id`, `start_at`, `end_at`, `plan_id`, `plan_memo`) VALUES (503, "student004", "2021-06-03 18:30:00", "2021-06-03 23:30:00", 2, "");
-- INSERT INTO `reservation_user` (`reservation_id`, `user_id`) VALUES (503, "student004");
-- INSERT INTO `reservation_user` (`reservation_id`, `user_id`) VALUES (503, "student002");
-- INSERT INTO `reservation_user` (`reservation_id`, `user_id`) VALUES (503, "professor002");
-- INSERT INTO `reservation_facility` (`reservation_id`, `facility_id`) VALUES (503, 4);

-- INSERT INTO `reservation` (`id`, `creator_id`, `start_at`, `end_at`, `plan_id`, `plan_memo`) VALUES (504, "professor002", "2021-06-05 15:00:00", "2021-06-05 21:00:00", 2, "");
-- INSERT INTO `reservation_user` (`reservation_id`, `user_id`) VALUES (504, "professor002");
-- INSERT INTO `reservation_user` (`reservation_id`, `user_id`) VALUES (504, "student002");
-- INSERT INTO `reservation_facility` (`reservation_id`, `facility_id`) VALUES (504, 3);

-- INSERT INTO `reservation` (`id`, `creator_id`, `start_at`, `end_at`, `plan_id`, `plan_memo`) VALUES (505, "professor004", "2021-06-06 20:15:00", "2021-06-06 21:15:00", 1, "");
-- INSERT INTO `reservation_user` (`reservation_id`, `user_id`) VALUES (505, "professor004");
-- INSERT INTO `reservation_user` (`reservation_id`, `user_id`) VALUES (505, "professor003");
-- INSERT INTO `reservation_facility` (`reservation_id`, `facility_id`) VALUES (505, 1);

-- INSERT INTO `reservation` (`id`, `creator_id`, `start_at`, `end_at`, `plan_id`, `plan_memo`) VALUES (506, "student002", "2021-06-07 08:15:00", "2021-06-07 14:15:00", 2, "");
-- INSERT INTO `reservation_user` (`reservation_id`, `user_id`) VALUES (506, "student002");
-- INSERT INTO `reservation_user` (`reservation_id`, `user_id`) VALUES (506, "professor002");
-- INSERT INTO `reservation_facility` (`reservation_id`, `facility_id`) VALUES (506, 3);

-- INSERT INTO `reservation` (`id`, `creator_id`, `start_at`, `end_at`, `plan_id`, `plan_memo`) VALUES (507, "professor003", "2021-06-09 11:15:00", "2021-06-09 17:15:00", 2, "");
-- INSERT INTO `reservation_user` (`reservation_id`, `user_id`) VALUES (507, "professor003");
-- INSERT INTO `reservation_user` (`reservation_id`, `user_id`) VALUES (507, "student001");
-- INSERT INTO `reservation_facility` (`reservation_id`, `facility_id`) VALUES (507, 3);

-- INSERT INTO `reservation` (`id`, `creator_id`, `start_at`, `end_at`, `plan_id`, `plan_memo`) VALUES (508, "professor003", "2021-06-09 19:30:00", "2021-06-09 22:30:00", 1, "");
-- INSERT INTO `reservation_user` (`reservation_id`, `user_id`) VALUES (508, "professor003");
-- INSERT INTO `reservation_facility` (`reservation_id`, `facility_id`) VALUES (508, 4);

-- INSERT INTO `reservation` (`id`, `creator_id`, `start_at`, `end_at`, `plan_id`, `plan_memo`) VALUES (509, "professor001", "2021-06-10 10:00:00", "2021-06-10 15:00:00", 1, "");
-- INSERT INTO `reservation_user` (`reservation_id`, `user_id`) VALUES (509, "professor001");
-- INSERT INTO `reservation_facility` (`reservation_id`, `facility_id`) VALUES (509, 3);

-- INSERT INTO `reservation` (`id`, `creator_id`, `start_at`, `end_at`, `plan_id`, `plan_memo`) VALUES (510, "professor002", "2021-06-11 10:45:00", "2021-06-11 11:45:00", 2, "");
-- INSERT INTO `reservation_user` (`reservation_id`, `user_id`) VALUES (510, "professor002");
-- INSERT INTO `reservation_user` (`reservation_id`, `user_id`) VALUES (510, "student002");
-- INSERT INTO `reservation_user` (`reservation_id`, `user_id`) VALUES (510, "student001");
-- INSERT INTO `reservation_user` (`reservation_id`, `user_id`) VALUES (510, "professor001");
-- INSERT INTO `reservation_user` (`reservation_id`, `user_id`) VALUES (510, "professor003");
-- INSERT INTO `reservation_facility` (`reservation_id`, `facility_id`) VALUES (510, 2);

-- INSERT INTO `reservation` (`id`, `creator_id`, `start_at`, `end_at`, `plan_id`, `plan_memo`) VALUES (511, "professor001", "2021-06-11 15:45:00", "2021-06-11 20:45:00", 2, "");
-- INSERT INTO `reservation_user` (`reservation_id`, `user_id`) VALUES (511, "professor001");
-- INSERT INTO `reservation_facility` (`reservation_id`, `facility_id`) VALUES (511, 3);

-- INSERT INTO `reservation` (`id`, `creator_id`, `start_at`, `end_at`, `plan_id`, `plan_memo`) VALUES (512, "professor001", "2021-06-12 09:45:00", "2021-06-12 15:45:00", 2, "");
-- INSERT INTO `reservation_user` (`reservation_id`, `user_id`) VALUES (512, "professor001");
-- INSERT INTO `reservation_facility` (`reservation_id`, `facility_id`) VALUES (512, 3);

-- INSERT INTO `reservation` (`id`, `creator_id`, `start_at`, `end_at`, `plan_id`, `plan_memo`) VALUES (513, "professor002", "2021-06-12 16:00:00", "2021-06-12 19:00:00", 1, "");
-- INSERT INTO `reservation_user` (`reservation_id`, `user_id`) VALUES (513, "professor002");
-- INSERT INTO `reservation_user` (`reservation_id`, `user_id`) VALUES (513, "student001");
-- INSERT INTO `reservation_user` (`reservation_id`, `user_id`) VALUES (513, "student002");
-- INSERT INTO `reservation_facility` (`reservation_id`, `facility_id`) VALUES (513, 2);

-- INSERT INTO `reservation` (`id`, `creator_id`, `start_at`, `end_at`, `plan_id`, `plan_memo`) VALUES (514, "student001", "2021-06-13 08:15:00", "2021-06-13 11:15:00", 2, "");
-- INSERT INTO `reservation_user` (`reservation_id`, `user_id`) VALUES (514, "student001");
-- INSERT INTO `reservation_user` (`reservation_id`, `user_id`) VALUES (514, "student004");
-- INSERT INTO `reservation_user` (`reservation_id`, `user_id`) VALUES (514, "student002");
-- INSERT INTO `reservation_user` (`reservation_id`, `user_id`) VALUES (514, "professor002");
-- INSERT INTO `reservation_user` (`reservation_id`, `user_id`) VALUES (514, "professor004");
-- INSERT INTO `reservation_user` (`reservation_id`, `user_id`) VALUES (514, "professor003");
-- INSERT INTO `reservation_facility` (`reservation_id`, `facility_id`) VALUES (514, 4);

-- INSERT INTO `reservation` (`id`, `creator_id`, `start_at`, `end_at`, `plan_id`, `plan_memo`) VALUES (515, "student001", "2021-06-15 13:45:00", "2021-06-15 19:45:00", 2, "");
-- INSERT INTO `reservation_user` (`reservation_id`, `user_id`) VALUES (515, "student001");
-- INSERT INTO `reservation_user` (`reservation_id`, `user_id`) VALUES (515, "student002");
-- INSERT INTO `reservation_user` (`reservation_id`, `user_id`) VALUES (515, "professor004");
-- INSERT INTO `reservation_user` (`reservation_id`, `user_id`) VALUES (515, "professor002");
-- INSERT INTO `reservation_user` (`reservation_id`, `user_id`) VALUES (515, "professor003");
-- INSERT INTO `reservation_facility` (`reservation_id`, `facility_id`) VALUES (515, 2);

-- INSERT INTO `reservation` (`id`, `creator_id`, `start_at`, `end_at`, `plan_id`, `plan_memo`) VALUES (516, "professor004", "2021-06-16 08:00:00", "2021-06-16 13:00:00", 2, "");
-- INSERT INTO `reservation_user` (`reservation_id`, `user_id`) VALUES (516, "professor004");
-- INSERT INTO `reservation_user` (`reservation_id`, `user_id`) VALUES (516, "professor003");
-- INSERT INTO `reservation_user` (`reservation_id`, `user_id`) VALUES (516, "student001");
-- INSERT INTO `reservation_user` (`reservation_id`, `user_id`) VALUES (516, "professor001");
-- INSERT INTO `reservation_user` (`reservation_id`, `user_id`) VALUES (516, "student002");
-- INSERT INTO `reservation_user` (`reservation_id`, `user_id`) VALUES (516, "student004");
-- INSERT INTO `reservation_facility` (`reservation_id`, `facility_id`) VALUES (516, 1);

-- INSERT INTO `reservation` (`id`, `creator_id`, `start_at`, `end_at`, `plan_id`, `plan_memo`) VALUES (517, "professor001", "2021-06-16 18:15:00", "2021-06-16 19:15:00", 2, "");
-- INSERT INTO `reservation_user` (`reservation_id`, `user_id`) VALUES (517, "professor001");
-- INSERT INTO `reservation_user` (`reservation_id`, `user_id`) VALUES (517, "student002");
-- INSERT INTO `reservation_user` (`reservation_id`, `user_id`) VALUES (517, "student004");
-- INSERT INTO `reservation_user` (`reservation_id`, `user_id`) VALUES (517, "student003");
-- INSERT INTO `reservation_facility` (`reservation_id`, `facility_id`) VALUES (517, 4);

-- INSERT INTO `reservation` (`id`, `creator_id`, `start_at`, `end_at`, `plan_id`, `plan_memo`) VALUES (518, "professor001", "2021-06-17 12:00:00", "2021-06-17 13:00:00", 2, "");
-- INSERT INTO `reservation_user` (`reservation_id`, `user_id`) VALUES (518, "professor001");
-- INSERT INTO `reservation_user` (`reservation_id`, `user_id`) VALUES (518, "student003");
-- INSERT INTO `reservation_user` (`reservation_id`, `user_id`) VALUES (518, "student004");
-- INSERT INTO `reservation_facility` (`reservation_id`, `facility_id`) VALUES (518, 4);

-- INSERT INTO `reservation` (`id`, `creator_id`, `start_at`, `end_at`, `plan_id`, `plan_memo`) VALUES (519, "professor003", "2021-06-18 15:00:00", "2021-06-18 19:00:00", 1, "");
-- INSERT INTO `reservation_user` (`reservation_id`, `user_id`) VALUES (519, "professor003");
-- INSERT INTO `reservation_user` (`reservation_id`, `user_id`) VALUES (519, "professor004");
-- INSERT INTO `reservation_user` (`reservation_id`, `user_id`) VALUES (519, "student002");
-- INSERT INTO `reservation_facility` (`reservation_id`, `facility_id`) VALUES (519, 3);

-- INSERT INTO `reservation` (`id`, `creator_id`, `start_at`, `end_at`, `plan_id`, `plan_memo`) VALUES (520, "professor003", "2021-06-20 09:45:00", "2021-06-20 11:45:00", 1, "");
-- INSERT INTO `reservation_user` (`reservation_id`, `user_id`) VALUES (520, "professor003");
-- INSERT INTO `reservation_user` (`reservation_id`, `user_id`) VALUES (520, "professor002");
-- INSERT INTO `reservation_user` (`reservation_id`, `user_id`) VALUES (520, "student002");
-- INSERT INTO `reservation_user` (`reservation_id`, `user_id`) VALUES (520, "student003");
-- INSERT INTO `reservation_user` (`reservation_id`, `user_id`) VALUES (520, "student004");
-- INSERT INTO `reservation_user` (`reservation_id`, `user_id`) VALUES (520, "professor004");
-- INSERT INTO `reservation_facility` (`reservation_id`, `facility_id`) VALUES (520, 4);

-- INSERT INTO `reservation` (`id`, `creator_id`, `start_at`, `end_at`, `plan_id`, `plan_memo`) VALUES (521, "professor001", "2021-06-21 15:45:00", "2021-06-21 19:45:00", 1, "");
-- INSERT INTO `reservation_user` (`reservation_id`, `user_id`) VALUES (521, "professor001");
-- INSERT INTO `reservation_facility` (`reservation_id`, `facility_id`) VALUES (521, 4);

-- INSERT INTO `reservation` (`id`, `creator_id`, `start_at`, `end_at`, `plan_id`, `plan_memo`) VALUES (522, "professor004", "2021-06-22 18:15:00", "2021-06-22 23:15:00", 2, "");
-- INSERT INTO `reservation_user` (`reservation_id`, `user_id`) VALUES (522, "professor004");
-- INSERT INTO `reservation_user` (`reservation_id`, `user_id`) VALUES (522, "professor001");
-- INSERT INTO `reservation_user` (`reservation_id`, `user_id`) VALUES (522, "student001");
-- INSERT INTO `reservation_user` (`reservation_id`, `user_id`) VALUES (522, "student003");
-- INSERT INTO `reservation_user` (`reservation_id`, `user_id`) VALUES (522, "student002");
-- INSERT INTO `reservation_facility` (`reservation_id`, `facility_id`) VALUES (522, 2);

-- INSERT INTO `reservation` (`id`, `creator_id`, `start_at`, `end_at`, `plan_id`, `plan_memo`) VALUES (523, "professor002", "2021-06-23 09:00:00", "2021-06-23 14:00:00", 2, "");
-- INSERT INTO `reservation_user` (`reservation_id`, `user_id`) VALUES (523, "professor002");
-- INSERT INTO `reservation_facility` (`reservation_id`, `facility_id`) VALUES (523, 2);

-- INSERT INTO `reservation` (`id`, `creator_id`, `start_at`, `end_at`, `plan_id`, `plan_memo`) VALUES (524, "student002", "2021-06-23 17:30:00", "2021-06-23 19:30:00", 1, "");
-- INSERT INTO `reservation_user` (`reservation_id`, `user_id`) VALUES (524, "student002");
-- INSERT INTO `reservation_facility` (`reservation_id`, `facility_id`) VALUES (524, 1);

-- INSERT INTO `reservation` (`id`, `creator_id`, `start_at`, `end_at`, `plan_id`, `plan_memo`) VALUES (525, "student004", "2021-06-24 17:00:00", "2021-06-24 22:00:00", 1, "");
-- INSERT INTO `reservation_user` (`reservation_id`, `user_id`) VALUES (525, "student004");
-- INSERT INTO `reservation_user` (`reservation_id`, `user_id`) VALUES (525, "student001");
-- INSERT INTO `reservation_user` (`reservation_id`, `user_id`) VALUES (525, "student002");
-- INSERT INTO `reservation_user` (`reservation_id`, `user_id`) VALUES (525, "professor001");
-- INSERT INTO `reservation_facility` (`reservation_id`, `facility_id`) VALUES (525, 4);

-- INSERT INTO `reservation` (`id`, `creator_id`, `start_at`, `end_at`, `plan_id`, `plan_memo`) VALUES (526, "professor001", "2021-06-25 12:30:00", "2021-06-25 17:30:00", 2, "");
-- INSERT INTO `reservation_user` (`reservation_id`, `user_id`) VALUES (526, "professor001");
-- INSERT INTO `reservation_user` (`reservation_id`, `user_id`) VALUES (526, "student002");
-- INSERT INTO `reservation_user` (`reservation_id`, `user_id`) VALUES (526, "student004");
-- INSERT INTO `reservation_user` (`reservation_id`, `user_id`) VALUES (526, "student003");
-- INSERT INTO `reservation_user` (`reservation_id`, `user_id`) VALUES (526, "professor002");
-- INSERT INTO `reservation_user` (`reservation_id`, `user_id`) VALUES (526, "student001");
-- INSERT INTO `reservation_facility` (`reservation_id`, `facility_id`) VALUES (526, 4);

-- INSERT INTO `reservation` (`id`, `creator_id`, `start_at`, `end_at`, `plan_id`, `plan_memo`) VALUES (527, "professor003", "2021-06-25 20:30:00", "2021-06-25 21:30:00", 2, "");
-- INSERT INTO `reservation_user` (`reservation_id`, `user_id`) VALUES (527, "professor003");
-- INSERT INTO `reservation_user` (`reservation_id`, `user_id`) VALUES (527, "student002");
-- INSERT INTO `reservation_user` (`reservation_id`, `user_id`) VALUES (527, "student003");
-- INSERT INTO `reservation_user` (`reservation_id`, `user_id`) VALUES (527, "professor004");
-- INSERT INTO `reservation_user` (`reservation_id`, `user_id`) VALUES (527, "student001");
-- INSERT INTO `reservation_facility` (`reservation_id`, `facility_id`) VALUES (527, 3);

-- INSERT INTO `reservation` (`id`, `creator_id`, `start_at`, `end_at`, `plan_id`, `plan_memo`) VALUES (528, "professor003", "2021-06-26 21:45:00", "2021-06-26 23:45:00", 1, "");
-- INSERT INTO `reservation_user` (`reservation_id`, `user_id`) VALUES (528, "professor003");
-- INSERT INTO `reservation_user` (`reservation_id`, `user_id`) VALUES (528, "professor004");
-- INSERT INTO `reservation_user` (`reservation_id`, `user_id`) VALUES (528, "professor002");
-- INSERT INTO `reservation_user` (`reservation_id`, `user_id`) VALUES (528, "student002");
-- INSERT INTO `reservation_user` (`reservation_id`, `user_id`) VALUES (528, "student004");
-- INSERT INTO `reservation_facility` (`reservation_id`, `facility_id`) VALUES (528, 1);

-- INSERT INTO `reservation` (`id`, `creator_id`, `start_at`, `end_at`, `plan_id`, `plan_memo`) VALUES (529, "student001", "2021-06-27 21:30:00", "2021-06-27 22:30:00", 2, "");
-- INSERT INTO `reservation_user` (`reservation_id`, `user_id`) VALUES (529, "student001");
-- INSERT INTO `reservation_facility` (`reservation_id`, `facility_id`) VALUES (529, 4);

-- INSERT INTO `reservation` (`id`, `creator_id`, `start_at`, `end_at`, `plan_id`, `plan_memo`) VALUES (530, "student002", "2021-06-29 14:00:00", "2021-06-29 20:00:00", 2, "");
-- INSERT INTO `reservation_user` (`reservation_id`, `user_id`) VALUES (530, "student002");
-- INSERT INTO `reservation_facility` (`reservation_id`, `facility_id`) VALUES (530, 2);

-- INSERT INTO `reservation` (`id`, `creator_id`, `start_at`, `end_at`, `plan_id`, `plan_memo`) VALUES (531, "professor004", "2021-07-01 14:00:00", "2021-07-01 18:00:00", 2, "");
-- INSERT INTO `reservation_user` (`reservation_id`, `user_id`) VALUES (531, "professor004");
-- INSERT INTO `reservation_facility` (`reservation_id`, `facility_id`) VALUES (531, 3);

-- INSERT INTO `reservation` (`id`, `creator_id`, `start_at`, `end_at`, `plan_id`, `plan_memo`) VALUES (532, "professor001", "2021-07-02 21:30:00", "2021-07-02 23:30:00", 2, "");
-- INSERT INTO `reservation_user` (`reservation_id`, `user_id`) VALUES (532, "professor001");
-- INSERT INTO `reservation_user` (`reservation_id`, `user_id`) VALUES (532, "professor002");
-- INSERT INTO `reservation_user` (`reservation_id`, `user_id`) VALUES (532, "student004");
-- INSERT INTO `reservation_user` (`reservation_id`, `user_id`) VALUES (532, "student002");
-- INSERT INTO `reservation_facility` (`reservation_id`, `facility_id`) VALUES (532, 1);

-- INSERT INTO `reservation` (`id`, `creator_id`, `start_at`, `end_at`, `plan_id`, `plan_memo`) VALUES (533, "professor004", "2021-07-04 08:00:00", "2021-07-04 14:00:00", 2, "");
-- INSERT INTO `reservation_user` (`reservation_id`, `user_id`) VALUES (533, "professor004");
-- INSERT INTO `reservation_user` (`reservation_id`, `user_id`) VALUES (533, "student002");
-- INSERT INTO `reservation_facility` (`reservation_id`, `facility_id`) VALUES (533, 4);

-- INSERT INTO `reservation` (`id`, `creator_id`, `start_at`, `end_at`, `plan_id`, `plan_memo`) VALUES (534, "professor003", "2021-07-05 11:15:00", "2021-07-05 17:15:00", 1, "");
-- INSERT INTO `reservation_user` (`reservation_id`, `user_id`) VALUES (534, "professor003");
-- INSERT INTO `reservation_user` (`reservation_id`, `user_id`) VALUES (534, "student003");
-- INSERT INTO `reservation_user` (`reservation_id`, `user_id`) VALUES (534, "student001");
-- INSERT INTO `reservation_facility` (`reservation_id`, `facility_id`) VALUES (534, 1);

-- INSERT INTO `reservation` (`id`, `creator_id`, `start_at`, `end_at`, `plan_id`, `plan_memo`) VALUES (535, "professor004", "2021-07-05 20:30:00", "2021-07-05 21:30:00", 1, "");
-- INSERT INTO `reservation_user` (`reservation_id`, `user_id`) VALUES (535, "professor004");
-- INSERT INTO `reservation_user` (`reservation_id`, `user_id`) VALUES (535, "professor003");
-- INSERT INTO `reservation_user` (`reservation_id`, `user_id`) VALUES (535, "student004");
-- INSERT INTO `reservation_user` (`reservation_id`, `user_id`) VALUES (535, "professor001");
-- INSERT INTO `reservation_facility` (`reservation_id`, `facility_id`) VALUES (535, 2);

-- INSERT INTO `reservation` (`id`, `creator_id`, `start_at`, `end_at`, `plan_id`, `plan_memo`) VALUES (536, "student001", "2021-07-06 13:00:00", "2021-07-06 16:00:00", 1, "");
-- INSERT INTO `reservation_user` (`reservation_id`, `user_id`) VALUES (536, "student001");
-- INSERT INTO `reservation_user` (`reservation_id`, `user_id`) VALUES (536, "student004");
-- INSERT INTO `reservation_facility` (`reservation_id`, `facility_id`) VALUES (536, 4);

-- INSERT INTO `reservation` (`id`, `creator_id`, `start_at`, `end_at`, `plan_id`, `plan_memo`) VALUES (537, "professor004", "2021-07-07 16:30:00", "2021-07-07 20:30:00", 1, "");
-- INSERT INTO `reservation_user` (`reservation_id`, `user_id`) VALUES (537, "professor004");
-- INSERT INTO `reservation_user` (`reservation_id`, `user_id`) VALUES (537, "student004");
-- INSERT INTO `reservation_user` (`reservation_id`, `user_id`) VALUES (537, "student003");
-- INSERT INTO `reservation_user` (`reservation_id`, `user_id`) VALUES (537, "professor001");
-- INSERT INTO `reservation_user` (`reservation_id`, `user_id`) VALUES (537, "professor003");
-- INSERT INTO `reservation_user` (`reservation_id`, `user_id`) VALUES (537, "student002");
-- INSERT INTO `reservation_facility` (`reservation_id`, `facility_id`) VALUES (537, 2);

-- INSERT INTO `reservation` (`id`, `creator_id`, `start_at`, `end_at`, `plan_id`, `plan_memo`) VALUES (538, "student004", "2021-07-11 10:15:00", "2021-07-11 11:15:00", 2, "");
-- INSERT INTO `reservation_user` (`reservation_id`, `user_id`) VALUES (538, "student004");
-- INSERT INTO `reservation_facility` (`reservation_id`, `facility_id`) VALUES (538, 1);

-- INSERT INTO `reservation` (`id`, `creator_id`, `start_at`, `end_at`, `plan_id`, `plan_memo`) VALUES (539, "student002", "2021-07-12 08:45:00", "2021-07-12 14:45:00", 1, "");
-- INSERT INTO `reservation_user` (`reservation_id`, `user_id`) VALUES (539, "student002");
-- INSERT INTO `reservation_user` (`reservation_id`, `user_id`) VALUES (539, "student001");
-- INSERT INTO `reservation_user` (`reservation_id`, `user_id`) VALUES (539, "student003");
-- INSERT INTO `reservation_facility` (`reservation_id`, `facility_id`) VALUES (539, 4);

-- INSERT INTO `reservation` (`id`, `creator_id`, `start_at`, `end_at`, `plan_id`, `plan_memo`) VALUES (540, "professor004", "2021-07-14 20:15:00", "2021-07-14 21:15:00", 2, "");
-- INSERT INTO `reservation_user` (`reservation_id`, `user_id`) VALUES (540, "professor004");
-- INSERT INTO `reservation_user` (`reservation_id`, `user_id`) VALUES (540, "student001");
-- INSERT INTO `reservation_user` (`reservation_id`, `user_id`) VALUES (540, "professor002");
-- INSERT INTO `reservation_user` (`reservation_id`, `user_id`) VALUES (540, "professor003");
-- INSERT INTO `reservation_facility` (`reservation_id`, `facility_id`) VALUES (540, 4);

-- INSERT INTO `reservation` (`id`, `creator_id`, `start_at`, `end_at`, `plan_id`, `plan_memo`) VALUES (541, "student002", "2021-07-15 07:00:00", "2021-07-15 09:00:00", 2, "");
-- INSERT INTO `reservation_user` (`reservation_id`, `user_id`) VALUES (541, "student002");
-- INSERT INTO `reservation_user` (`reservation_id`, `user_id`) VALUES (541, "professor004");
-- INSERT INTO `reservation_facility` (`reservation_id`, `facility_id`) VALUES (541, 2);

-- INSERT INTO `reservation` (`id`, `creator_id`, `start_at`, `end_at`, `plan_id`, `plan_memo`) VALUES (542, "professor004", "2021-07-16 13:45:00", "2021-07-16 17:45:00", 1, "");
-- INSERT INTO `reservation_user` (`reservation_id`, `user_id`) VALUES (542, "professor004");
-- INSERT INTO `reservation_user` (`reservation_id`, `user_id`) VALUES (542, "professor003");
-- INSERT INTO `reservation_user` (`reservation_id`, `user_id`) VALUES (542, "professor002");
-- INSERT INTO `reservation_user` (`reservation_id`, `user_id`) VALUES (542, "student004");
-- INSERT INTO `reservation_user` (`reservation_id`, `user_id`) VALUES (542, "professor001");
-- INSERT INTO `reservation_facility` (`reservation_id`, `facility_id`) VALUES (542, 1);

-- INSERT INTO `reservation` (`id`, `creator_id`, `start_at`, `end_at`, `plan_id`, `plan_memo`) VALUES (543, "professor001", "2021-07-18 20:45:00", "2021-07-18 22:45:00", 2, "");
-- INSERT INTO `reservation_user` (`reservation_id`, `user_id`) VALUES (543, "professor001");
-- INSERT INTO `reservation_user` (`reservation_id`, `user_id`) VALUES (543, "student002");
-- INSERT INTO `reservation_user` (`reservation_id`, `user_id`) VALUES (543, "student004");
-- INSERT INTO `reservation_user` (`reservation_id`, `user_id`) VALUES (543, "student003");
-- INSERT INTO `reservation_user` (`reservation_id`, `user_id`) VALUES (543, "professor003");
-- INSERT INTO `reservation_facility` (`reservation_id`, `facility_id`) VALUES (543, 2);

-- INSERT INTO `reservation` (`id`, `creator_id`, `start_at`, `end_at`, `plan_id`, `plan_memo`) VALUES (544, "student004", "2021-07-20 21:30:00", "2021-07-20 22:30:00", 2, "");
-- INSERT INTO `reservation_user` (`reservation_id`, `user_id`) VALUES (544, "student004");
-- INSERT INTO `reservation_user` (`reservation_id`, `user_id`) VALUES (544, "professor001");
-- INSERT INTO `reservation_user` (`reservation_id`, `user_id`) VALUES (544, "student001");
-- INSERT INTO `reservation_user` (`reservation_id`, `user_id`) VALUES (544, "professor002");
-- INSERT INTO `reservation_user` (`reservation_id`, `user_id`) VALUES (544, "professor003");
-- INSERT INTO `reservation_user` (`reservation_id`, `user_id`) VALUES (544, "student002");
-- INSERT INTO `reservation_facility` (`reservation_id`, `facility_id`) VALUES (544, 3);

-- INSERT INTO `reservation` (`id`, `creator_id`, `start_at`, `end_at`, `plan_id`, `plan_memo`) VALUES (545, "student002", "2021-07-21 11:00:00", "2021-07-21 13:00:00", 1, "");
-- INSERT INTO `reservation_user` (`reservation_id`, `user_id`) VALUES (545, "student002");
-- INSERT INTO `reservation_user` (`reservation_id`, `user_id`) VALUES (545, "student003");
-- INSERT INTO `reservation_user` (`reservation_id`, `user_id`) VALUES (545, "professor004");
-- INSERT INTO `reservation_user` (`reservation_id`, `user_id`) VALUES (545, "professor003");
-- INSERT INTO `reservation_user` (`reservation_id`, `user_id`) VALUES (545, "student004");
-- INSERT INTO `reservation_facility` (`reservation_id`, `facility_id`) VALUES (545, 2);

-- INSERT INTO `reservation` (`id`, `creator_id`, `start_at`, `end_at`, `plan_id`, `plan_memo`) VALUES (546, "professor004", "2021-07-21 13:15:00", "2021-07-21 14:15:00", 2, "");
-- INSERT INTO `reservation_user` (`reservation_id`, `user_id`) VALUES (546, "professor004");
-- INSERT INTO `reservation_user` (`reservation_id`, `user_id`) VALUES (546, "professor001");
-- INSERT INTO `reservation_facility` (`reservation_id`, `facility_id`) VALUES (546, 3);

-- INSERT INTO `reservation` (`id`, `creator_id`, `start_at`, `end_at`, `plan_id`, `plan_memo`) VALUES (547, "professor004", "2021-07-21 14:45:00", "2021-07-21 16:45:00", 2, "");
-- INSERT INTO `reservation_user` (`reservation_id`, `user_id`) VALUES (547, "professor004");
-- INSERT INTO `reservation_user` (`reservation_id`, `user_id`) VALUES (547, "professor003");
-- INSERT INTO `reservation_facility` (`reservation_id`, `facility_id`) VALUES (547, 2);

-- INSERT INTO `reservation` (`id`, `creator_id`, `start_at`, `end_at`, `plan_id`, `plan_memo`) VALUES (548, "student002", "2021-07-21 19:45:00", "2021-07-21 22:45:00", 1, "");
-- INSERT INTO `reservation_user` (`reservation_id`, `user_id`) VALUES (548, "student002");
-- INSERT INTO `reservation_user` (`reservation_id`, `user_id`) VALUES (548, "student003");
-- INSERT INTO `reservation_user` (`reservation_id`, `user_id`) VALUES (548, "professor004");
-- INSERT INTO `reservation_user` (`reservation_id`, `user_id`) VALUES (548, "student001");
-- INSERT INTO `reservation_user` (`reservation_id`, `user_id`) VALUES (548, "professor003");
-- INSERT INTO `reservation_user` (`reservation_id`, `user_id`) VALUES (548, "student004");
-- INSERT INTO `reservation_facility` (`reservation_id`, `facility_id`) VALUES (548, 3);

-- INSERT INTO `reservation` (`id`, `creator_id`, `start_at`, `end_at`, `plan_id`, `plan_memo`) VALUES (549, "professor002", "2021-07-22 18:30:00", "2021-07-22 19:30:00", 2, "");
-- INSERT INTO `reservation_user` (`reservation_id`, `user_id`) VALUES (549, "professor002");
-- INSERT INTO `reservation_user` (`reservation_id`, `user_id`) VALUES (549, "student004");
-- INSERT INTO `reservation_facility` (`reservation_id`, `facility_id`) VALUES (549, 1);

-- INSERT INTO `reservation` (`id`, `creator_id`, `start_at`, `end_at`, `plan_id`, `plan_memo`) VALUES (550, "professor002", "2021-07-23 12:00:00", "2021-07-23 18:00:00", 1, "");
-- INSERT INTO `reservation_user` (`reservation_id`, `user_id`) VALUES (550, "professor002");
-- INSERT INTO `reservation_user` (`reservation_id`, `user_id`) VALUES (550, "professor001");
-- INSERT INTO `reservation_user` (`reservation_id`, `user_id`) VALUES (550, "student002");
-- INSERT INTO `reservation_facility` (`reservation_id`, `facility_id`) VALUES (550, 2);

-- INSERT INTO `reservation` (`id`, `creator_id`, `start_at`, `end_at`, `plan_id`, `plan_memo`) VALUES (551, "professor003", "2021-07-23 19:45:00", "2021-07-23 20:45:00", 1, "");
-- INSERT INTO `reservation_user` (`reservation_id`, `user_id`) VALUES (551, "professor003");
-- INSERT INTO `reservation_user` (`reservation_id`, `user_id`) VALUES (551, "student004");
-- INSERT INTO `reservation_user` (`reservation_id`, `user_id`) VALUES (551, "professor002");
-- INSERT INTO `reservation_facility` (`reservation_id`, `facility_id`) VALUES (551, 4);

-- INSERT INTO `reservation` (`id`, `creator_id`, `start_at`, `end_at`, `plan_id`, `plan_memo`) VALUES (552, "student004", "2021-07-24 07:15:00", "2021-07-24 12:15:00", 1, "");
-- INSERT INTO `reservation_user` (`reservation_id`, `user_id`) VALUES (552, "student004");
-- INSERT INTO `reservation_facility` (`reservation_id`, `facility_id`) VALUES (552, 2);

-- INSERT INTO `reservation` (`id`, `creator_id`, `start_at`, `end_at`, `plan_id`, `plan_memo`) VALUES (553, "student001", "2021-07-24 12:30:00", "2021-07-24 18:30:00", 1, "");
-- INSERT INTO `reservation_user` (`reservation_id`, `user_id`) VALUES (553, "student001");
-- INSERT INTO `reservation_user` (`reservation_id`, `user_id`) VALUES (553, "professor004");
-- INSERT INTO `reservation_user` (`reservation_id`, `user_id`) VALUES (553, "professor001");
-- INSERT INTO `reservation_user` (`reservation_id`, `user_id`) VALUES (553, "student003");
-- INSERT INTO `reservation_facility` (`reservation_id`, `facility_id`) VALUES (553, 4);

-- INSERT INTO `reservation` (`id`, `creator_id`, `start_at`, `end_at`, `plan_id`, `plan_memo`) VALUES (554, "student003", "2021-07-28 11:45:00", "2021-07-28 15:45:00", 1, "");
-- INSERT INTO `reservation_user` (`reservation_id`, `user_id`) VALUES (554, "student003");
-- INSERT INTO `reservation_user` (`reservation_id`, `user_id`) VALUES (554, "professor003");
-- INSERT INTO `reservation_user` (`reservation_id`, `user_id`) VALUES (554, "student004");
-- INSERT INTO `reservation_user` (`reservation_id`, `user_id`) VALUES (554, "professor004");
-- INSERT INTO `reservation_user` (`reservation_id`, `user_id`) VALUES (554, "professor002");
-- INSERT INTO `reservation_user` (`reservation_id`, `user_id`) VALUES (554, "student002");
-- INSERT INTO `reservation_facility` (`reservation_id`, `facility_id`) VALUES (554, 4);

-- INSERT INTO `reservation` (`id`, `creator_id`, `start_at`, `end_at`, `plan_id`, `plan_memo`) VALUES (555, "student004", "2021-07-31 08:30:00", "2021-07-31 14:30:00", 2, "");
-- INSERT INTO `reservation_user` (`reservation_id`, `user_id`) VALUES (555, "student004");
-- INSERT INTO `reservation_facility` (`reservation_id`, `facility_id`) VALUES (555, 2);

-- INSERT INTO `reservation` (`id`, `creator_id`, `start_at`, `end_at`, `plan_id`, `plan_memo`) VALUES (556, "student001", "2021-07-31 20:00:00", "2021-07-31 21:00:00", 2, "");
-- INSERT INTO `reservation_user` (`reservation_id`, `user_id`) VALUES (556, "student001");
-- INSERT INTO `reservation_user` (`reservation_id`, `user_id`) VALUES (556, "student004");
-- INSERT INTO `reservation_user` (`reservation_id`, `user_id`) VALUES (556, "professor004");
-- INSERT INTO `reservation_user` (`reservation_id`, `user_id`) VALUES (556, "student002");
-- INSERT INTO `reservation_user` (`reservation_id`, `user_id`) VALUES (556, "professor003");
-- INSERT INTO `reservation_user` (`reservation_id`, `user_id`) VALUES (556, "professor002");
-- INSERT INTO `reservation_facility` (`reservation_id`, `facility_id`) VALUES (556, 3);

-- INSERT INTO `reservation` (`id`, `creator_id`, `start_at`, `end_at`, `plan_id`, `plan_memo`) VALUES (557, "professor003", "2021-08-02 10:00:00", "2021-08-02 14:00:00", 2, "");
-- INSERT INTO `reservation_user` (`reservation_id`, `user_id`) VALUES (557, "professor003");
-- INSERT INTO `reservation_user` (`reservation_id`, `user_id`) VALUES (557, "student003");
-- INSERT INTO `reservation_user` (`reservation_id`, `user_id`) VALUES (557, "student004");
-- INSERT INTO `reservation_facility` (`reservation_id`, `facility_id`) VALUES (557, 3);

-- INSERT INTO `reservation` (`id`, `creator_id`, `start_at`, `end_at`, `plan_id`, `plan_memo`) VALUES (558, "student004", "2021-08-02 15:00:00", "2021-08-02 18:00:00", 2, "");
-- INSERT INTO `reservation_user` (`reservation_id`, `user_id`) VALUES (558, "student004");
-- INSERT INTO `reservation_user` (`reservation_id`, `user_id`) VALUES (558, "professor002");
-- INSERT INTO `reservation_user` (`reservation_id`, `user_id`) VALUES (558, "professor001");
-- INSERT INTO `reservation_user` (`reservation_id`, `user_id`) VALUES (558, "professor003");
-- INSERT INTO `reservation_facility` (`reservation_id`, `facility_id`) VALUES (558, 2);

-- INSERT INTO `reservation` (`id`, `creator_id`, `start_at`, `end_at`, `plan_id`, `plan_memo`) VALUES (559, "professor004", "2021-08-03 12:45:00", "2021-08-03 15:45:00", 2, "");
-- INSERT INTO `reservation_user` (`reservation_id`, `user_id`) VALUES (559, "professor004");
-- INSERT INTO `reservation_user` (`reservation_id`, `user_id`) VALUES (559, "student001");
-- INSERT INTO `reservation_user` (`reservation_id`, `user_id`) VALUES (559, "student003");
-- INSERT INTO `reservation_user` (`reservation_id`, `user_id`) VALUES (559, "student002");
-- INSERT INTO `reservation_facility` (`reservation_id`, `facility_id`) VALUES (559, 1);

-- INSERT INTO `reservation` (`id`, `creator_id`, `start_at`, `end_at`, `plan_id`, `plan_memo`) VALUES (560, "student002", "2021-08-04 12:45:00", "2021-08-04 15:45:00", 2, "");
-- INSERT INTO `reservation_user` (`reservation_id`, `user_id`) VALUES (560, "student002");
-- INSERT INTO `reservation_user` (`reservation_id`, `user_id`) VALUES (560, "professor003");
-- INSERT INTO `reservation_facility` (`reservation_id`, `facility_id`) VALUES (560, 4);

-- INSERT INTO `reservation` (`id`, `creator_id`, `start_at`, `end_at`, `plan_id`, `plan_memo`) VALUES (561, "professor003", "2021-08-05 07:30:00", "2021-08-05 10:30:00", 1, "");
-- INSERT INTO `reservation_user` (`reservation_id`, `user_id`) VALUES (561, "professor003");
-- INSERT INTO `reservation_user` (`reservation_id`, `user_id`) VALUES (561, "professor004");
-- INSERT INTO `reservation_user` (`reservation_id`, `user_id`) VALUES (561, "student002");
-- INSERT INTO `reservation_user` (`reservation_id`, `user_id`) VALUES (561, "student004");
-- INSERT INTO `reservation_facility` (`reservation_id`, `facility_id`) VALUES (561, 2);

-- INSERT INTO `reservation` (`id`, `creator_id`, `start_at`, `end_at`, `plan_id`, `plan_memo`) VALUES (562, "student002", "2021-08-05 19:15:00", "2021-08-05 20:15:00", 2, "");
-- INSERT INTO `reservation_user` (`reservation_id`, `user_id`) VALUES (562, "student002");
-- INSERT INTO `reservation_user` (`reservation_id`, `user_id`) VALUES (562, "professor001");
-- INSERT INTO `reservation_user` (`reservation_id`, `user_id`) VALUES (562, "professor004");
-- INSERT INTO `reservation_user` (`reservation_id`, `user_id`) VALUES (562, "student004");
-- INSERT INTO `reservation_user` (`reservation_id`, `user_id`) VALUES (562, "professor003");
-- INSERT INTO `reservation_facility` (`reservation_id`, `facility_id`) VALUES (562, 2);

-- INSERT INTO `reservation` (`id`, `creator_id`, `start_at`, `end_at`, `plan_id`, `plan_memo`) VALUES (563, "professor004", "2021-08-06 11:30:00", "2021-08-06 15:30:00", 2, "");
-- INSERT INTO `reservation_user` (`reservation_id`, `user_id`) VALUES (563, "professor004");
-- INSERT INTO `reservation_facility` (`reservation_id`, `facility_id`) VALUES (563, 2);

-- INSERT INTO `reservation` (`id`, `creator_id`, `start_at`, `end_at`, `plan_id`, `plan_memo`) VALUES (564, "professor001", "2021-08-08 07:45:00", "2021-08-08 08:45:00", 1, "");
-- INSERT INTO `reservation_user` (`reservation_id`, `user_id`) VALUES (564, "professor001");
-- INSERT INTO `reservation_user` (`reservation_id`, `user_id`) VALUES (564, "student001");
-- INSERT INTO `reservation_user` (`reservation_id`, `user_id`) VALUES (564, "professor002");
-- INSERT INTO `reservation_user` (`reservation_id`, `user_id`) VALUES (564, "professor004");
-- INSERT INTO `reservation_facility` (`reservation_id`, `facility_id`) VALUES (564, 3);

-- INSERT INTO `reservation` (`id`, `creator_id`, `start_at`, `end_at`, `plan_id`, `plan_memo`) VALUES (565, "professor001", "2021-08-08 16:45:00", "2021-08-08 21:45:00", 2, "");
-- INSERT INTO `reservation_user` (`reservation_id`, `user_id`) VALUES (565, "professor001");
-- INSERT INTO `reservation_user` (`reservation_id`, `user_id`) VALUES (565, "student002");
-- INSERT INTO `reservation_user` (`reservation_id`, `user_id`) VALUES (565, "student001");
-- INSERT INTO `reservation_user` (`reservation_id`, `user_id`) VALUES (565, "professor003");
-- INSERT INTO `reservation_user` (`reservation_id`, `user_id`) VALUES (565, "professor002");
-- INSERT INTO `reservation_facility` (`reservation_id`, `facility_id`) VALUES (565, 2);

-- INSERT INTO `reservation` (`id`, `creator_id`, `start_at`, `end_at`, `plan_id`, `plan_memo`) VALUES (566, "student004", "2021-08-09 07:00:00", "2021-08-09 10:00:00", 1, "");
-- INSERT INTO `reservation_user` (`reservation_id`, `user_id`) VALUES (566, "student004");
-- INSERT INTO `reservation_facility` (`reservation_id`, `facility_id`) VALUES (566, 3);

-- INSERT INTO `reservation` (`id`, `creator_id`, `start_at`, `end_at`, `plan_id`, `plan_memo`) VALUES (567, "student003", "2021-08-09 11:15:00", "2021-08-09 14:15:00", 1, "");
-- INSERT INTO `reservation_user` (`reservation_id`, `user_id`) VALUES (567, "student003");
-- INSERT INTO `reservation_facility` (`reservation_id`, `facility_id`) VALUES (567, 2);

-- INSERT INTO `reservation` (`id`, `creator_id`, `start_at`, `end_at`, `plan_id`, `plan_memo`) VALUES (568, "student004", "2021-08-11 08:45:00", "2021-08-11 13:45:00", 1, "");
-- INSERT INTO `reservation_user` (`reservation_id`, `user_id`) VALUES (568, "student004");
-- INSERT INTO `reservation_user` (`reservation_id`, `user_id`) VALUES (568, "student002");
-- INSERT INTO `reservation_facility` (`reservation_id`, `facility_id`) VALUES (568, 2);

-- INSERT INTO `reservation` (`id`, `creator_id`, `start_at`, `end_at`, `plan_id`, `plan_memo`) VALUES (569, "student004", "2021-08-12 07:15:00", "2021-08-12 12:15:00", 1, "");
-- INSERT INTO `reservation_user` (`reservation_id`, `user_id`) VALUES (569, "student004");
-- INSERT INTO `reservation_user` (`reservation_id`, `user_id`) VALUES (569, "student003");
-- INSERT INTO `reservation_facility` (`reservation_id`, `facility_id`) VALUES (569, 4);

-- INSERT INTO `reservation` (`id`, `creator_id`, `start_at`, `end_at`, `plan_id`, `plan_memo`) VALUES (570, "student003", "2021-08-12 17:30:00", "2021-08-12 18:30:00", 1, "");
-- INSERT INTO `reservation_user` (`reservation_id`, `user_id`) VALUES (570, "student003");
-- INSERT INTO `reservation_user` (`reservation_id`, `user_id`) VALUES (570, "professor003");
-- INSERT INTO `reservation_user` (`reservation_id`, `user_id`) VALUES (570, "student001");
-- INSERT INTO `reservation_user` (`reservation_id`, `user_id`) VALUES (570, "professor002");
-- INSERT INTO `reservation_facility` (`reservation_id`, `facility_id`) VALUES (570, 3);

-- INSERT INTO `reservation` (`id`, `creator_id`, `start_at`, `end_at`, `plan_id`, `plan_memo`) VALUES (571, "professor004", "2021-08-13 07:15:00", "2021-08-13 10:15:00", 2, "");
-- INSERT INTO `reservation_user` (`reservation_id`, `user_id`) VALUES (571, "professor004");
-- INSERT INTO `reservation_user` (`reservation_id`, `user_id`) VALUES (571, "student004");
-- INSERT INTO `reservation_user` (`reservation_id`, `user_id`) VALUES (571, "student002");
-- INSERT INTO `reservation_user` (`reservation_id`, `user_id`) VALUES (571, "student001");
-- INSERT INTO `reservation_facility` (`reservation_id`, `facility_id`) VALUES (571, 4);

-- INSERT INTO `reservation` (`id`, `creator_id`, `start_at`, `end_at`, `plan_id`, `plan_memo`) VALUES (572, "student003", "2021-08-15 12:45:00", "2021-08-15 14:45:00", 1, "");
-- INSERT INTO `reservation_user` (`reservation_id`, `user_id`) VALUES (572, "student003");
-- INSERT INTO `reservation_user` (`reservation_id`, `user_id`) VALUES (572, "professor001");
-- INSERT INTO `reservation_user` (`reservation_id`, `user_id`) VALUES (572, "student002");
-- INSERT INTO `reservation_user` (`reservation_id`, `user_id`) VALUES (572, "professor003");
-- INSERT INTO `reservation_facility` (`reservation_id`, `facility_id`) VALUES (572, 1);

-- INSERT INTO `reservation` (`id`, `creator_id`, `start_at`, `end_at`, `plan_id`, `plan_memo`) VALUES (573, "student001", "2021-08-15 18:45:00", "2021-08-15 22:45:00", 2, "");
-- INSERT INTO `reservation_user` (`reservation_id`, `user_id`) VALUES (573, "student001");
-- INSERT INTO `reservation_user` (`reservation_id`, `user_id`) VALUES (573, "professor004");
-- INSERT INTO `reservation_user` (`reservation_id`, `user_id`) VALUES (573, "professor003");
-- INSERT INTO `reservation_user` (`reservation_id`, `user_id`) VALUES (573, "student004");
-- INSERT INTO `reservation_user` (`reservation_id`, `user_id`) VALUES (573, "student003");
-- INSERT INTO `reservation_user` (`reservation_id`, `user_id`) VALUES (573, "professor002");
-- INSERT INTO `reservation_facility` (`reservation_id`, `facility_id`) VALUES (573, 3);

-- INSERT INTO `reservation` (`id`, `creator_id`, `start_at`, `end_at`, `plan_id`, `plan_memo`) VALUES (574, "professor002", "2021-08-16 16:30:00", "2021-08-16 19:30:00", 1, "");
-- INSERT INTO `reservation_user` (`reservation_id`, `user_id`) VALUES (574, "professor002");
-- INSERT INTO `reservation_facility` (`reservation_id`, `facility_id`) VALUES (574, 1);

-- INSERT INTO `reservation` (`id`, `creator_id`, `start_at`, `end_at`, `plan_id`, `plan_memo`) VALUES (575, "student002", "2021-08-18 13:45:00", "2021-08-18 17:45:00", 1, "");
-- INSERT INTO `reservation_user` (`reservation_id`, `user_id`) VALUES (575, "student002");
-- INSERT INTO `reservation_user` (`reservation_id`, `user_id`) VALUES (575, "professor003");
-- INSERT INTO `reservation_user` (`reservation_id`, `user_id`) VALUES (575, "professor004");
-- INSERT INTO `reservation_user` (`reservation_id`, `user_id`) VALUES (575, "student001");
-- INSERT INTO `reservation_user` (`reservation_id`, `user_id`) VALUES (575, "student003");
-- INSERT INTO `reservation_facility` (`reservation_id`, `facility_id`) VALUES (575, 4);

-- INSERT INTO `reservation` (`id`, `creator_id`, `start_at`, `end_at`, `plan_id`, `plan_memo`) VALUES (576, "student003", "2021-08-19 16:30:00", "2021-08-19 18:30:00", 2, "");
-- INSERT INTO `reservation_user` (`reservation_id`, `user_id`) VALUES (576, "student003");
-- INSERT INTO `reservation_user` (`reservation_id`, `user_id`) VALUES (576, "professor004");
-- INSERT INTO `reservation_user` (`reservation_id`, `user_id`) VALUES (576, "student001");
-- INSERT INTO `reservation_user` (`reservation_id`, `user_id`) VALUES (576, "professor003");
-- INSERT INTO `reservation_facility` (`reservation_id`, `facility_id`) VALUES (576, 2);

-- INSERT INTO `reservation` (`id`, `creator_id`, `start_at`, `end_at`, `plan_id`, `plan_memo`) VALUES (577, "professor003", "2021-08-20 17:00:00", "2021-08-20 23:00:00", 1, "");
-- INSERT INTO `reservation_user` (`reservation_id`, `user_id`) VALUES (577, "professor003");
-- INSERT INTO `reservation_facility` (`reservation_id`, `facility_id`) VALUES (577, 2);

-- INSERT INTO `reservation` (`id`, `creator_id`, `start_at`, `end_at`, `plan_id`, `plan_memo`) VALUES (578, "student004", "2021-08-21 07:15:00", "2021-08-21 10:15:00", 1, "");
-- INSERT INTO `reservation_user` (`reservation_id`, `user_id`) VALUES (578, "student004");
-- INSERT INTO `reservation_user` (`reservation_id`, `user_id`) VALUES (578, "professor001");
-- INSERT INTO `reservation_user` (`reservation_id`, `user_id`) VALUES (578, "professor004");
-- INSERT INTO `reservation_user` (`reservation_id`, `user_id`) VALUES (578, "student003");
-- INSERT INTO `reservation_user` (`reservation_id`, `user_id`) VALUES (578, "student001");
-- INSERT INTO `reservation_user` (`reservation_id`, `user_id`) VALUES (578, "student002");
-- INSERT INTO `reservation_facility` (`reservation_id`, `facility_id`) VALUES (578, 1);

-- INSERT INTO `reservation` (`id`, `creator_id`, `start_at`, `end_at`, `plan_id`, `plan_memo`) VALUES (579, "student004", "2021-08-22 10:45:00", "2021-08-22 11:45:00", 1, "");
-- INSERT INTO `reservation_user` (`reservation_id`, `user_id`) VALUES (579, "student004");
-- INSERT INTO `reservation_facility` (`reservation_id`, `facility_id`) VALUES (579, 2);

-- INSERT INTO `reservation` (`id`, `creator_id`, `start_at`, `end_at`, `plan_id`, `plan_memo`) VALUES (580, "student003", "2021-08-22 13:15:00", "2021-08-22 17:15:00", 2, "");
-- INSERT INTO `reservation_user` (`reservation_id`, `user_id`) VALUES (580, "student003");
-- INSERT INTO `reservation_facility` (`reservation_id`, `facility_id`) VALUES (580, 1);

-- INSERT INTO `reservation` (`id`, `creator_id`, `start_at`, `end_at`, `plan_id`, `plan_memo`) VALUES (581, "student003", "2021-08-24 16:00:00", "2021-08-24 21:00:00", 2, "");
-- INSERT INTO `reservation_user` (`reservation_id`, `user_id`) VALUES (581, "student003");
-- INSERT INTO `reservation_user` (`reservation_id`, `user_id`) VALUES (581, "professor001");
-- INSERT INTO `reservation_user` (`reservation_id`, `user_id`) VALUES (581, "professor004");
-- INSERT INTO `reservation_facility` (`reservation_id`, `facility_id`) VALUES (581, 3);

-- INSERT INTO `reservation` (`id`, `creator_id`, `start_at`, `end_at`, `plan_id`, `plan_memo`) VALUES (582, "student001", "2021-08-24 21:30:00", "2021-08-24 23:30:00", 1, "");
-- INSERT INTO `reservation_user` (`reservation_id`, `user_id`) VALUES (582, "student001");
-- INSERT INTO `reservation_facility` (`reservation_id`, `facility_id`) VALUES (582, 4);

-- INSERT INTO `reservation` (`id`, `creator_id`, `start_at`, `end_at`, `plan_id`, `plan_memo`) VALUES (583, "professor002", "2021-08-31 08:45:00", "2021-08-31 10:45:00", 1, "");
-- INSERT INTO `reservation_user` (`reservation_id`, `user_id`) VALUES (583, "professor002");
-- INSERT INTO `reservation_user` (`reservation_id`, `user_id`) VALUES (583, "professor004");
-- INSERT INTO `reservation_facility` (`reservation_id`, `facility_id`) VALUES (583, 2);

-- INSERT INTO `reservation` (`id`, `creator_id`, `start_at`, `end_at`, `plan_id`, `plan_memo`) VALUES (584, "student002", "2021-09-01 11:30:00", "2021-09-01 15:30:00", 1, "");
-- INSERT INTO `reservation_user` (`reservation_id`, `user_id`) VALUES (584, "student002");
-- INSERT INTO `reservation_user` (`reservation_id`, `user_id`) VALUES (584, "student003");
-- INSERT INTO `reservation_user` (`reservation_id`, `user_id`) VALUES (584, "professor001");
-- INSERT INTO `reservation_user` (`reservation_id`, `user_id`) VALUES (584, "student001");
-- INSERT INTO `reservation_facility` (`reservation_id`, `facility_id`) VALUES (584, 2);

-- INSERT INTO `reservation` (`id`, `creator_id`, `start_at`, `end_at`, `plan_id`, `plan_memo`) VALUES (585, "professor003", "2021-09-02 10:00:00", "2021-09-02 13:00:00", 2, "");
-- INSERT INTO `reservation_user` (`reservation_id`, `user_id`) VALUES (585, "professor003");
-- INSERT INTO `reservation_user` (`reservation_id`, `user_id`) VALUES (585, "student002");
-- INSERT INTO `reservation_facility` (`reservation_id`, `facility_id`) VALUES (585, 4);

-- INSERT INTO `reservation` (`id`, `creator_id`, `start_at`, `end_at`, `plan_id`, `plan_memo`) VALUES (586, "professor003", "2021-09-04 07:00:00", "2021-09-04 09:00:00", 2, "");
-- INSERT INTO `reservation_user` (`reservation_id`, `user_id`) VALUES (586, "professor003");
-- INSERT INTO `reservation_facility` (`reservation_id`, `facility_id`) VALUES (586, 2);

-- INSERT INTO `reservation` (`id`, `creator_id`, `start_at`, `end_at`, `plan_id`, `plan_memo`) VALUES (587, "professor004", "2021-09-04 10:15:00", "2021-09-04 15:15:00", 2, "");
-- INSERT INTO `reservation_user` (`reservation_id`, `user_id`) VALUES (587, "professor004");
-- INSERT INTO `reservation_user` (`reservation_id`, `user_id`) VALUES (587, "professor003");
-- INSERT INTO `reservation_user` (`reservation_id`, `user_id`) VALUES (587, "student004");
-- INSERT INTO `reservation_user` (`reservation_id`, `user_id`) VALUES (587, "student002");
-- INSERT INTO `reservation_user` (`reservation_id`, `user_id`) VALUES (587, "student003");
-- INSERT INTO `reservation_user` (`reservation_id`, `user_id`) VALUES (587, "professor002");
-- INSERT INTO `reservation_facility` (`reservation_id`, `facility_id`) VALUES (587, 3);

-- INSERT INTO `reservation` (`id`, `creator_id`, `start_at`, `end_at`, `plan_id`, `plan_memo`) VALUES (588, "student001", "2021-09-07 12:30:00", "2021-09-07 15:30:00", 2, "");
-- INSERT INTO `reservation_user` (`reservation_id`, `user_id`) VALUES (588, "student001");
-- INSERT INTO `reservation_facility` (`reservation_id`, `facility_id`) VALUES (588, 1);

-- INSERT INTO `reservation` (`id`, `creator_id`, `start_at`, `end_at`, `plan_id`, `plan_memo`) VALUES (589, "professor003", "2021-09-08 10:30:00", "2021-09-08 11:30:00", 2, "");
-- INSERT INTO `reservation_user` (`reservation_id`, `user_id`) VALUES (589, "professor003");
-- INSERT INTO `reservation_user` (`reservation_id`, `user_id`) VALUES (589, "professor002");
-- INSERT INTO `reservation_facility` (`reservation_id`, `facility_id`) VALUES (589, 3);

-- INSERT INTO `reservation` (`id`, `creator_id`, `start_at`, `end_at`, `plan_id`, `plan_memo`) VALUES (590, "professor001", "2021-09-08 13:30:00", "2021-09-08 15:30:00", 1, "");
-- INSERT INTO `reservation_user` (`reservation_id`, `user_id`) VALUES (590, "professor001");
-- INSERT INTO `reservation_user` (`reservation_id`, `user_id`) VALUES (590, "professor003");
-- INSERT INTO `reservation_user` (`reservation_id`, `user_id`) VALUES (590, "student004");
-- INSERT INTO `reservation_user` (`reservation_id`, `user_id`) VALUES (590, "student001");
-- INSERT INTO `reservation_facility` (`reservation_id`, `facility_id`) VALUES (590, 2);

-- INSERT INTO `reservation` (`id`, `creator_id`, `start_at`, `end_at`, `plan_id`, `plan_memo`) VALUES (591, "professor003", "2021-09-08 17:30:00", "2021-09-08 18:30:00", 1, "");
-- INSERT INTO `reservation_user` (`reservation_id`, `user_id`) VALUES (591, "professor003");
-- INSERT INTO `reservation_user` (`reservation_id`, `user_id`) VALUES (591, "professor004");
-- INSERT INTO `reservation_facility` (`reservation_id`, `facility_id`) VALUES (591, 4);

-- INSERT INTO `reservation` (`id`, `creator_id`, `start_at`, `end_at`, `plan_id`, `plan_memo`) VALUES (592, "professor003", "2021-09-10 08:15:00", "2021-09-10 11:15:00", 1, "");
-- INSERT INTO `reservation_user` (`reservation_id`, `user_id`) VALUES (592, "professor003");
-- INSERT INTO `reservation_user` (`reservation_id`, `user_id`) VALUES (592, "student001");
-- INSERT INTO `reservation_user` (`reservation_id`, `user_id`) VALUES (592, "student002");
-- INSERT INTO `reservation_user` (`reservation_id`, `user_id`) VALUES (592, "student003");
-- INSERT INTO `reservation_user` (`reservation_id`, `user_id`) VALUES (592, "professor002");
-- INSERT INTO `reservation_user` (`reservation_id`, `user_id`) VALUES (592, "student004");
-- INSERT INTO `reservation_facility` (`reservation_id`, `facility_id`) VALUES (592, 3);

-- INSERT INTO `reservation` (`id`, `creator_id`, `start_at`, `end_at`, `plan_id`, `plan_memo`) VALUES (593, "student001", "2021-09-12 07:30:00", "2021-09-12 11:30:00", 2, "");
-- INSERT INTO `reservation_user` (`reservation_id`, `user_id`) VALUES (593, "student001");
-- INSERT INTO `reservation_user` (`reservation_id`, `user_id`) VALUES (593, "professor004");
-- INSERT INTO `reservation_user` (`reservation_id`, `user_id`) VALUES (593, "student004");
-- INSERT INTO `reservation_facility` (`reservation_id`, `facility_id`) VALUES (593, 2);

-- INSERT INTO `reservation` (`id`, `creator_id`, `start_at`, `end_at`, `plan_id`, `plan_memo`) VALUES (594, "professor002", "2021-09-13 15:45:00", "2021-09-13 20:45:00", 2, "");
-- INSERT INTO `reservation_user` (`reservation_id`, `user_id`) VALUES (594, "professor002");
-- INSERT INTO `reservation_user` (`reservation_id`, `user_id`) VALUES (594, "student004");
-- INSERT INTO `reservation_user` (`reservation_id`, `user_id`) VALUES (594, "professor003");
-- INSERT INTO `reservation_user` (`reservation_id`, `user_id`) VALUES (594, "student002");
-- INSERT INTO `reservation_user` (`reservation_id`, `user_id`) VALUES (594, "student003");
-- INSERT INTO `reservation_facility` (`reservation_id`, `facility_id`) VALUES (594, 2);

-- INSERT INTO `reservation` (`id`, `creator_id`, `start_at`, `end_at`, `plan_id`, `plan_memo`) VALUES (595, "student002", "2021-09-14 17:45:00", "2021-09-14 19:45:00", 2, "");
-- INSERT INTO `reservation_user` (`reservation_id`, `user_id`) VALUES (595, "student002");
-- INSERT INTO `reservation_user` (`reservation_id`, `user_id`) VALUES (595, "professor002");
-- INSERT INTO `reservation_user` (`reservation_id`, `user_id`) VALUES (595, "professor003");
-- INSERT INTO `reservation_user` (`reservation_id`, `user_id`) VALUES (595, "professor004");
-- INSERT INTO `reservation_user` (`reservation_id`, `user_id`) VALUES (595, "student004");
-- INSERT INTO `reservation_user` (`reservation_id`, `user_id`) VALUES (595, "student003");
-- INSERT INTO `reservation_facility` (`reservation_id`, `facility_id`) VALUES (595, 3);

-- INSERT INTO `reservation` (`id`, `creator_id`, `start_at`, `end_at`, `plan_id`, `plan_memo`) VALUES (596, "professor002", "2021-09-15 07:00:00", "2021-09-15 09:00:00", 1, "");
-- INSERT INTO `reservation_user` (`reservation_id`, `user_id`) VALUES (596, "professor002");
-- INSERT INTO `reservation_user` (`reservation_id`, `user_id`) VALUES (596, "student001");
-- INSERT INTO `reservation_user` (`reservation_id`, `user_id`) VALUES (596, "student003");
-- INSERT INTO `reservation_user` (`reservation_id`, `user_id`) VALUES (596, "professor004");
-- INSERT INTO `reservation_facility` (`reservation_id`, `facility_id`) VALUES (596, 1);

-- INSERT INTO `reservation` (`id`, `creator_id`, `start_at`, `end_at`, `plan_id`, `plan_memo`) VALUES (597, "professor004", "2021-09-15 15:30:00", "2021-09-15 21:30:00", 1, "");
-- INSERT INTO `reservation_user` (`reservation_id`, `user_id`) VALUES (597, "professor004");
-- INSERT INTO `reservation_facility` (`reservation_id`, `facility_id`) VALUES (597, 1);

-- INSERT INTO `reservation` (`id`, `creator_id`, `start_at`, `end_at`, `plan_id`, `plan_memo`) VALUES (598, "professor004", "2021-09-16 09:45:00", "2021-09-16 12:45:00", 1, "");
-- INSERT INTO `reservation_user` (`reservation_id`, `user_id`) VALUES (598, "professor004");
-- INSERT INTO `reservation_facility` (`reservation_id`, `facility_id`) VALUES (598, 1);

-- INSERT INTO `reservation` (`id`, `creator_id`, `start_at`, `end_at`, `plan_id`, `plan_memo`) VALUES (599, "professor004", "2021-09-17 20:30:00", "2021-09-17 21:30:00", 1, "");
-- INSERT INTO `reservation_user` (`reservation_id`, `user_id`) VALUES (599, "professor004");
-- INSERT INTO `reservation_user` (`reservation_id`, `user_id`) VALUES (599, "professor001");
-- INSERT INTO `reservation_user` (`reservation_id`, `user_id`) VALUES (599, "student003");
-- INSERT INTO `reservation_user` (`reservation_id`, `user_id`) VALUES (599, "professor002");
-- INSERT INTO `reservation_user` (`reservation_id`, `user_id`) VALUES (599, "student004");
-- INSERT INTO `reservation_user` (`reservation_id`, `user_id`) VALUES (599, "student002");
-- INSERT INTO `reservation_facility` (`reservation_id`, `facility_id`) VALUES (599, 1);

-- INSERT INTO `reservation` (`id`, `creator_id`, `start_at`, `end_at`, `plan_id`, `plan_memo`) VALUES (600, "student004", "2021-09-18 08:15:00", "2021-09-18 13:15:00", 2, "");
-- INSERT INTO `reservation_user` (`reservation_id`, `user_id`) VALUES (600, "student004");
-- INSERT INTO `reservation_user` (`reservation_id`, `user_id`) VALUES (600, "professor002");
-- INSERT INTO `reservation_user` (`reservation_id`, `user_id`) VALUES (600, "student002");
-- INSERT INTO `reservation_user` (`reservation_id`, `user_id`) VALUES (600, "professor003");
-- INSERT INTO `reservation_user` (`reservation_id`, `user_id`) VALUES (600, "professor001");
-- INSERT INTO `reservation_user` (`reservation_id`, `user_id`) VALUES (600, "professor004");
-- INSERT INTO `reservation_facility` (`reservation_id`, `facility_id`) VALUES (600, 1);

-- INSERT INTO `reservation` (`id`, `creator_id`, `start_at`, `end_at`, `plan_id`, `plan_memo`) VALUES (601, "student004", "2021-09-18 16:30:00", "2021-09-18 19:30:00", 2, "");
-- INSERT INTO `reservation_user` (`reservation_id`, `user_id`) VALUES (601, "student004");
-- INSERT INTO `reservation_facility` (`reservation_id`, `facility_id`) VALUES (601, 2);

-- INSERT INTO `reservation` (`id`, `creator_id`, `start_at`, `end_at`, `plan_id`, `plan_memo`) VALUES (602, "professor002", "2021-09-19 16:30:00", "2021-09-19 20:30:00", 2, "");
-- INSERT INTO `reservation_user` (`reservation_id`, `user_id`) VALUES (602, "professor002");
-- INSERT INTO `reservation_user` (`reservation_id`, `user_id`) VALUES (602, "student003");
-- INSERT INTO `reservation_user` (`reservation_id`, `user_id`) VALUES (602, "student001");
-- INSERT INTO `reservation_user` (`reservation_id`, `user_id`) VALUES (602, "professor001");
-- INSERT INTO `reservation_facility` (`reservation_id`, `facility_id`) VALUES (602, 3);

-- INSERT INTO `reservation` (`id`, `creator_id`, `start_at`, `end_at`, `plan_id`, `plan_memo`) VALUES (603, "professor001", "2021-09-20 13:45:00", "2021-09-20 16:45:00", 1, "");
-- INSERT INTO `reservation_user` (`reservation_id`, `user_id`) VALUES (603, "professor001");
-- INSERT INTO `reservation_user` (`reservation_id`, `user_id`) VALUES (603, "professor004");
-- INSERT INTO `reservation_user` (`reservation_id`, `user_id`) VALUES (603, "student002");
-- INSERT INTO `reservation_user` (`reservation_id`, `user_id`) VALUES (603, "student004");
-- INSERT INTO `reservation_facility` (`reservation_id`, `facility_id`) VALUES (603, 2);

-- INSERT INTO `reservation` (`id`, `creator_id`, `start_at`, `end_at`, `plan_id`, `plan_memo`) VALUES (604, "student001", "2021-09-21 10:45:00", "2021-09-21 16:45:00", 2, "");
-- INSERT INTO `reservation_user` (`reservation_id`, `user_id`) VALUES (604, "student001");
-- INSERT INTO `reservation_user` (`reservation_id`, `user_id`) VALUES (604, "student004");
-- INSERT INTO `reservation_user` (`reservation_id`, `user_id`) VALUES (604, "professor003");
-- INSERT INTO `reservation_user` (`reservation_id`, `user_id`) VALUES (604, "professor004");
-- INSERT INTO `reservation_user` (`reservation_id`, `user_id`) VALUES (604, "student002");
-- INSERT INTO `reservation_facility` (`reservation_id`, `facility_id`) VALUES (604, 4);

-- INSERT INTO `reservation` (`id`, `creator_id`, `start_at`, `end_at`, `plan_id`, `plan_memo`) VALUES (605, "professor003", "2021-09-22 08:30:00", "2021-09-22 14:30:00", 2, "");
-- INSERT INTO `reservation_user` (`reservation_id`, `user_id`) VALUES (605, "professor003");
-- INSERT INTO `reservation_user` (`reservation_id`, `user_id`) VALUES (605, "professor004");
-- INSERT INTO `reservation_user` (`reservation_id`, `user_id`) VALUES (605, "professor002");
-- INSERT INTO `reservation_facility` (`reservation_id`, `facility_id`) VALUES (605, 4);

-- INSERT INTO `reservation` (`id`, `creator_id`, `start_at`, `end_at`, `plan_id`, `plan_memo`) VALUES (606, "professor001", "2021-09-24 16:30:00", "2021-09-24 17:30:00", 1, "");
-- INSERT INTO `reservation_user` (`reservation_id`, `user_id`) VALUES (606, "professor001");
-- INSERT INTO `reservation_facility` (`reservation_id`, `facility_id`) VALUES (606, 3);

-- INSERT INTO `reservation` (`id`, `creator_id`, `start_at`, `end_at`, `plan_id`, `plan_memo`) VALUES (607, "student003", "2021-09-25 14:15:00", "2021-09-25 18:15:00", 1, "");
-- INSERT INTO `reservation_user` (`reservation_id`, `user_id`) VALUES (607, "student003");
-- INSERT INTO `reservation_facility` (`reservation_id`, `facility_id`) VALUES (607, 4);

-- INSERT INTO `reservation` (`id`, `creator_id`, `start_at`, `end_at`, `plan_id`, `plan_memo`) VALUES (608, "student004", "2021-09-26 12:30:00", "2021-09-26 13:30:00", 1, "");
-- INSERT INTO `reservation_user` (`reservation_id`, `user_id`) VALUES (608, "student004");
-- INSERT INTO `reservation_facility` (`reservation_id`, `facility_id`) VALUES (608, 4);

-- INSERT INTO `reservation` (`id`, `creator_id`, `start_at`, `end_at`, `plan_id`, `plan_memo`) VALUES (609, "professor003", "2021-09-26 14:15:00", "2021-09-26 18:15:00", 1, "");
-- INSERT INTO `reservation_user` (`reservation_id`, `user_id`) VALUES (609, "professor003");
-- INSERT INTO `reservation_user` (`reservation_id`, `user_id`) VALUES (609, "professor004");
-- INSERT INTO `reservation_user` (`reservation_id`, `user_id`) VALUES (609, "professor002");
-- INSERT INTO `reservation_user` (`reservation_id`, `user_id`) VALUES (609, "student002");
-- INSERT INTO `reservation_user` (`reservation_id`, `user_id`) VALUES (609, "student004");
-- INSERT INTO `reservation_user` (`reservation_id`, `user_id`) VALUES (609, "professor001");
-- INSERT INTO `reservation_facility` (`reservation_id`, `facility_id`) VALUES (609, 2);

-- INSERT INTO `reservation` (`id`, `creator_id`, `start_at`, `end_at`, `plan_id`, `plan_memo`) VALUES (610, "student003", "2021-09-27 14:15:00", "2021-09-27 18:15:00", 1, "");
-- INSERT INTO `reservation_user` (`reservation_id`, `user_id`) VALUES (610, "student003");
-- INSERT INTO `reservation_user` (`reservation_id`, `user_id`) VALUES (610, "student001");
-- INSERT INTO `reservation_user` (`reservation_id`, `user_id`) VALUES (610, "professor002");
-- INSERT INTO `reservation_user` (`reservation_id`, `user_id`) VALUES (610, "professor001");
-- INSERT INTO `reservation_user` (`reservation_id`, `user_id`) VALUES (610, "student002");
-- INSERT INTO `reservation_user` (`reservation_id`, `user_id`) VALUES (610, "professor004");
-- INSERT INTO `reservation_facility` (`reservation_id`, `facility_id`) VALUES (610, 4);

-- INSERT INTO `reservation` (`id`, `creator_id`, `start_at`, `end_at`, `plan_id`, `plan_memo`) VALUES (611, "student003", "2021-09-29 13:30:00", "2021-09-29 18:30:00", 2, "");
-- INSERT INTO `reservation_user` (`reservation_id`, `user_id`) VALUES (611, "student003");
-- INSERT INTO `reservation_user` (`reservation_id`, `user_id`) VALUES (611, "professor003");
-- INSERT INTO `reservation_user` (`reservation_id`, `user_id`) VALUES (611, "student001");
-- INSERT INTO `reservation_facility` (`reservation_id`, `facility_id`) VALUES (611, 2);

-- INSERT INTO `reservation` (`id`, `creator_id`, `start_at`, `end_at`, `plan_id`, `plan_memo`) VALUES (612, "student001", "2021-10-01 13:45:00", "2021-10-01 19:45:00", 2, "");
-- INSERT INTO `reservation_user` (`reservation_id`, `user_id`) VALUES (612, "student001");
-- INSERT INTO `reservation_facility` (`reservation_id`, `facility_id`) VALUES (612, 4);

-- INSERT INTO `reservation` (`id`, `creator_id`, `start_at`, `end_at`, `plan_id`, `plan_memo`) VALUES (613, "student001", "2021-10-06 17:00:00", "2021-10-06 23:00:00", 2, "");
-- INSERT INTO `reservation_user` (`reservation_id`, `user_id`) VALUES (613, "student001");
-- INSERT INTO `reservation_user` (`reservation_id`, `user_id`) VALUES (613, "professor002");
-- INSERT INTO `reservation_user` (`reservation_id`, `user_id`) VALUES (613, "professor004");
-- INSERT INTO `reservation_user` (`reservation_id`, `user_id`) VALUES (613, "professor001");
-- INSERT INTO `reservation_facility` (`reservation_id`, `facility_id`) VALUES (613, 2);

-- INSERT INTO `reservation` (`id`, `creator_id`, `start_at`, `end_at`, `plan_id`, `plan_memo`) VALUES (614, "student002", "2021-10-07 15:30:00", "2021-10-07 18:30:00", 1, "");
-- INSERT INTO `reservation_user` (`reservation_id`, `user_id`) VALUES (614, "student002");
-- INSERT INTO `reservation_facility` (`reservation_id`, `facility_id`) VALUES (614, 1);

-- INSERT INTO `reservation` (`id`, `creator_id`, `start_at`, `end_at`, `plan_id`, `plan_memo`) VALUES (615, "professor004", "2021-10-09 15:30:00", "2021-10-09 18:30:00", 2, "");
-- INSERT INTO `reservation_user` (`reservation_id`, `user_id`) VALUES (615, "professor004");
-- INSERT INTO `reservation_facility` (`reservation_id`, `facility_id`) VALUES (615, 2);

-- INSERT INTO `reservation` (`id`, `creator_id`, `start_at`, `end_at`, `plan_id`, `plan_memo`) VALUES (616, "student001", "2021-10-11 15:15:00", "2021-10-11 21:15:00", 2, "");
-- INSERT INTO `reservation_user` (`reservation_id`, `user_id`) VALUES (616, "student001");
-- INSERT INTO `reservation_facility` (`reservation_id`, `facility_id`) VALUES (616, 2);

-- INSERT INTO `reservation` (`id`, `creator_id`, `start_at`, `end_at`, `plan_id`, `plan_memo`) VALUES (617, "student002", "2021-10-12 08:30:00", "2021-10-12 13:30:00", 2, "");
-- INSERT INTO `reservation_user` (`reservation_id`, `user_id`) VALUES (617, "student002");
-- INSERT INTO `reservation_facility` (`reservation_id`, `facility_id`) VALUES (617, 1);

-- INSERT INTO `reservation` (`id`, `creator_id`, `start_at`, `end_at`, `plan_id`, `plan_memo`) VALUES (618, "professor002", "2021-10-13 10:00:00", "2021-10-13 14:00:00", 1, "");
-- INSERT INTO `reservation_user` (`reservation_id`, `user_id`) VALUES (618, "professor002");
-- INSERT INTO `reservation_user` (`reservation_id`, `user_id`) VALUES (618, "professor004");
-- INSERT INTO `reservation_user` (`reservation_id`, `user_id`) VALUES (618, "student002");
-- INSERT INTO `reservation_user` (`reservation_id`, `user_id`) VALUES (618, "student004");
-- INSERT INTO `reservation_facility` (`reservation_id`, `facility_id`) VALUES (618, 4);

-- INSERT INTO `reservation` (`id`, `creator_id`, `start_at`, `end_at`, `plan_id`, `plan_memo`) VALUES (619, "student004", "2021-10-14 08:30:00", "2021-10-14 13:30:00", 2, "");
-- INSERT INTO `reservation_user` (`reservation_id`, `user_id`) VALUES (619, "student004");
-- INSERT INTO `reservation_facility` (`reservation_id`, `facility_id`) VALUES (619, 4);

-- INSERT INTO `reservation` (`id`, `creator_id`, `start_at`, `end_at`, `plan_id`, `plan_memo`) VALUES (620, "student002", "2021-10-14 17:30:00", "2021-10-14 21:30:00", 1, "");
-- INSERT INTO `reservation_user` (`reservation_id`, `user_id`) VALUES (620, "student002");
-- INSERT INTO `reservation_user` (`reservation_id`, `user_id`) VALUES (620, "student003");
-- INSERT INTO `reservation_user` (`reservation_id`, `user_id`) VALUES (620, "student004");
-- INSERT INTO `reservation_facility` (`reservation_id`, `facility_id`) VALUES (620, 1);

-- INSERT INTO `reservation` (`id`, `creator_id`, `start_at`, `end_at`, `plan_id`, `plan_memo`) VALUES (621, "student002", "2021-10-16 17:15:00", "2021-10-16 18:15:00", 1, "");
-- INSERT INTO `reservation_user` (`reservation_id`, `user_id`) VALUES (621, "student002");
-- INSERT INTO `reservation_user` (`reservation_id`, `user_id`) VALUES (621, "professor003");
-- INSERT INTO `reservation_user` (`reservation_id`, `user_id`) VALUES (621, "professor001");
-- INSERT INTO `reservation_facility` (`reservation_id`, `facility_id`) VALUES (621, 3);

-- INSERT INTO `reservation` (`id`, `creator_id`, `start_at`, `end_at`, `plan_id`, `plan_memo`) VALUES (622, "professor002", "2021-10-16 20:15:00", "2021-10-16 21:15:00", 1, "");
-- INSERT INTO `reservation_user` (`reservation_id`, `user_id`) VALUES (622, "professor002");
-- INSERT INTO `reservation_user` (`reservation_id`, `user_id`) VALUES (622, "student003");
-- INSERT INTO `reservation_user` (`reservation_id`, `user_id`) VALUES (622, "student004");
-- INSERT INTO `reservation_facility` (`reservation_id`, `facility_id`) VALUES (622, 1);

-- INSERT INTO `reservation` (`id`, `creator_id`, `start_at`, `end_at`, `plan_id`, `plan_memo`) VALUES (623, "professor002", "2021-10-17 16:15:00", "2021-10-17 17:15:00", 1, "");
-- INSERT INTO `reservation_user` (`reservation_id`, `user_id`) VALUES (623, "professor002");
-- INSERT INTO `reservation_user` (`reservation_id`, `user_id`) VALUES (623, "student001");
-- INSERT INTO `reservation_user` (`reservation_id`, `user_id`) VALUES (623, "professor001");
-- INSERT INTO `reservation_facility` (`reservation_id`, `facility_id`) VALUES (623, 4);

-- INSERT INTO `reservation` (`id`, `creator_id`, `start_at`, `end_at`, `plan_id`, `plan_memo`) VALUES (624, "student001", "2021-10-18 10:30:00", "2021-10-18 14:30:00", 2, "");
-- INSERT INTO `reservation_user` (`reservation_id`, `user_id`) VALUES (624, "student001");
-- INSERT INTO `reservation_facility` (`reservation_id`, `facility_id`) VALUES (624, 4);

-- INSERT INTO `reservation` (`id`, `creator_id`, `start_at`, `end_at`, `plan_id`, `plan_memo`) VALUES (625, "student002", "2021-10-18 14:45:00", "2021-10-18 17:45:00", 2, "");
-- INSERT INTO `reservation_user` (`reservation_id`, `user_id`) VALUES (625, "student002");
-- INSERT INTO `reservation_facility` (`reservation_id`, `facility_id`) VALUES (625, 2);

-- INSERT INTO `reservation` (`id`, `creator_id`, `start_at`, `end_at`, `plan_id`, `plan_memo`) VALUES (626, "student004", "2021-10-19 18:15:00", "2021-10-19 19:15:00", 2, "");
-- INSERT INTO `reservation_user` (`reservation_id`, `user_id`) VALUES (626, "student004");
-- INSERT INTO `reservation_facility` (`reservation_id`, `facility_id`) VALUES (626, 4);

-- INSERT INTO `reservation` (`id`, `creator_id`, `start_at`, `end_at`, `plan_id`, `plan_memo`) VALUES (627, "professor001", "2021-10-20 13:00:00", "2021-10-20 18:00:00", 2, "");
-- INSERT INTO `reservation_user` (`reservation_id`, `user_id`) VALUES (627, "professor001");
-- INSERT INTO `reservation_user` (`reservation_id`, `user_id`) VALUES (627, "professor003");
-- INSERT INTO `reservation_user` (`reservation_id`, `user_id`) VALUES (627, "student001");
-- INSERT INTO `reservation_user` (`reservation_id`, `user_id`) VALUES (627, "student002");
-- INSERT INTO `reservation_user` (`reservation_id`, `user_id`) VALUES (627, "student003");
-- INSERT INTO `reservation_facility` (`reservation_id`, `facility_id`) VALUES (627, 2);

-- INSERT INTO `reservation` (`id`, `creator_id`, `start_at`, `end_at`, `plan_id`, `plan_memo`) VALUES (628, "student004", "2021-10-23 11:00:00", "2021-10-23 16:00:00", 2, "");
-- INSERT INTO `reservation_user` (`reservation_id`, `user_id`) VALUES (628, "student004");
-- INSERT INTO `reservation_user` (`reservation_id`, `user_id`) VALUES (628, "student002");
-- INSERT INTO `reservation_user` (`reservation_id`, `user_id`) VALUES (628, "student001");
-- INSERT INTO `reservation_user` (`reservation_id`, `user_id`) VALUES (628, "professor003");
-- INSERT INTO `reservation_user` (`reservation_id`, `user_id`) VALUES (628, "professor002");
-- INSERT INTO `reservation_facility` (`reservation_id`, `facility_id`) VALUES (628, 3);

-- INSERT INTO `reservation` (`id`, `creator_id`, `start_at`, `end_at`, `plan_id`, `plan_memo`) VALUES (629, "student002", "2021-10-24 10:00:00", "2021-10-24 14:00:00", 2, "");
-- INSERT INTO `reservation_user` (`reservation_id`, `user_id`) VALUES (629, "student002");
-- INSERT INTO `reservation_facility` (`reservation_id`, `facility_id`) VALUES (629, 4);

-- INSERT INTO `reservation` (`id`, `creator_id`, `start_at`, `end_at`, `plan_id`, `plan_memo`) VALUES (630, "student004", "2021-10-25 11:45:00", "2021-10-25 15:45:00", 1, "");
-- INSERT INTO `reservation_user` (`reservation_id`, `user_id`) VALUES (630, "student004");
-- INSERT INTO `reservation_facility` (`reservation_id`, `facility_id`) VALUES (630, 2);

-- INSERT INTO `reservation` (`id`, `creator_id`, `start_at`, `end_at`, `plan_id`, `plan_memo`) VALUES (631, "student003", "2021-10-26 09:45:00", "2021-10-26 12:45:00", 1, "");
-- INSERT INTO `reservation_user` (`reservation_id`, `user_id`) VALUES (631, "student003");
-- INSERT INTO `reservation_user` (`reservation_id`, `user_id`) VALUES (631, "student001");
-- INSERT INTO `reservation_user` (`reservation_id`, `user_id`) VALUES (631, "professor003");
-- INSERT INTO `reservation_user` (`reservation_id`, `user_id`) VALUES (631, "student002");
-- INSERT INTO `reservation_facility` (`reservation_id`, `facility_id`) VALUES (631, 2);

-- INSERT INTO `reservation` (`id`, `creator_id`, `start_at`, `end_at`, `plan_id`, `plan_memo`) VALUES (632, "professor002", "2021-10-28 10:30:00", "2021-10-28 14:30:00", 2, "");
-- INSERT INTO `reservation_user` (`reservation_id`, `user_id`) VALUES (632, "professor002");
-- INSERT INTO `reservation_user` (`reservation_id`, `user_id`) VALUES (632, "student001");
-- INSERT INTO `reservation_user` (`reservation_id`, `user_id`) VALUES (632, "student002");
-- INSERT INTO `reservation_facility` (`reservation_id`, `facility_id`) VALUES (632, 1);

-- INSERT INTO `reservation` (`id`, `creator_id`, `start_at`, `end_at`, `plan_id`, `plan_memo`) VALUES (633, "professor001", "2021-10-28 19:15:00", "2021-10-28 22:15:00", 2, "");
-- INSERT INTO `reservation_user` (`reservation_id`, `user_id`) VALUES (633, "professor001");
-- INSERT INTO `reservation_user` (`reservation_id`, `user_id`) VALUES (633, "student002");
-- INSERT INTO `reservation_user` (`reservation_id`, `user_id`) VALUES (633, "student003");
-- INSERT INTO `reservation_user` (`reservation_id`, `user_id`) VALUES (633, "professor002");
-- INSERT INTO `reservation_user` (`reservation_id`, `user_id`) VALUES (633, "professor004");
-- INSERT INTO `reservation_user` (`reservation_id`, `user_id`) VALUES (633, "student001");
-- INSERT INTO `reservation_facility` (`reservation_id`, `facility_id`) VALUES (633, 4);

-- INSERT INTO `reservation` (`id`, `creator_id`, `start_at`, `end_at`, `plan_id`, `plan_memo`) VALUES (634, "professor002", "2021-10-29 16:15:00", "2021-10-29 21:15:00", 1, "");
-- INSERT INTO `reservation_user` (`reservation_id`, `user_id`) VALUES (634, "professor002");
-- INSERT INTO `reservation_user` (`reservation_id`, `user_id`) VALUES (634, "student002");
-- INSERT INTO `reservation_user` (`reservation_id`, `user_id`) VALUES (634, "professor004");
-- INSERT INTO `reservation_user` (`reservation_id`, `user_id`) VALUES (634, "student003");
-- INSERT INTO `reservation_facility` (`reservation_id`, `facility_id`) VALUES (634, 3);

-- INSERT INTO `reservation` (`id`, `creator_id`, `start_at`, `end_at`, `plan_id`, `plan_memo`) VALUES (635, "professor004", "2021-10-31 07:15:00", "2021-10-31 09:15:00", 1, "");
-- INSERT INTO `reservation_user` (`reservation_id`, `user_id`) VALUES (635, "professor004");
-- INSERT INTO `reservation_user` (`reservation_id`, `user_id`) VALUES (635, "professor002");
-- INSERT INTO `reservation_user` (`reservation_id`, `user_id`) VALUES (635, "student003");
-- INSERT INTO `reservation_user` (`reservation_id`, `user_id`) VALUES (635, "professor001");
-- INSERT INTO `reservation_facility` (`reservation_id`, `facility_id`) VALUES (635, 4);

-- INSERT INTO `reservation` (`id`, `creator_id`, `start_at`, `end_at`, `plan_id`, `plan_memo`) VALUES (636, "student004", "2021-10-31 09:45:00", "2021-10-31 15:45:00", 1, "");
-- INSERT INTO `reservation_user` (`reservation_id`, `user_id`) VALUES (636, "student004");
-- INSERT INTO `reservation_user` (`reservation_id`, `user_id`) VALUES (636, "student002");
-- INSERT INTO `reservation_user` (`reservation_id`, `user_id`) VALUES (636, "student003");
-- INSERT INTO `reservation_user` (`reservation_id`, `user_id`) VALUES (636, "professor003");
-- INSERT INTO `reservation_user` (`reservation_id`, `user_id`) VALUES (636, "professor001");
-- INSERT INTO `reservation_user` (`reservation_id`, `user_id`) VALUES (636, "professor002");
-- INSERT INTO `reservation_facility` (`reservation_id`, `facility_id`) VALUES (636, 1);

-- INSERT INTO `reservation` (`id`, `creator_id`, `start_at`, `end_at`, `plan_id`, `plan_memo`) VALUES (637, "student002", "2021-11-01 18:00:00", "2021-11-01 20:00:00", 2, "");
-- INSERT INTO `reservation_user` (`reservation_id`, `user_id`) VALUES (637, "student002");
-- INSERT INTO `reservation_user` (`reservation_id`, `user_id`) VALUES (637, "student001");
-- INSERT INTO `reservation_user` (`reservation_id`, `user_id`) VALUES (637, "student003");
-- INSERT INTO `reservation_facility` (`reservation_id`, `facility_id`) VALUES (637, 2);

-- INSERT INTO `reservation` (`id`, `creator_id`, `start_at`, `end_at`, `plan_id`, `plan_memo`) VALUES (638, "professor003", "2021-11-02 07:15:00", "2021-11-02 13:15:00", 2, "");
-- INSERT INTO `reservation_user` (`reservation_id`, `user_id`) VALUES (638, "professor003");
-- INSERT INTO `reservation_user` (`reservation_id`, `user_id`) VALUES (638, "student004");
-- INSERT INTO `reservation_user` (`reservation_id`, `user_id`) VALUES (638, "professor001");
-- INSERT INTO `reservation_user` (`reservation_id`, `user_id`) VALUES (638, "student001");
-- INSERT INTO `reservation_facility` (`reservation_id`, `facility_id`) VALUES (638, 3);

-- INSERT INTO `reservation` (`id`, `creator_id`, `start_at`, `end_at`, `plan_id`, `plan_memo`) VALUES (639, "student003", "2021-11-02 13:15:00", "2021-11-02 19:15:00", 2, "");
-- INSERT INTO `reservation_user` (`reservation_id`, `user_id`) VALUES (639, "student003");
-- INSERT INTO `reservation_user` (`reservation_id`, `user_id`) VALUES (639, "student001");
-- INSERT INTO `reservation_user` (`reservation_id`, `user_id`) VALUES (639, "professor002");
-- INSERT INTO `reservation_user` (`reservation_id`, `user_id`) VALUES (639, "professor001");
-- INSERT INTO `reservation_facility` (`reservation_id`, `facility_id`) VALUES (639, 2);

-- INSERT INTO `reservation` (`id`, `creator_id`, `start_at`, `end_at`, `plan_id`, `plan_memo`) VALUES (640, "student002", "2021-11-04 16:15:00", "2021-11-04 21:15:00", 2, "");
-- INSERT INTO `reservation_user` (`reservation_id`, `user_id`) VALUES (640, "student002");
-- INSERT INTO `reservation_user` (`reservation_id`, `user_id`) VALUES (640, "student004");
-- INSERT INTO `reservation_user` (`reservation_id`, `user_id`) VALUES (640, "professor004");
-- INSERT INTO `reservation_facility` (`reservation_id`, `facility_id`) VALUES (640, 3);

-- INSERT INTO `reservation` (`id`, `creator_id`, `start_at`, `end_at`, `plan_id`, `plan_memo`) VALUES (641, "student003", "2021-11-05 10:30:00", "2021-11-05 11:30:00", 2, "");
-- INSERT INTO `reservation_user` (`reservation_id`, `user_id`) VALUES (641, "student003");
-- INSERT INTO `reservation_user` (`reservation_id`, `user_id`) VALUES (641, "professor001");
-- INSERT INTO `reservation_user` (`reservation_id`, `user_id`) VALUES (641, "professor002");
-- INSERT INTO `reservation_facility` (`reservation_id`, `facility_id`) VALUES (641, 3);

-- INSERT INTO `reservation` (`id`, `creator_id`, `start_at`, `end_at`, `plan_id`, `plan_memo`) VALUES (642, "student001", "2021-11-05 12:30:00", "2021-11-05 16:30:00", 1, "");
-- INSERT INTO `reservation_user` (`reservation_id`, `user_id`) VALUES (642, "student001");
-- INSERT INTO `reservation_user` (`reservation_id`, `user_id`) VALUES (642, "student003");
-- INSERT INTO `reservation_facility` (`reservation_id`, `facility_id`) VALUES (642, 3);

-- INSERT INTO `reservation` (`id`, `creator_id`, `start_at`, `end_at`, `plan_id`, `plan_memo`) VALUES (643, "professor003", "2021-11-07 07:30:00", "2021-11-07 12:30:00", 1, "");
-- INSERT INTO `reservation_user` (`reservation_id`, `user_id`) VALUES (643, "professor003");
-- INSERT INTO `reservation_user` (`reservation_id`, `user_id`) VALUES (643, "professor002");
-- INSERT INTO `reservation_user` (`reservation_id`, `user_id`) VALUES (643, "student002");
-- INSERT INTO `reservation_facility` (`reservation_id`, `facility_id`) VALUES (643, 2);

-- INSERT INTO `reservation` (`id`, `creator_id`, `start_at`, `end_at`, `plan_id`, `plan_memo`) VALUES (644, "student004", "2021-11-07 14:15:00", "2021-11-07 20:15:00", 2, "");
-- INSERT INTO `reservation_user` (`reservation_id`, `user_id`) VALUES (644, "student004");
-- INSERT INTO `reservation_facility` (`reservation_id`, `facility_id`) VALUES (644, 1);

-- INSERT INTO `reservation` (`id`, `creator_id`, `start_at`, `end_at`, `plan_id`, `plan_memo`) VALUES (645, "student003", "2021-11-09 11:15:00", "2021-11-09 15:15:00", 1, "");
-- INSERT INTO `reservation_user` (`reservation_id`, `user_id`) VALUES (645, "student003");
-- INSERT INTO `reservation_user` (`reservation_id`, `user_id`) VALUES (645, "professor003");
-- INSERT INTO `reservation_user` (`reservation_id`, `user_id`) VALUES (645, "professor004");
-- INSERT INTO `reservation_user` (`reservation_id`, `user_id`) VALUES (645, "student001");
-- INSERT INTO `reservation_user` (`reservation_id`, `user_id`) VALUES (645, "professor001");
-- INSERT INTO `reservation_user` (`reservation_id`, `user_id`) VALUES (645, "student004");
-- INSERT INTO `reservation_facility` (`reservation_id`, `facility_id`) VALUES (645, 3);

-- INSERT INTO `reservation` (`id`, `creator_id`, `start_at`, `end_at`, `plan_id`, `plan_memo`) VALUES (646, "student004", "2021-11-09 15:45:00", "2021-11-09 16:45:00", 2, "");
-- INSERT INTO `reservation_user` (`reservation_id`, `user_id`) VALUES (646, "student004");
-- INSERT INTO `reservation_user` (`reservation_id`, `user_id`) VALUES (646, "student002");
-- INSERT INTO `reservation_user` (`reservation_id`, `user_id`) VALUES (646, "student003");
-- INSERT INTO `reservation_user` (`reservation_id`, `user_id`) VALUES (646, "professor003");
-- INSERT INTO `reservation_facility` (`reservation_id`, `facility_id`) VALUES (646, 2);

-- INSERT INTO `reservation` (`id`, `creator_id`, `start_at`, `end_at`, `plan_id`, `plan_memo`) VALUES (647, "professor002", "2021-11-12 11:00:00", "2021-11-12 17:00:00", 1, "");
-- INSERT INTO `reservation_user` (`reservation_id`, `user_id`) VALUES (647, "professor002");
-- INSERT INTO `reservation_user` (`reservation_id`, `user_id`) VALUES (647, "student003");
-- INSERT INTO `reservation_user` (`reservation_id`, `user_id`) VALUES (647, "student004");
-- INSERT INTO `reservation_user` (`reservation_id`, `user_id`) VALUES (647, "professor001");
-- INSERT INTO `reservation_user` (`reservation_id`, `user_id`) VALUES (647, "student001");
-- INSERT INTO `reservation_facility` (`reservation_id`, `facility_id`) VALUES (647, 1);

-- INSERT INTO `reservation` (`id`, `creator_id`, `start_at`, `end_at`, `plan_id`, `plan_memo`) VALUES (648, "professor003", "2021-11-13 18:00:00", "2021-11-13 19:00:00", 1, "");
-- INSERT INTO `reservation_user` (`reservation_id`, `user_id`) VALUES (648, "professor003");
-- INSERT INTO `reservation_user` (`reservation_id`, `user_id`) VALUES (648, "student004");
-- INSERT INTO `reservation_user` (`reservation_id`, `user_id`) VALUES (648, "professor002");
-- INSERT INTO `reservation_user` (`reservation_id`, `user_id`) VALUES (648, "student003");
-- INSERT INTO `reservation_user` (`reservation_id`, `user_id`) VALUES (648, "professor004");
-- INSERT INTO `reservation_user` (`reservation_id`, `user_id`) VALUES (648, "student001");
-- INSERT INTO `reservation_facility` (`reservation_id`, `facility_id`) VALUES (648, 1);

-- INSERT INTO `reservation` (`id`, `creator_id`, `start_at`, `end_at`, `plan_id`, `plan_memo`) VALUES (649, "professor001", "2021-11-15 08:00:00", "2021-11-15 09:00:00", 2, "");
-- INSERT INTO `reservation_user` (`reservation_id`, `user_id`) VALUES (649, "professor001");
-- INSERT INTO `reservation_facility` (`reservation_id`, `facility_id`) VALUES (649, 2);

-- INSERT INTO `reservation` (`id`, `creator_id`, `start_at`, `end_at`, `plan_id`, `plan_memo`) VALUES (650, "professor003", "2021-11-15 09:00:00", "2021-11-15 15:00:00", 2, "");
-- INSERT INTO `reservation_user` (`reservation_id`, `user_id`) VALUES (650, "professor003");
-- INSERT INTO `reservation_user` (`reservation_id`, `user_id`) VALUES (650, "student003");
-- INSERT INTO `reservation_user` (`reservation_id`, `user_id`) VALUES (650, "student004");
-- INSERT INTO `reservation_user` (`reservation_id`, `user_id`) VALUES (650, "professor004");
-- INSERT INTO `reservation_user` (`reservation_id`, `user_id`) VALUES (650, "professor001");
-- INSERT INTO `reservation_facility` (`reservation_id`, `facility_id`) VALUES (650, 2);

-- INSERT INTO `reservation` (`id`, `creator_id`, `start_at`, `end_at`, `plan_id`, `plan_memo`) VALUES (651, "professor004", "2021-11-18 10:00:00", "2021-11-18 13:00:00", 1, "");
-- INSERT INTO `reservation_user` (`reservation_id`, `user_id`) VALUES (651, "professor004");
-- INSERT INTO `reservation_user` (`reservation_id`, `user_id`) VALUES (651, "student003");
-- INSERT INTO `reservation_user` (`reservation_id`, `user_id`) VALUES (651, "professor001");
-- INSERT INTO `reservation_user` (`reservation_id`, `user_id`) VALUES (651, "student002");
-- INSERT INTO `reservation_facility` (`reservation_id`, `facility_id`) VALUES (651, 2);

-- INSERT INTO `reservation` (`id`, `creator_id`, `start_at`, `end_at`, `plan_id`, `plan_memo`) VALUES (652, "student001", "2021-11-18 20:15:00", "2021-11-18 22:15:00", 1, "");
-- INSERT INTO `reservation_user` (`reservation_id`, `user_id`) VALUES (652, "student001");
-- INSERT INTO `reservation_user` (`reservation_id`, `user_id`) VALUES (652, "student002");
-- INSERT INTO `reservation_facility` (`reservation_id`, `facility_id`) VALUES (652, 2);

-- INSERT INTO `reservation` (`id`, `creator_id`, `start_at`, `end_at`, `plan_id`, `plan_memo`) VALUES (653, "student003", "2021-11-19 12:15:00", "2021-11-19 15:15:00", 2, "");
-- INSERT INTO `reservation_user` (`reservation_id`, `user_id`) VALUES (653, "student003");
-- INSERT INTO `reservation_user` (`reservation_id`, `user_id`) VALUES (653, "student001");
-- INSERT INTO `reservation_user` (`reservation_id`, `user_id`) VALUES (653, "professor001");
-- INSERT INTO `reservation_user` (`reservation_id`, `user_id`) VALUES (653, "professor002");
-- INSERT INTO `reservation_facility` (`reservation_id`, `facility_id`) VALUES (653, 2);

-- INSERT INTO `reservation` (`id`, `creator_id`, `start_at`, `end_at`, `plan_id`, `plan_memo`) VALUES (654, "student001", "2021-11-20 11:15:00", "2021-11-20 14:15:00", 1, "");
-- INSERT INTO `reservation_user` (`reservation_id`, `user_id`) VALUES (654, "student001");
-- INSERT INTO `reservation_user` (`reservation_id`, `user_id`) VALUES (654, "professor004");
-- INSERT INTO `reservation_user` (`reservation_id`, `user_id`) VALUES (654, "student002");
-- INSERT INTO `reservation_facility` (`reservation_id`, `facility_id`) VALUES (654, 2);

-- INSERT INTO `reservation` (`id`, `creator_id`, `start_at`, `end_at`, `plan_id`, `plan_memo`) VALUES (655, "student002", "2021-11-21 07:30:00", "2021-11-21 08:30:00", 1, "");
-- INSERT INTO `reservation_user` (`reservation_id`, `user_id`) VALUES (655, "student002");
-- INSERT INTO `reservation_user` (`reservation_id`, `user_id`) VALUES (655, "student001");
-- INSERT INTO `reservation_user` (`reservation_id`, `user_id`) VALUES (655, "student004");
-- INSERT INTO `reservation_user` (`reservation_id`, `user_id`) VALUES (655, "professor003");
-- INSERT INTO `reservation_user` (`reservation_id`, `user_id`) VALUES (655, "professor004");
-- INSERT INTO `reservation_facility` (`reservation_id`, `facility_id`) VALUES (655, 1);

-- INSERT INTO `reservation` (`id`, `creator_id`, `start_at`, `end_at`, `plan_id`, `plan_memo`) VALUES (656, "professor003", "2021-11-22 13:30:00", "2021-11-22 18:30:00", 1, "");
-- INSERT INTO `reservation_user` (`reservation_id`, `user_id`) VALUES (656, "professor003");
-- INSERT INTO `reservation_user` (`reservation_id`, `user_id`) VALUES (656, "student003");
-- INSERT INTO `reservation_user` (`reservation_id`, `user_id`) VALUES (656, "professor001");
-- INSERT INTO `reservation_user` (`reservation_id`, `user_id`) VALUES (656, "professor004");
-- INSERT INTO `reservation_facility` (`reservation_id`, `facility_id`) VALUES (656, 2);

-- INSERT INTO `reservation` (`id`, `creator_id`, `start_at`, `end_at`, `plan_id`, `plan_memo`) VALUES (657, "professor001", "2021-11-22 19:45:00", "2021-11-22 22:45:00", 2, "");
-- INSERT INTO `reservation_user` (`reservation_id`, `user_id`) VALUES (657, "professor001");
-- INSERT INTO `reservation_user` (`reservation_id`, `user_id`) VALUES (657, "professor003");
-- INSERT INTO `reservation_user` (`reservation_id`, `user_id`) VALUES (657, "professor004");
-- INSERT INTO `reservation_user` (`reservation_id`, `user_id`) VALUES (657, "student003");
-- INSERT INTO `reservation_user` (`reservation_id`, `user_id`) VALUES (657, "student001");
-- INSERT INTO `reservation_facility` (`reservation_id`, `facility_id`) VALUES (657, 1);

-- INSERT INTO `reservation` (`id`, `creator_id`, `start_at`, `end_at`, `plan_id`, `plan_memo`) VALUES (658, "student004", "2021-11-23 14:15:00", "2021-11-23 17:15:00", 2, "");
-- INSERT INTO `reservation_user` (`reservation_id`, `user_id`) VALUES (658, "student004");
-- INSERT INTO `reservation_user` (`reservation_id`, `user_id`) VALUES (658, "student003");
-- INSERT INTO `reservation_facility` (`reservation_id`, `facility_id`) VALUES (658, 1);

-- INSERT INTO `reservation` (`id`, `creator_id`, `start_at`, `end_at`, `plan_id`, `plan_memo`) VALUES (659, "student004", "2021-11-23 18:15:00", "2021-11-23 23:15:00", 2, "");
-- INSERT INTO `reservation_user` (`reservation_id`, `user_id`) VALUES (659, "student004");
-- INSERT INTO `reservation_user` (`reservation_id`, `user_id`) VALUES (659, "professor004");
-- INSERT INTO `reservation_user` (`reservation_id`, `user_id`) VALUES (659, "professor003");
-- INSERT INTO `reservation_user` (`reservation_id`, `user_id`) VALUES (659, "student003");
-- INSERT INTO `reservation_user` (`reservation_id`, `user_id`) VALUES (659, "student001");
-- INSERT INTO `reservation_facility` (`reservation_id`, `facility_id`) VALUES (659, 2);

-- INSERT INTO `reservation` (`id`, `creator_id`, `start_at`, `end_at`, `plan_id`, `plan_memo`) VALUES (660, "student001", "2021-11-24 11:30:00", "2021-11-24 17:30:00", 1, "");
-- INSERT INTO `reservation_user` (`reservation_id`, `user_id`) VALUES (660, "student001");
-- INSERT INTO `reservation_user` (`reservation_id`, `user_id`) VALUES (660, "professor004");
-- INSERT INTO `reservation_user` (`reservation_id`, `user_id`) VALUES (660, "student004");
-- INSERT INTO `reservation_user` (`reservation_id`, `user_id`) VALUES (660, "professor001");
-- INSERT INTO `reservation_facility` (`reservation_id`, `facility_id`) VALUES (660, 4);

-- INSERT INTO `reservation` (`id`, `creator_id`, `start_at`, `end_at`, `plan_id`, `plan_memo`) VALUES (661, "professor002", "2021-11-26 08:30:00", "2021-11-26 13:30:00", 1, "");
-- INSERT INTO `reservation_user` (`reservation_id`, `user_id`) VALUES (661, "professor002");
-- INSERT INTO `reservation_user` (`reservation_id`, `user_id`) VALUES (661, "student003");
-- INSERT INTO `reservation_facility` (`reservation_id`, `facility_id`) VALUES (661, 1);

-- INSERT INTO `reservation` (`id`, `creator_id`, `start_at`, `end_at`, `plan_id`, `plan_memo`) VALUES (662, "student004", "2021-11-26 18:45:00", "2021-11-26 19:45:00", 1, "");
-- INSERT INTO `reservation_user` (`reservation_id`, `user_id`) VALUES (662, "student004");
-- INSERT INTO `reservation_user` (`reservation_id`, `user_id`) VALUES (662, "student003");
-- INSERT INTO `reservation_user` (`reservation_id`, `user_id`) VALUES (662, "student001");
-- INSERT INTO `reservation_user` (`reservation_id`, `user_id`) VALUES (662, "student002");
-- INSERT INTO `reservation_facility` (`reservation_id`, `facility_id`) VALUES (662, 3);

-- INSERT INTO `reservation` (`id`, `creator_id`, `start_at`, `end_at`, `plan_id`, `plan_memo`) VALUES (663, "student001", "2021-11-27 13:00:00", "2021-11-27 16:00:00", 1, "");
-- INSERT INTO `reservation_user` (`reservation_id`, `user_id`) VALUES (663, "student001");
-- INSERT INTO `reservation_facility` (`reservation_id`, `facility_id`) VALUES (663, 1);

-- INSERT INTO `reservation` (`id`, `creator_id`, `start_at`, `end_at`, `plan_id`, `plan_memo`) VALUES (664, "student001", "2021-11-27 18:45:00", "2021-11-27 23:45:00", 1, "");
-- INSERT INTO `reservation_user` (`reservation_id`, `user_id`) VALUES (664, "student001");
-- INSERT INTO `reservation_user` (`reservation_id`, `user_id`) VALUES (664, "professor001");
-- INSERT INTO `reservation_user` (`reservation_id`, `user_id`) VALUES (664, "professor004");
-- INSERT INTO `reservation_user` (`reservation_id`, `user_id`) VALUES (664, "professor003");
-- INSERT INTO `reservation_user` (`reservation_id`, `user_id`) VALUES (664, "professor002");
-- INSERT INTO `reservation_facility` (`reservation_id`, `facility_id`) VALUES (664, 4);

-- INSERT INTO `reservation` (`id`, `creator_id`, `start_at`, `end_at`, `plan_id`, `plan_memo`) VALUES (665, "student001", "2021-11-29 11:30:00", "2021-11-29 15:30:00", 2, "");
-- INSERT INTO `reservation_user` (`reservation_id`, `user_id`) VALUES (665, "student001");
-- INSERT INTO `reservation_user` (`reservation_id`, `user_id`) VALUES (665, "professor002");
-- INSERT INTO `reservation_facility` (`reservation_id`, `facility_id`) VALUES (665, 4);

-- INSERT INTO `reservation` (`id`, `creator_id`, `start_at`, `end_at`, `plan_id`, `plan_memo`) VALUES (666, "student004", "2021-12-02 09:30:00", "2021-12-02 12:30:00", 1, "");
-- INSERT INTO `reservation_user` (`reservation_id`, `user_id`) VALUES (666, "student004");
-- INSERT INTO `reservation_user` (`reservation_id`, `user_id`) VALUES (666, "student003");
-- INSERT INTO `reservation_user` (`reservation_id`, `user_id`) VALUES (666, "professor001");
-- INSERT INTO `reservation_facility` (`reservation_id`, `facility_id`) VALUES (666, 3);

-- INSERT INTO `reservation` (`id`, `creator_id`, `start_at`, `end_at`, `plan_id`, `plan_memo`) VALUES (667, "professor004", "2021-12-02 17:15:00", "2021-12-02 18:15:00", 2, "");
-- INSERT INTO `reservation_user` (`reservation_id`, `user_id`) VALUES (667, "professor004");
-- INSERT INTO `reservation_user` (`reservation_id`, `user_id`) VALUES (667, "professor003");
-- INSERT INTO `reservation_user` (`reservation_id`, `user_id`) VALUES (667, "student003");
-- INSERT INTO `reservation_user` (`reservation_id`, `user_id`) VALUES (667, "student004");
-- INSERT INTO `reservation_user` (`reservation_id`, `user_id`) VALUES (667, "professor001");
-- INSERT INTO `reservation_user` (`reservation_id`, `user_id`) VALUES (667, "student001");
-- INSERT INTO `reservation_facility` (`reservation_id`, `facility_id`) VALUES (667, 3);

-- INSERT INTO `reservation` (`id`, `creator_id`, `start_at`, `end_at`, `plan_id`, `plan_memo`) VALUES (668, "student004", "2021-12-03 09:45:00", "2021-12-03 10:45:00", 2, "");
-- INSERT INTO `reservation_user` (`reservation_id`, `user_id`) VALUES (668, "student004");
-- INSERT INTO `reservation_user` (`reservation_id`, `user_id`) VALUES (668, "professor001");
-- INSERT INTO `reservation_user` (`reservation_id`, `user_id`) VALUES (668, "student003");
-- INSERT INTO `reservation_facility` (`reservation_id`, `facility_id`) VALUES (668, 2);

-- INSERT INTO `reservation` (`id`, `creator_id`, `start_at`, `end_at`, `plan_id`, `plan_memo`) VALUES (669, "professor004", "2021-12-03 12:30:00", "2021-12-03 14:30:00", 1, "");
-- INSERT INTO `reservation_user` (`reservation_id`, `user_id`) VALUES (669, "professor004");
-- INSERT INTO `reservation_facility` (`reservation_id`, `facility_id`) VALUES (669, 1);

-- INSERT INTO `reservation` (`id`, `creator_id`, `start_at`, `end_at`, `plan_id`, `plan_memo`) VALUES (670, "student002", "2021-12-03 16:00:00", "2021-12-03 21:00:00", 1, "");
-- INSERT INTO `reservation_user` (`reservation_id`, `user_id`) VALUES (670, "student002");
-- INSERT INTO `reservation_user` (`reservation_id`, `user_id`) VALUES (670, "professor002");
-- INSERT INTO `reservation_user` (`reservation_id`, `user_id`) VALUES (670, "student001");
-- INSERT INTO `reservation_user` (`reservation_id`, `user_id`) VALUES (670, "student003");
-- INSERT INTO `reservation_user` (`reservation_id`, `user_id`) VALUES (670, "student004");
-- INSERT INTO `reservation_facility` (`reservation_id`, `facility_id`) VALUES (670, 1);

-- INSERT INTO `reservation` (`id`, `creator_id`, `start_at`, `end_at`, `plan_id`, `plan_memo`) VALUES (671, "student001", "2021-12-04 20:45:00", "2021-12-04 22:45:00", 1, "");
-- INSERT INTO `reservation_user` (`reservation_id`, `user_id`) VALUES (671, "student001");
-- INSERT INTO `reservation_user` (`reservation_id`, `user_id`) VALUES (671, "professor001");
-- INSERT INTO `reservation_user` (`reservation_id`, `user_id`) VALUES (671, "student002");
-- INSERT INTO `reservation_facility` (`reservation_id`, `facility_id`) VALUES (671, 3);

-- INSERT INTO `reservation` (`id`, `creator_id`, `start_at`, `end_at`, `plan_id`, `plan_memo`) VALUES (672, "professor001", "2021-12-05 11:00:00", "2021-12-05 16:00:00", 2, "");
-- INSERT INTO `reservation_user` (`reservation_id`, `user_id`) VALUES (672, "professor001");
-- INSERT INTO `reservation_facility` (`reservation_id`, `facility_id`) VALUES (672, 4);

-- INSERT INTO `reservation` (`id`, `creator_id`, `start_at`, `end_at`, `plan_id`, `plan_memo`) VALUES (673, "professor003", "2021-12-05 16:00:00", "2021-12-05 18:00:00", 2, "");
-- INSERT INTO `reservation_user` (`reservation_id`, `user_id`) VALUES (673, "professor003");
-- INSERT INTO `reservation_user` (`reservation_id`, `user_id`) VALUES (673, "student003");
-- INSERT INTO `reservation_user` (`reservation_id`, `user_id`) VALUES (673, "student001");
-- INSERT INTO `reservation_user` (`reservation_id`, `user_id`) VALUES (673, "professor004");
-- INSERT INTO `reservation_facility` (`reservation_id`, `facility_id`) VALUES (673, 4);

-- INSERT INTO `reservation` (`id`, `creator_id`, `start_at`, `end_at`, `plan_id`, `plan_memo`) VALUES (674, "professor002", "2021-12-07 16:30:00", "2021-12-07 18:30:00", 1, "");
-- INSERT INTO `reservation_user` (`reservation_id`, `user_id`) VALUES (674, "professor002");
-- INSERT INTO `reservation_user` (`reservation_id`, `user_id`) VALUES (674, "professor003");
-- INSERT INTO `reservation_user` (`reservation_id`, `user_id`) VALUES (674, "student001");
-- INSERT INTO `reservation_user` (`reservation_id`, `user_id`) VALUES (674, "student002");
-- INSERT INTO `reservation_user` (`reservation_id`, `user_id`) VALUES (674, "professor001");
-- INSERT INTO `reservation_facility` (`reservation_id`, `facility_id`) VALUES (674, 3);

-- INSERT INTO `reservation` (`id`, `creator_id`, `start_at`, `end_at`, `plan_id`, `plan_memo`) VALUES (675, "student001", "2021-12-09 08:45:00", "2021-12-09 13:45:00", 1, "");
-- INSERT INTO `reservation_user` (`reservation_id`, `user_id`) VALUES (675, "student001");
-- INSERT INTO `reservation_facility` (`reservation_id`, `facility_id`) VALUES (675, 3);

-- INSERT INTO `reservation` (`id`, `creator_id`, `start_at`, `end_at`, `plan_id`, `plan_memo`) VALUES (676, "student002", "2021-12-10 17:45:00", "2021-12-10 22:45:00", 2, "");
-- INSERT INTO `reservation_user` (`reservation_id`, `user_id`) VALUES (676, "student002");
-- INSERT INTO `reservation_user` (`reservation_id`, `user_id`) VALUES (676, "professor003");
-- INSERT INTO `reservation_user` (`reservation_id`, `user_id`) VALUES (676, "student004");
-- INSERT INTO `reservation_user` (`reservation_id`, `user_id`) VALUES (676, "professor004");
-- INSERT INTO `reservation_user` (`reservation_id`, `user_id`) VALUES (676, "professor002");
-- INSERT INTO `reservation_facility` (`reservation_id`, `facility_id`) VALUES (676, 3);

-- INSERT INTO `reservation` (`id`, `creator_id`, `start_at`, `end_at`, `plan_id`, `plan_memo`) VALUES (677, "professor003", "2021-12-13 14:15:00", "2021-12-13 15:15:00", 1, "");
-- INSERT INTO `reservation_user` (`reservation_id`, `user_id`) VALUES (677, "professor003");
-- INSERT INTO `reservation_facility` (`reservation_id`, `facility_id`) VALUES (677, 3);

-- INSERT INTO `reservation` (`id`, `creator_id`, `start_at`, `end_at`, `plan_id`, `plan_memo`) VALUES (678, "student002", "2021-12-14 14:30:00", "2021-12-14 20:30:00", 2, "");
-- INSERT INTO `reservation_user` (`reservation_id`, `user_id`) VALUES (678, "student002");
-- INSERT INTO `reservation_user` (`reservation_id`, `user_id`) VALUES (678, "professor001");
-- INSERT INTO `reservation_user` (`reservation_id`, `user_id`) VALUES (678, "student003");
-- INSERT INTO `reservation_user` (`reservation_id`, `user_id`) VALUES (678, "professor002");
-- INSERT INTO `reservation_user` (`reservation_id`, `user_id`) VALUES (678, "professor003");
-- INSERT INTO `reservation_facility` (`reservation_id`, `facility_id`) VALUES (678, 2);

-- INSERT INTO `reservation` (`id`, `creator_id`, `start_at`, `end_at`, `plan_id`, `plan_memo`) VALUES (679, "student002", "2021-12-16 08:30:00", "2021-12-16 10:30:00", 2, "");
-- INSERT INTO `reservation_user` (`reservation_id`, `user_id`) VALUES (679, "student002");
-- INSERT INTO `reservation_user` (`reservation_id`, `user_id`) VALUES (679, "professor001");
-- INSERT INTO `reservation_facility` (`reservation_id`, `facility_id`) VALUES (679, 3);

-- INSERT INTO `reservation` (`id`, `creator_id`, `start_at`, `end_at`, `plan_id`, `plan_memo`) VALUES (680, "professor002", "2021-12-16 10:30:00", "2021-12-16 14:30:00", 1, "");
-- INSERT INTO `reservation_user` (`reservation_id`, `user_id`) VALUES (680, "professor002");
-- INSERT INTO `reservation_facility` (`reservation_id`, `facility_id`) VALUES (680, 2);

-- INSERT INTO `reservation` (`id`, `creator_id`, `start_at`, `end_at`, `plan_id`, `plan_memo`) VALUES (681, "student001", "2021-12-18 15:00:00", "2021-12-18 18:00:00", 2, "");
-- INSERT INTO `reservation_user` (`reservation_id`, `user_id`) VALUES (681, "student001");
-- INSERT INTO `reservation_user` (`reservation_id`, `user_id`) VALUES (681, "professor004");
-- INSERT INTO `reservation_facility` (`reservation_id`, `facility_id`) VALUES (681, 1);

-- INSERT INTO `reservation` (`id`, `creator_id`, `start_at`, `end_at`, `plan_id`, `plan_memo`) VALUES (682, "professor001", "2021-12-19 17:30:00", "2021-12-19 18:30:00", 1, "");
-- INSERT INTO `reservation_user` (`reservation_id`, `user_id`) VALUES (682, "professor001");
-- INSERT INTO `reservation_user` (`reservation_id`, `user_id`) VALUES (682, "professor002");
-- INSERT INTO `reservation_user` (`reservation_id`, `user_id`) VALUES (682, "student004");
-- INSERT INTO `reservation_user` (`reservation_id`, `user_id`) VALUES (682, "professor004");
-- INSERT INTO `reservation_user` (`reservation_id`, `user_id`) VALUES (682, "student003");
-- INSERT INTO `reservation_facility` (`reservation_id`, `facility_id`) VALUES (682, 1);

-- INSERT INTO `reservation` (`id`, `creator_id`, `start_at`, `end_at`, `plan_id`, `plan_memo`) VALUES (683, "student001", "2021-12-19 18:30:00", "2021-12-19 23:30:00", 2, "");
-- INSERT INTO `reservation_user` (`reservation_id`, `user_id`) VALUES (683, "student001");
-- INSERT INTO `reservation_user` (`reservation_id`, `user_id`) VALUES (683, "professor003");
-- INSERT INTO `reservation_user` (`reservation_id`, `user_id`) VALUES (683, "student002");
-- INSERT INTO `reservation_user` (`reservation_id`, `user_id`) VALUES (683, "student003");
-- INSERT INTO `reservation_user` (`reservation_id`, `user_id`) VALUES (683, "professor002");
-- INSERT INTO `reservation_user` (`reservation_id`, `user_id`) VALUES (683, "professor004");
-- INSERT INTO `reservation_facility` (`reservation_id`, `facility_id`) VALUES (683, 2);

-- INSERT INTO `reservation` (`id`, `creator_id`, `start_at`, `end_at`, `plan_id`, `plan_memo`) VALUES (684, "student001", "2021-12-20 08:00:00", "2021-12-20 10:00:00", 1, "");
-- INSERT INTO `reservation_user` (`reservation_id`, `user_id`) VALUES (684, "student001");
-- INSERT INTO `reservation_user` (`reservation_id`, `user_id`) VALUES (684, "student004");
-- INSERT INTO `reservation_user` (`reservation_id`, `user_id`) VALUES (684, "student003");
-- INSERT INTO `reservation_user` (`reservation_id`, `user_id`) VALUES (684, "professor001");
-- INSERT INTO `reservation_user` (`reservation_id`, `user_id`) VALUES (684, "professor002");
-- INSERT INTO `reservation_user` (`reservation_id`, `user_id`) VALUES (684, "professor003");
-- INSERT INTO `reservation_facility` (`reservation_id`, `facility_id`) VALUES (684, 4);

-- INSERT INTO `reservation` (`id`, `creator_id`, `start_at`, `end_at`, `plan_id`, `plan_memo`) VALUES (685, "student004", "2021-12-20 10:45:00", "2021-12-20 11:45:00", 2, "");
-- INSERT INTO `reservation_user` (`reservation_id`, `user_id`) VALUES (685, "student004");
-- INSERT INTO `reservation_facility` (`reservation_id`, `facility_id`) VALUES (685, 3);

-- INSERT INTO `reservation` (`id`, `creator_id`, `start_at`, `end_at`, `plan_id`, `plan_memo`) VALUES (686, "student001", "2021-12-21 09:00:00", "2021-12-21 11:00:00", 2, "");
-- INSERT INTO `reservation_user` (`reservation_id`, `user_id`) VALUES (686, "student001");
-- INSERT INTO `reservation_facility` (`reservation_id`, `facility_id`) VALUES (686, 2);

-- INSERT INTO `reservation` (`id`, `creator_id`, `start_at`, `end_at`, `plan_id`, `plan_memo`) VALUES (687, "professor003", "2021-12-21 15:30:00", "2021-12-21 18:30:00", 1, "");
-- INSERT INTO `reservation_user` (`reservation_id`, `user_id`) VALUES (687, "professor003");
-- INSERT INTO `reservation_facility` (`reservation_id`, `facility_id`) VALUES (687, 3);

-- INSERT INTO `reservation` (`id`, `creator_id`, `start_at`, `end_at`, `plan_id`, `plan_memo`) VALUES (688, "student001", "2021-12-22 15:15:00", "2021-12-22 18:15:00", 2, "");
-- INSERT INTO `reservation_user` (`reservation_id`, `user_id`) VALUES (688, "student001");
-- INSERT INTO `reservation_user` (`reservation_id`, `user_id`) VALUES (688, "professor003");
-- INSERT INTO `reservation_user` (`reservation_id`, `user_id`) VALUES (688, "student002");
-- INSERT INTO `reservation_user` (`reservation_id`, `user_id`) VALUES (688, "professor004");
-- INSERT INTO `reservation_facility` (`reservation_id`, `facility_id`) VALUES (688, 2);

-- INSERT INTO `reservation` (`id`, `creator_id`, `start_at`, `end_at`, `plan_id`, `plan_memo`) VALUES (689, "student004", "2021-12-23 13:30:00", "2021-12-23 17:30:00", 1, "");
-- INSERT INTO `reservation_user` (`reservation_id`, `user_id`) VALUES (689, "student004");
-- INSERT INTO `reservation_user` (`reservation_id`, `user_id`) VALUES (689, "professor001");
-- INSERT INTO `reservation_user` (`reservation_id`, `user_id`) VALUES (689, "student003");
-- INSERT INTO `reservation_user` (`reservation_id`, `user_id`) VALUES (689, "student002");
-- INSERT INTO `reservation_user` (`reservation_id`, `user_id`) VALUES (689, "professor002");
-- INSERT INTO `reservation_facility` (`reservation_id`, `facility_id`) VALUES (689, 1);

-- INSERT INTO `reservation` (`id`, `creator_id`, `start_at`, `end_at`, `plan_id`, `plan_memo`) VALUES (690, "student004", "2021-12-24 12:15:00", "2021-12-24 13:15:00", 1, "");
-- INSERT INTO `reservation_user` (`reservation_id`, `user_id`) VALUES (690, "student004");
-- INSERT INTO `reservation_user` (`reservation_id`, `user_id`) VALUES (690, "professor004");
-- INSERT INTO `reservation_user` (`reservation_id`, `user_id`) VALUES (690, "student003");
-- INSERT INTO `reservation_facility` (`reservation_id`, `facility_id`) VALUES (690, 4);

-- INSERT INTO `reservation` (`id`, `creator_id`, `start_at`, `end_at`, `plan_id`, `plan_memo`) VALUES (691, "student003", "2021-12-26 15:15:00", "2021-12-26 16:15:00", 2, "");
-- INSERT INTO `reservation_user` (`reservation_id`, `user_id`) VALUES (691, "student003");
-- INSERT INTO `reservation_user` (`reservation_id`, `user_id`) VALUES (691, "professor004");
-- INSERT INTO `reservation_user` (`reservation_id`, `user_id`) VALUES (691, "student001");
-- INSERT INTO `reservation_user` (`reservation_id`, `user_id`) VALUES (691, "student002");
-- INSERT INTO `reservation_user` (`reservation_id`, `user_id`) VALUES (691, "professor003");
-- INSERT INTO `reservation_user` (`reservation_id`, `user_id`) VALUES (691, "student004");
-- INSERT INTO `reservation_facility` (`reservation_id`, `facility_id`) VALUES (691, 3);

-- INSERT INTO `reservation` (`id`, `creator_id`, `start_at`, `end_at`, `plan_id`, `plan_memo`) VALUES (692, "professor002", "2021-12-27 12:00:00", "2021-12-27 14:00:00", 1, "");
-- INSERT INTO `reservation_user` (`reservation_id`, `user_id`) VALUES (692, "professor002");
-- INSERT INTO `reservation_user` (`reservation_id`, `user_id`) VALUES (692, "student001");
-- INSERT INTO `reservation_user` (`reservation_id`, `user_id`) VALUES (692, "student004");
-- INSERT INTO `reservation_facility` (`reservation_id`, `facility_id`) VALUES (692, 2);

-- INSERT INTO `reservation` (`id`, `creator_id`, `start_at`, `end_at`, `plan_id`, `plan_memo`) VALUES (693, "professor002", "2021-12-27 17:00:00", "2021-12-27 18:00:00", 2, "");
-- INSERT INTO `reservation_user` (`reservation_id`, `user_id`) VALUES (693, "professor002");
-- INSERT INTO `reservation_user` (`reservation_id`, `user_id`) VALUES (693, "professor003");
-- INSERT INTO `reservation_user` (`reservation_id`, `user_id`) VALUES (693, "professor001");
-- INSERT INTO `reservation_user` (`reservation_id`, `user_id`) VALUES (693, "professor004");
-- INSERT INTO `reservation_user` (`reservation_id`, `user_id`) VALUES (693, "student004");
-- INSERT INTO `reservation_facility` (`reservation_id`, `facility_id`) VALUES (693, 2);

-- INSERT INTO `reservation` (`id`, `creator_id`, `start_at`, `end_at`, `plan_id`, `plan_memo`) VALUES (694, "student001", "2021-12-29 09:00:00", "2021-12-29 10:00:00", 1, "");
-- INSERT INTO `reservation_user` (`reservation_id`, `user_id`) VALUES (694, "student001");
-- INSERT INTO `reservation_facility` (`reservation_id`, `facility_id`) VALUES (694, 2);

-- INSERT INTO `reservation` (`id`, `creator_id`, `start_at`, `end_at`, `plan_id`, `plan_memo`) VALUES (695, "student002", "2021-12-29 11:30:00", "2021-12-29 15:30:00", 2, "");
-- INSERT INTO `reservation_user` (`reservation_id`, `user_id`) VALUES (695, "student002");
-- INSERT INTO `reservation_facility` (`reservation_id`, `facility_id`) VALUES (695, 3);

-- INSERT INTO `reservation` (`id`, `creator_id`, `start_at`, `end_at`, `plan_id`, `plan_memo`) VALUES (696, "professor001", "2021-12-29 16:00:00", "2021-12-29 17:00:00", 2, "");
-- INSERT INTO `reservation_user` (`reservation_id`, `user_id`) VALUES (696, "professor001");
-- INSERT INTO `reservation_user` (`reservation_id`, `user_id`) VALUES (696, "student001");
-- INSERT INTO `reservation_facility` (`reservation_id`, `facility_id`) VALUES (696, 2);

-- INSERT INTO `reservation` (`id`, `creator_id`, `start_at`, `end_at`, `plan_id`, `plan_memo`) VALUES (697, "professor002", "2022-01-01 19:00:00", "2022-01-01 20:00:00", 2, "");
-- INSERT INTO `reservation_user` (`reservation_id`, `user_id`) VALUES (697, "professor002");
-- INSERT INTO `reservation_user` (`reservation_id`, `user_id`) VALUES (697, "student004");
-- INSERT INTO `reservation_user` (`reservation_id`, `user_id`) VALUES (697, "professor001");
-- INSERT INTO `reservation_facility` (`reservation_id`, `facility_id`) VALUES (697, 4);

-- INSERT INTO `reservation` (`id`, `creator_id`, `start_at`, `end_at`, `plan_id`, `plan_memo`) VALUES (698, "student004", "2022-01-02 12:15:00", "2022-01-02 14:15:00", 2, "");
-- INSERT INTO `reservation_user` (`reservation_id`, `user_id`) VALUES (698, "student004");
-- INSERT INTO `reservation_user` (`reservation_id`, `user_id`) VALUES (698, "professor002");
-- INSERT INTO `reservation_user` (`reservation_id`, `user_id`) VALUES (698, "professor004");
-- INSERT INTO `reservation_user` (`reservation_id`, `user_id`) VALUES (698, "professor001");
-- INSERT INTO `reservation_facility` (`reservation_id`, `facility_id`) VALUES (698, 2);

-- INSERT INTO `reservation` (`id`, `creator_id`, `start_at`, `end_at`, `plan_id`, `plan_memo`) VALUES (699, "professor004", "2022-01-03 07:45:00", "2022-01-03 09:45:00", 1, "");
-- INSERT INTO `reservation_user` (`reservation_id`, `user_id`) VALUES (699, "professor004");
-- INSERT INTO `reservation_user` (`reservation_id`, `user_id`) VALUES (699, "professor001");
-- INSERT INTO `reservation_user` (`reservation_id`, `user_id`) VALUES (699, "student002");
-- INSERT INTO `reservation_user` (`reservation_id`, `user_id`) VALUES (699, "student004");
-- INSERT INTO `reservation_user` (`reservation_id`, `user_id`) VALUES (699, "professor003");
-- INSERT INTO `reservation_user` (`reservation_id`, `user_id`) VALUES (699, "professor002");
-- INSERT INTO `reservation_facility` (`reservation_id`, `facility_id`) VALUES (699, 2);

-- INSERT INTO `reservation` (`id`, `creator_id`, `start_at`, `end_at`, `plan_id`, `plan_memo`) VALUES (700, "student003", "2022-01-03 11:30:00", "2022-01-03 13:30:00", 1, "");
-- INSERT INTO `reservation_user` (`reservation_id`, `user_id`) VALUES (700, "student003");
-- INSERT INTO `reservation_user` (`reservation_id`, `user_id`) VALUES (700, "professor004");
-- INSERT INTO `reservation_user` (`reservation_id`, `user_id`) VALUES (700, "professor003");
-- INSERT INTO `reservation_facility` (`reservation_id`, `facility_id`) VALUES (700, 2);

-- INSERT INTO `reservation` (`id`, `creator_id`, `start_at`, `end_at`, `plan_id`, `plan_memo`) VALUES (701, "student004", "2022-01-03 13:45:00", "2022-01-03 18:45:00", 1, "");
-- INSERT INTO `reservation_user` (`reservation_id`, `user_id`) VALUES (701, "student004");
-- INSERT INTO `reservation_facility` (`reservation_id`, `facility_id`) VALUES (701, 3);

-- INSERT INTO `reservation` (`id`, `creator_id`, `start_at`, `end_at`, `plan_id`, `plan_memo`) VALUES (702, "professor002", "2022-01-04 17:45:00", "2022-01-04 19:45:00", 2, "");
-- INSERT INTO `reservation_user` (`reservation_id`, `user_id`) VALUES (702, "professor002");
-- INSERT INTO `reservation_user` (`reservation_id`, `user_id`) VALUES (702, "student004");
-- INSERT INTO `reservation_user` (`reservation_id`, `user_id`) VALUES (702, "student003");
-- INSERT INTO `reservation_user` (`reservation_id`, `user_id`) VALUES (702, "professor003");
-- INSERT INTO `reservation_user` (`reservation_id`, `user_id`) VALUES (702, "student001");
-- INSERT INTO `reservation_facility` (`reservation_id`, `facility_id`) VALUES (702, 2);

-- INSERT INTO `reservation` (`id`, `creator_id`, `start_at`, `end_at`, `plan_id`, `plan_memo`) VALUES (703, "student002", "2022-01-06 17:00:00", "2022-01-06 23:00:00", 2, "");
-- INSERT INTO `reservation_user` (`reservation_id`, `user_id`) VALUES (703, "student002");
-- INSERT INTO `reservation_user` (`reservation_id`, `user_id`) VALUES (703, "student003");
-- INSERT INTO `reservation_user` (`reservation_id`, `user_id`) VALUES (703, "professor002");
-- INSERT INTO `reservation_user` (`reservation_id`, `user_id`) VALUES (703, "professor001");
-- INSERT INTO `reservation_facility` (`reservation_id`, `facility_id`) VALUES (703, 2);

-- INSERT INTO `reservation` (`id`, `creator_id`, `start_at`, `end_at`, `plan_id`, `plan_memo`) VALUES (704, "professor002", "2022-01-08 15:45:00", "2022-01-08 16:45:00", 1, "");
-- INSERT INTO `reservation_user` (`reservation_id`, `user_id`) VALUES (704, "professor002");
-- INSERT INTO `reservation_facility` (`reservation_id`, `facility_id`) VALUES (704, 1);

-- INSERT INTO `reservation` (`id`, `creator_id`, `start_at`, `end_at`, `plan_id`, `plan_memo`) VALUES (705, "professor001", "2022-01-09 14:30:00", "2022-01-09 20:30:00", 1, "");
-- INSERT INTO `reservation_user` (`reservation_id`, `user_id`) VALUES (705, "professor001");
-- INSERT INTO `reservation_user` (`reservation_id`, `user_id`) VALUES (705, "student003");
-- INSERT INTO `reservation_facility` (`reservation_id`, `facility_id`) VALUES (705, 4);

-- INSERT INTO `reservation` (`id`, `creator_id`, `start_at`, `end_at`, `plan_id`, `plan_memo`) VALUES (706, "professor003", "2022-01-11 09:45:00", "2022-01-11 15:45:00", 1, "");
-- INSERT INTO `reservation_user` (`reservation_id`, `user_id`) VALUES (706, "professor003");
-- INSERT INTO `reservation_user` (`reservation_id`, `user_id`) VALUES (706, "professor002");
-- INSERT INTO `reservation_user` (`reservation_id`, `user_id`) VALUES (706, "professor004");
-- INSERT INTO `reservation_user` (`reservation_id`, `user_id`) VALUES (706, "professor001");
-- INSERT INTO `reservation_user` (`reservation_id`, `user_id`) VALUES (706, "student001");
-- INSERT INTO `reservation_facility` (`reservation_id`, `facility_id`) VALUES (706, 1);

-- INSERT INTO `reservation` (`id`, `creator_id`, `start_at`, `end_at`, `plan_id`, `plan_memo`) VALUES (707, "professor003", "2022-01-12 11:30:00", "2022-01-12 13:30:00", 1, "");
-- INSERT INTO `reservation_user` (`reservation_id`, `user_id`) VALUES (707, "professor003");
-- INSERT INTO `reservation_facility` (`reservation_id`, `facility_id`) VALUES (707, 3);

-- INSERT INTO `reservation` (`id`, `creator_id`, `start_at`, `end_at`, `plan_id`, `plan_memo`) VALUES (708, "professor003", "2022-01-12 14:00:00", "2022-01-12 16:00:00", 1, "");
-- INSERT INTO `reservation_user` (`reservation_id`, `user_id`) VALUES (708, "professor003");
-- INSERT INTO `reservation_user` (`reservation_id`, `user_id`) VALUES (708, "professor002");
-- INSERT INTO `reservation_user` (`reservation_id`, `user_id`) VALUES (708, "student004");
-- INSERT INTO `reservation_user` (`reservation_id`, `user_id`) VALUES (708, "student001");
-- INSERT INTO `reservation_user` (`reservation_id`, `user_id`) VALUES (708, "professor004");
-- INSERT INTO `reservation_facility` (`reservation_id`, `facility_id`) VALUES (708, 1);

-- INSERT INTO `reservation` (`id`, `creator_id`, `start_at`, `end_at`, `plan_id`, `plan_memo`) VALUES (709, "student003", "2022-01-14 20:45:00", "2022-01-14 21:45:00", 1, "");
-- INSERT INTO `reservation_user` (`reservation_id`, `user_id`) VALUES (709, "student003");
-- INSERT INTO `reservation_user` (`reservation_id`, `user_id`) VALUES (709, "professor004");
-- INSERT INTO `reservation_facility` (`reservation_id`, `facility_id`) VALUES (709, 1);

-- INSERT INTO `reservation` (`id`, `creator_id`, `start_at`, `end_at`, `plan_id`, `plan_memo`) VALUES (710, "professor004", "2022-01-16 08:15:00", "2022-01-16 09:15:00", 1, "");
-- INSERT INTO `reservation_user` (`reservation_id`, `user_id`) VALUES (710, "professor004");
-- INSERT INTO `reservation_user` (`reservation_id`, `user_id`) VALUES (710, "student003");
-- INSERT INTO `reservation_user` (`reservation_id`, `user_id`) VALUES (710, "student001");
-- INSERT INTO `reservation_user` (`reservation_id`, `user_id`) VALUES (710, "professor001");
-- INSERT INTO `reservation_user` (`reservation_id`, `user_id`) VALUES (710, "student004");
-- INSERT INTO `reservation_user` (`reservation_id`, `user_id`) VALUES (710, "professor002");
-- INSERT INTO `reservation_facility` (`reservation_id`, `facility_id`) VALUES (710, 3);

-- INSERT INTO `reservation` (`id`, `creator_id`, `start_at`, `end_at`, `plan_id`, `plan_memo`) VALUES (711, "professor001", "2022-01-16 12:45:00", "2022-01-16 18:45:00", 1, "");
-- INSERT INTO `reservation_user` (`reservation_id`, `user_id`) VALUES (711, "professor001");
-- INSERT INTO `reservation_user` (`reservation_id`, `user_id`) VALUES (711, "professor003");
-- INSERT INTO `reservation_user` (`reservation_id`, `user_id`) VALUES (711, "professor002");
-- INSERT INTO `reservation_facility` (`reservation_id`, `facility_id`) VALUES (711, 3);

-- INSERT INTO `reservation` (`id`, `creator_id`, `start_at`, `end_at`, `plan_id`, `plan_memo`) VALUES (712, "professor002", "2022-01-17 07:30:00", "2022-01-17 09:30:00", 1, "");
-- INSERT INTO `reservation_user` (`reservation_id`, `user_id`) VALUES (712, "professor002");
-- INSERT INTO `reservation_user` (`reservation_id`, `user_id`) VALUES (712, "professor001");
-- INSERT INTO `reservation_user` (`reservation_id`, `user_id`) VALUES (712, "student003");
-- INSERT INTO `reservation_user` (`reservation_id`, `user_id`) VALUES (712, "student001");
-- INSERT INTO `reservation_user` (`reservation_id`, `user_id`) VALUES (712, "professor003");
-- INSERT INTO `reservation_facility` (`reservation_id`, `facility_id`) VALUES (712, 3);

-- INSERT INTO `reservation` (`id`, `creator_id`, `start_at`, `end_at`, `plan_id`, `plan_memo`) VALUES (713, "professor003", "2022-01-17 15:30:00", "2022-01-17 18:30:00", 2, "");
-- INSERT INTO `reservation_user` (`reservation_id`, `user_id`) VALUES (713, "professor003");
-- INSERT INTO `reservation_user` (`reservation_id`, `user_id`) VALUES (713, "professor001");
-- INSERT INTO `reservation_user` (`reservation_id`, `user_id`) VALUES (713, "student003");
-- INSERT INTO `reservation_user` (`reservation_id`, `user_id`) VALUES (713, "student004");
-- INSERT INTO `reservation_facility` (`reservation_id`, `facility_id`) VALUES (713, 3);

-- INSERT INTO `reservation` (`id`, `creator_id`, `start_at`, `end_at`, `plan_id`, `plan_memo`) VALUES (714, "student003", "2022-01-17 18:30:00", "2022-01-17 20:30:00", 1, "");
-- INSERT INTO `reservation_user` (`reservation_id`, `user_id`) VALUES (714, "student003");
-- INSERT INTO `reservation_user` (`reservation_id`, `user_id`) VALUES (714, "professor001");
-- INSERT INTO `reservation_user` (`reservation_id`, `user_id`) VALUES (714, "student001");
-- INSERT INTO `reservation_user` (`reservation_id`, `user_id`) VALUES (714, "professor002");
-- INSERT INTO `reservation_facility` (`reservation_id`, `facility_id`) VALUES (714, 3);

-- INSERT INTO `reservation` (`id`, `creator_id`, `start_at`, `end_at`, `plan_id`, `plan_memo`) VALUES (715, "professor002", "2022-01-18 19:15:00", "2022-01-18 20:15:00", 2, "");
-- INSERT INTO `reservation_user` (`reservation_id`, `user_id`) VALUES (715, "professor002");
-- INSERT INTO `reservation_user` (`reservation_id`, `user_id`) VALUES (715, "student004");
-- INSERT INTO `reservation_facility` (`reservation_id`, `facility_id`) VALUES (715, 1);

-- INSERT INTO `reservation` (`id`, `creator_id`, `start_at`, `end_at`, `plan_id`, `plan_memo`) VALUES (716, "student004", "2022-01-20 15:15:00", "2022-01-20 18:15:00", 1, "");
-- INSERT INTO `reservation_user` (`reservation_id`, `user_id`) VALUES (716, "student004");
-- INSERT INTO `reservation_facility` (`reservation_id`, `facility_id`) VALUES (716, 1);

-- INSERT INTO `reservation` (`id`, `creator_id`, `start_at`, `end_at`, `plan_id`, `plan_memo`) VALUES (717, "professor001", "2022-01-21 08:15:00", "2022-01-21 12:15:00", 1, "");
-- INSERT INTO `reservation_user` (`reservation_id`, `user_id`) VALUES (717, "professor001");
-- INSERT INTO `reservation_facility` (`reservation_id`, `facility_id`) VALUES (717, 4);

-- INSERT INTO `reservation` (`id`, `creator_id`, `start_at`, `end_at`, `plan_id`, `plan_memo`) VALUES (718, "student003", "2022-01-21 12:45:00", "2022-01-21 17:45:00", 2, "");
-- INSERT INTO `reservation_user` (`reservation_id`, `user_id`) VALUES (718, "student003");
-- INSERT INTO `reservation_user` (`reservation_id`, `user_id`) VALUES (718, "student001");
-- INSERT INTO `reservation_user` (`reservation_id`, `user_id`) VALUES (718, "student002");
-- INSERT INTO `reservation_user` (`reservation_id`, `user_id`) VALUES (718, "student004");
-- INSERT INTO `reservation_user` (`reservation_id`, `user_id`) VALUES (718, "professor003");
-- INSERT INTO `reservation_facility` (`reservation_id`, `facility_id`) VALUES (718, 1);

-- INSERT INTO `reservation` (`id`, `creator_id`, `start_at`, `end_at`, `plan_id`, `plan_memo`) VALUES (719, "professor001", "2022-01-21 18:30:00", "2022-01-21 20:30:00", 2, "");
-- INSERT INTO `reservation_user` (`reservation_id`, `user_id`) VALUES (719, "professor001");
-- INSERT INTO `reservation_user` (`reservation_id`, `user_id`) VALUES (719, "student002");
-- INSERT INTO `reservation_user` (`reservation_id`, `user_id`) VALUES (719, "professor004");
-- INSERT INTO `reservation_facility` (`reservation_id`, `facility_id`) VALUES (719, 3);

-- INSERT INTO `reservation` (`id`, `creator_id`, `start_at`, `end_at`, `plan_id`, `plan_memo`) VALUES (720, "student002", "2022-01-25 11:15:00", "2022-01-25 14:15:00", 1, "");
-- INSERT INTO `reservation_user` (`reservation_id`, `user_id`) VALUES (720, "student002");
-- INSERT INTO `reservation_facility` (`reservation_id`, `facility_id`) VALUES (720, 2);

-- INSERT INTO `reservation` (`id`, `creator_id`, `start_at`, `end_at`, `plan_id`, `plan_memo`) VALUES (721, "student001", "2022-01-25 19:45:00", "2022-01-25 23:45:00", 2, "");
-- INSERT INTO `reservation_user` (`reservation_id`, `user_id`) VALUES (721, "student001");
-- INSERT INTO `reservation_facility` (`reservation_id`, `facility_id`) VALUES (721, 1);

-- INSERT INTO `reservation` (`id`, `creator_id`, `start_at`, `end_at`, `plan_id`, `plan_memo`) VALUES (722, "professor002", "2022-01-26 17:00:00", "2022-01-26 21:00:00", 2, "");
-- INSERT INTO `reservation_user` (`reservation_id`, `user_id`) VALUES (722, "professor002");
-- INSERT INTO `reservation_user` (`reservation_id`, `user_id`) VALUES (722, "professor003");
-- INSERT INTO `reservation_facility` (`reservation_id`, `facility_id`) VALUES (722, 3);

-- INSERT INTO `reservation` (`id`, `creator_id`, `start_at`, `end_at`, `plan_id`, `plan_memo`) VALUES (723, "student004", "2022-01-26 21:15:00", "2022-01-26 22:15:00", 2, "");
-- INSERT INTO `reservation_user` (`reservation_id`, `user_id`) VALUES (723, "student004");
-- INSERT INTO `reservation_user` (`reservation_id`, `user_id`) VALUES (723, "professor004");
-- INSERT INTO `reservation_user` (`reservation_id`, `user_id`) VALUES (723, "professor002");
-- INSERT INTO `reservation_user` (`reservation_id`, `user_id`) VALUES (723, "professor003");
-- INSERT INTO `reservation_facility` (`reservation_id`, `facility_id`) VALUES (723, 2);

-- INSERT INTO `reservation` (`id`, `creator_id`, `start_at`, `end_at`, `plan_id`, `plan_memo`) VALUES (724, "professor003", "2022-01-27 11:30:00", "2022-01-27 12:30:00", 1, "");
-- INSERT INTO `reservation_user` (`reservation_id`, `user_id`) VALUES (724, "professor003");
-- INSERT INTO `reservation_user` (`reservation_id`, `user_id`) VALUES (724, "student004");
-- INSERT INTO `reservation_facility` (`reservation_id`, `facility_id`) VALUES (724, 4);

-- INSERT INTO `reservation` (`id`, `creator_id`, `start_at`, `end_at`, `plan_id`, `plan_memo`) VALUES (725, "professor001", "2022-01-28 07:45:00", "2022-01-28 08:45:00", 2, "");
-- INSERT INTO `reservation_user` (`reservation_id`, `user_id`) VALUES (725, "professor001");
-- INSERT INTO `reservation_user` (`reservation_id`, `user_id`) VALUES (725, "professor004");
-- INSERT INTO `reservation_facility` (`reservation_id`, `facility_id`) VALUES (725, 1);

-- INSERT INTO `reservation` (`id`, `creator_id`, `start_at`, `end_at`, `plan_id`, `plan_memo`) VALUES (726, "professor001", "2022-01-28 15:30:00", "2022-01-28 20:30:00", 1, "");
-- INSERT INTO `reservation_user` (`reservation_id`, `user_id`) VALUES (726, "professor001");
-- INSERT INTO `reservation_user` (`reservation_id`, `user_id`) VALUES (726, "student003");
-- INSERT INTO `reservation_user` (`reservation_id`, `user_id`) VALUES (726, "professor002");
-- INSERT INTO `reservation_user` (`reservation_id`, `user_id`) VALUES (726, "student004");
-- INSERT INTO `reservation_user` (`reservation_id`, `user_id`) VALUES (726, "student002");
-- INSERT INTO `reservation_facility` (`reservation_id`, `facility_id`) VALUES (726, 1);

-- INSERT INTO `reservation` (`id`, `creator_id`, `start_at`, `end_at`, `plan_id`, `plan_memo`) VALUES (727, "professor003", "2022-01-29 08:00:00", "2022-01-29 10:00:00", 1, "");
-- INSERT INTO `reservation_user` (`reservation_id`, `user_id`) VALUES (727, "professor003");
-- INSERT INTO `reservation_user` (`reservation_id`, `user_id`) VALUES (727, "student004");
-- INSERT INTO `reservation_user` (`reservation_id`, `user_id`) VALUES (727, "student002");
-- INSERT INTO `reservation_user` (`reservation_id`, `user_id`) VALUES (727, "student003");
-- INSERT INTO `reservation_user` (`reservation_id`, `user_id`) VALUES (727, "professor002");
-- INSERT INTO `reservation_user` (`reservation_id`, `user_id`) VALUES (727, "professor004");
-- INSERT INTO `reservation_facility` (`reservation_id`, `facility_id`) VALUES (727, 4);

-- INSERT INTO `reservation` (`id`, `creator_id`, `start_at`, `end_at`, `plan_id`, `plan_memo`) VALUES (728, "student002", "2022-01-30 07:00:00", "2022-01-30 08:00:00", 1, "");
-- INSERT INTO `reservation_user` (`reservation_id`, `user_id`) VALUES (728, "student002");
-- INSERT INTO `reservation_user` (`reservation_id`, `user_id`) VALUES (728, "student003");
-- INSERT INTO `reservation_user` (`reservation_id`, `user_id`) VALUES (728, "professor001");
-- INSERT INTO `reservation_user` (`reservation_id`, `user_id`) VALUES (728, "professor002");
-- INSERT INTO `reservation_user` (`reservation_id`, `user_id`) VALUES (728, "professor003");
-- INSERT INTO `reservation_user` (`reservation_id`, `user_id`) VALUES (728, "professor004");
-- INSERT INTO `reservation_facility` (`reservation_id`, `facility_id`) VALUES (728, 4);

-- INSERT INTO `reservation` (`id`, `creator_id`, `start_at`, `end_at`, `plan_id`, `plan_memo`) VALUES (729, "professor003", "2022-01-31 09:45:00", "2022-01-31 12:45:00", 1, "");
-- INSERT INTO `reservation_user` (`reservation_id`, `user_id`) VALUES (729, "professor003");
-- INSERT INTO `reservation_user` (`reservation_id`, `user_id`) VALUES (729, "student001");
-- INSERT INTO `reservation_user` (`reservation_id`, `user_id`) VALUES (729, "professor004");
-- INSERT INTO `reservation_facility` (`reservation_id`, `facility_id`) VALUES (729, 2);

-- INSERT INTO `reservation` (`id`, `creator_id`, `start_at`, `end_at`, `plan_id`, `plan_memo`) VALUES (730, "professor003", "2022-01-31 20:00:00", "2022-01-31 23:00:00", 1, "");
-- INSERT INTO `reservation_user` (`reservation_id`, `user_id`) VALUES (730, "professor003");
-- INSERT INTO `reservation_user` (`reservation_id`, `user_id`) VALUES (730, "student002");
-- INSERT INTO `reservation_user` (`reservation_id`, `user_id`) VALUES (730, "professor001");
-- INSERT INTO `reservation_user` (`reservation_id`, `user_id`) VALUES (730, "student001");
-- INSERT INTO `reservation_user` (`reservation_id`, `user_id`) VALUES (730, "student004");
-- INSERT INTO `reservation_user` (`reservation_id`, `user_id`) VALUES (730, "professor002");
-- INSERT INTO `reservation_facility` (`reservation_id`, `facility_id`) VALUES (730, 2);

-- INSERT INTO `reservation` (`id`, `creator_id`, `start_at`, `end_at`, `plan_id`, `plan_memo`) VALUES (731, "professor002", "2022-02-03 07:45:00", "2022-02-03 10:45:00", 1, "");
-- INSERT INTO `reservation_user` (`reservation_id`, `user_id`) VALUES (731, "professor002");
-- INSERT INTO `reservation_facility` (`reservation_id`, `facility_id`) VALUES (731, 3);

-- INSERT INTO `reservation` (`id`, `creator_id`, `start_at`, `end_at`, `plan_id`, `plan_memo`) VALUES (732, "professor003", "2022-02-03 10:45:00", "2022-02-03 15:45:00", 1, "");
-- INSERT INTO `reservation_user` (`reservation_id`, `user_id`) VALUES (732, "professor003");
-- INSERT INTO `reservation_user` (`reservation_id`, `user_id`) VALUES (732, "student003");
-- INSERT INTO `reservation_user` (`reservation_id`, `user_id`) VALUES (732, "student004");
-- INSERT INTO `reservation_user` (`reservation_id`, `user_id`) VALUES (732, "professor004");
-- INSERT INTO `reservation_user` (`reservation_id`, `user_id`) VALUES (732, "professor001");
-- INSERT INTO `reservation_facility` (`reservation_id`, `facility_id`) VALUES (732, 3);

-- INSERT INTO `reservation` (`id`, `creator_id`, `start_at`, `end_at`, `plan_id`, `plan_memo`) VALUES (733, "student003", "2022-02-04 07:00:00", "2022-02-04 11:00:00", 1, "");
-- INSERT INTO `reservation_user` (`reservation_id`, `user_id`) VALUES (733, "student003");
-- INSERT INTO `reservation_user` (`reservation_id`, `user_id`) VALUES (733, "professor004");
-- INSERT INTO `reservation_user` (`reservation_id`, `user_id`) VALUES (733, "student002");
-- INSERT INTO `reservation_facility` (`reservation_id`, `facility_id`) VALUES (733, 3);

-- INSERT INTO `reservation` (`id`, `creator_id`, `start_at`, `end_at`, `plan_id`, `plan_memo`) VALUES (734, "professor002", "2022-02-05 16:45:00", "2022-02-05 17:45:00", 1, "");
-- INSERT INTO `reservation_user` (`reservation_id`, `user_id`) VALUES (734, "professor002");
-- INSERT INTO `reservation_user` (`reservation_id`, `user_id`) VALUES (734, "professor004");
-- INSERT INTO `reservation_user` (`reservation_id`, `user_id`) VALUES (734, "student004");
-- INSERT INTO `reservation_user` (`reservation_id`, `user_id`) VALUES (734, "professor001");
-- INSERT INTO `reservation_user` (`reservation_id`, `user_id`) VALUES (734, "professor003");
-- INSERT INTO `reservation_user` (`reservation_id`, `user_id`) VALUES (734, "student001");
-- INSERT INTO `reservation_facility` (`reservation_id`, `facility_id`) VALUES (734, 2);

-- INSERT INTO `reservation` (`id`, `creator_id`, `start_at`, `end_at`, `plan_id`, `plan_memo`) VALUES (735, "student001", "2022-02-06 10:45:00", "2022-02-06 12:45:00", 2, "");
-- INSERT INTO `reservation_user` (`reservation_id`, `user_id`) VALUES (735, "student001");
-- INSERT INTO `reservation_facility` (`reservation_id`, `facility_id`) VALUES (735, 2);

-- INSERT INTO `reservation` (`id`, `creator_id`, `start_at`, `end_at`, `plan_id`, `plan_memo`) VALUES (736, "student002", "2022-02-06 17:45:00", "2022-02-06 22:45:00", 2, "");
-- INSERT INTO `reservation_user` (`reservation_id`, `user_id`) VALUES (736, "student002");
-- INSERT INTO `reservation_user` (`reservation_id`, `user_id`) VALUES (736, "professor002");
-- INSERT INTO `reservation_user` (`reservation_id`, `user_id`) VALUES (736, "student004");
-- INSERT INTO `reservation_facility` (`reservation_id`, `facility_id`) VALUES (736, 1);

-- INSERT INTO `reservation` (`id`, `creator_id`, `start_at`, `end_at`, `plan_id`, `plan_memo`) VALUES (737, "student004", "2022-02-09 12:45:00", "2022-02-09 16:45:00", 1, "");
-- INSERT INTO `reservation_user` (`reservation_id`, `user_id`) VALUES (737, "student004");
-- INSERT INTO `reservation_user` (`reservation_id`, `user_id`) VALUES (737, "professor001");
-- INSERT INTO `reservation_user` (`reservation_id`, `user_id`) VALUES (737, "professor003");
-- INSERT INTO `reservation_user` (`reservation_id`, `user_id`) VALUES (737, "student001");
-- INSERT INTO `reservation_facility` (`reservation_id`, `facility_id`) VALUES (737, 4);

-- INSERT INTO `reservation` (`id`, `creator_id`, `start_at`, `end_at`, `plan_id`, `plan_memo`) VALUES (738, "student004", "2022-02-11 08:45:00", "2022-02-11 10:45:00", 2, "");
-- INSERT INTO `reservation_user` (`reservation_id`, `user_id`) VALUES (738, "student004");
-- INSERT INTO `reservation_user` (`reservation_id`, `user_id`) VALUES (738, "professor002");
-- INSERT INTO `reservation_facility` (`reservation_id`, `facility_id`) VALUES (738, 4);

-- INSERT INTO `reservation` (`id`, `creator_id`, `start_at`, `end_at`, `plan_id`, `plan_memo`) VALUES (739, "student001", "2022-02-12 16:45:00", "2022-02-12 17:45:00", 1, "");
-- INSERT INTO `reservation_user` (`reservation_id`, `user_id`) VALUES (739, "student001");
-- INSERT INTO `reservation_user` (`reservation_id`, `user_id`) VALUES (739, "professor003");
-- INSERT INTO `reservation_user` (`reservation_id`, `user_id`) VALUES (739, "professor004");
-- INSERT INTO `reservation_user` (`reservation_id`, `user_id`) VALUES (739, "student004");
-- INSERT INTO `reservation_facility` (`reservation_id`, `facility_id`) VALUES (739, 4);

-- INSERT INTO `reservation` (`id`, `creator_id`, `start_at`, `end_at`, `plan_id`, `plan_memo`) VALUES (740, "professor004", "2022-02-13 08:00:00", "2022-02-13 13:00:00", 1, "");
-- INSERT INTO `reservation_user` (`reservation_id`, `user_id`) VALUES (740, "professor004");
-- INSERT INTO `reservation_user` (`reservation_id`, `user_id`) VALUES (740, "student004");
-- INSERT INTO `reservation_facility` (`reservation_id`, `facility_id`) VALUES (740, 4);

-- INSERT INTO `reservation` (`id`, `creator_id`, `start_at`, `end_at`, `plan_id`, `plan_memo`) VALUES (741, "professor003", "2022-02-14 11:15:00", "2022-02-14 13:15:00", 1, "");
-- INSERT INTO `reservation_user` (`reservation_id`, `user_id`) VALUES (741, "professor003");
-- INSERT INTO `reservation_user` (`reservation_id`, `user_id`) VALUES (741, "student001");
-- INSERT INTO `reservation_user` (`reservation_id`, `user_id`) VALUES (741, "professor002");
-- INSERT INTO `reservation_user` (`reservation_id`, `user_id`) VALUES (741, "student003");
-- INSERT INTO `reservation_user` (`reservation_id`, `user_id`) VALUES (741, "professor001");
-- INSERT INTO `reservation_user` (`reservation_id`, `user_id`) VALUES (741, "professor004");
-- INSERT INTO `reservation_facility` (`reservation_id`, `facility_id`) VALUES (741, 3);

-- INSERT INTO `reservation` (`id`, `creator_id`, `start_at`, `end_at`, `plan_id`, `plan_memo`) VALUES (742, "student004", "2022-02-14 15:00:00", "2022-02-14 21:00:00", 1, "");
-- INSERT INTO `reservation_user` (`reservation_id`, `user_id`) VALUES (742, "student004");
-- INSERT INTO `reservation_user` (`reservation_id`, `user_id`) VALUES (742, "student001");
-- INSERT INTO `reservation_user` (`reservation_id`, `user_id`) VALUES (742, "professor002");
-- INSERT INTO `reservation_user` (`reservation_id`, `user_id`) VALUES (742, "student002");
-- INSERT INTO `reservation_facility` (`reservation_id`, `facility_id`) VALUES (742, 2);

-- INSERT INTO `reservation` (`id`, `creator_id`, `start_at`, `end_at`, `plan_id`, `plan_memo`) VALUES (743, "student004", "2022-02-15 17:15:00", "2022-02-15 20:15:00", 1, "");
-- INSERT INTO `reservation_user` (`reservation_id`, `user_id`) VALUES (743, "student004");
-- INSERT INTO `reservation_user` (`reservation_id`, `user_id`) VALUES (743, "professor003");
-- INSERT INTO `reservation_user` (`reservation_id`, `user_id`) VALUES (743, "professor001");
-- INSERT INTO `reservation_user` (`reservation_id`, `user_id`) VALUES (743, "student002");
-- INSERT INTO `reservation_user` (`reservation_id`, `user_id`) VALUES (743, "professor002");
-- INSERT INTO `reservation_facility` (`reservation_id`, `facility_id`) VALUES (743, 3);

-- INSERT INTO `reservation` (`id`, `creator_id`, `start_at`, `end_at`, `plan_id`, `plan_memo`) VALUES (744, "professor002", "2022-02-16 07:15:00", "2022-02-16 12:15:00", 1, "");
-- INSERT INTO `reservation_user` (`reservation_id`, `user_id`) VALUES (744, "professor002");
-- INSERT INTO `reservation_user` (`reservation_id`, `user_id`) VALUES (744, "student002");
-- INSERT INTO `reservation_user` (`reservation_id`, `user_id`) VALUES (744, "professor001");
-- INSERT INTO `reservation_user` (`reservation_id`, `user_id`) VALUES (744, "student003");
-- INSERT INTO `reservation_facility` (`reservation_id`, `facility_id`) VALUES (744, 3);

-- INSERT INTO `reservation` (`id`, `creator_id`, `start_at`, `end_at`, `plan_id`, `plan_memo`) VALUES (745, "professor001", "2022-02-16 20:45:00", "2022-02-16 23:45:00", 2, "");
-- INSERT INTO `reservation_user` (`reservation_id`, `user_id`) VALUES (745, "professor001");
-- INSERT INTO `reservation_facility` (`reservation_id`, `facility_id`) VALUES (745, 1);

-- INSERT INTO `reservation` (`id`, `creator_id`, `start_at`, `end_at`, `plan_id`, `plan_memo`) VALUES (746, "professor002", "2022-02-17 09:15:00", "2022-02-17 11:15:00", 2, "");
-- INSERT INTO `reservation_user` (`reservation_id`, `user_id`) VALUES (746, "professor002");
-- INSERT INTO `reservation_user` (`reservation_id`, `user_id`) VALUES (746, "professor004");
-- INSERT INTO `reservation_user` (`reservation_id`, `user_id`) VALUES (746, "student003");
-- INSERT INTO `reservation_user` (`reservation_id`, `user_id`) VALUES (746, "student004");
-- INSERT INTO `reservation_facility` (`reservation_id`, `facility_id`) VALUES (746, 2);

-- INSERT INTO `reservation` (`id`, `creator_id`, `start_at`, `end_at`, `plan_id`, `plan_memo`) VALUES (747, "professor003", "2022-02-17 17:45:00", "2022-02-17 21:45:00", 2, "");
-- INSERT INTO `reservation_user` (`reservation_id`, `user_id`) VALUES (747, "professor003");
-- INSERT INTO `reservation_user` (`reservation_id`, `user_id`) VALUES (747, "student004");
-- INSERT INTO `reservation_facility` (`reservation_id`, `facility_id`) VALUES (747, 3);

-- INSERT INTO `reservation` (`id`, `creator_id`, `start_at`, `end_at`, `plan_id`, `plan_memo`) VALUES (748, "professor002", "2022-02-18 09:30:00", "2022-02-18 10:30:00", 1, "");
-- INSERT INTO `reservation_user` (`reservation_id`, `user_id`) VALUES (748, "professor002");
-- INSERT INTO `reservation_facility` (`reservation_id`, `facility_id`) VALUES (748, 3);

-- INSERT INTO `reservation` (`id`, `creator_id`, `start_at`, `end_at`, `plan_id`, `plan_memo`) VALUES (749, "student001", "2022-02-20 16:30:00", "2022-02-20 19:30:00", 2, "");
-- INSERT INTO `reservation_user` (`reservation_id`, `user_id`) VALUES (749, "student001");
-- INSERT INTO `reservation_user` (`reservation_id`, `user_id`) VALUES (749, "professor004");
-- INSERT INTO `reservation_user` (`reservation_id`, `user_id`) VALUES (749, "student002");
-- INSERT INTO `reservation_facility` (`reservation_id`, `facility_id`) VALUES (749, 3);

-- INSERT INTO `reservation` (`id`, `creator_id`, `start_at`, `end_at`, `plan_id`, `plan_memo`) VALUES (750, "professor004", "2022-02-22 10:00:00", "2022-02-22 11:00:00", 1, "");
-- INSERT INTO `reservation_user` (`reservation_id`, `user_id`) VALUES (750, "professor004");
-- INSERT INTO `reservation_user` (`reservation_id`, `user_id`) VALUES (750, "professor002");
-- INSERT INTO `reservation_user` (`reservation_id`, `user_id`) VALUES (750, "professor001");
-- INSERT INTO `reservation_user` (`reservation_id`, `user_id`) VALUES (750, "professor003");
-- INSERT INTO `reservation_user` (`reservation_id`, `user_id`) VALUES (750, "student003");
-- INSERT INTO `reservation_user` (`reservation_id`, `user_id`) VALUES (750, "student004");
-- INSERT INTO `reservation_facility` (`reservation_id`, `facility_id`) VALUES (750, 3);

-- INSERT INTO `reservation` (`id`, `creator_id`, `start_at`, `end_at`, `plan_id`, `plan_memo`) VALUES (751, "student003", "2022-02-22 12:00:00", "2022-02-22 14:00:00", 1, "");
-- INSERT INTO `reservation_user` (`reservation_id`, `user_id`) VALUES (751, "student003");
-- INSERT INTO `reservation_user` (`reservation_id`, `user_id`) VALUES (751, "student002");
-- INSERT INTO `reservation_user` (`reservation_id`, `user_id`) VALUES (751, "professor003");
-- INSERT INTO `reservation_user` (`reservation_id`, `user_id`) VALUES (751, "professor001");
-- INSERT INTO `reservation_facility` (`reservation_id`, `facility_id`) VALUES (751, 1);

-- INSERT INTO `reservation` (`id`, `creator_id`, `start_at`, `end_at`, `plan_id`, `plan_memo`) VALUES (752, "professor004", "2022-02-23 12:30:00", "2022-02-23 15:30:00", 2, "");
-- INSERT INTO `reservation_user` (`reservation_id`, `user_id`) VALUES (752, "professor004");
-- INSERT INTO `reservation_user` (`reservation_id`, `user_id`) VALUES (752, "professor002");
-- INSERT INTO `reservation_facility` (`reservation_id`, `facility_id`) VALUES (752, 1);

-- INSERT INTO `reservation` (`id`, `creator_id`, `start_at`, `end_at`, `plan_id`, `plan_memo`) VALUES (753, "student003", "2022-02-24 08:30:00", "2022-02-24 09:30:00", 2, "");
-- INSERT INTO `reservation_user` (`reservation_id`, `user_id`) VALUES (753, "student003");
-- INSERT INTO `reservation_user` (`reservation_id`, `user_id`) VALUES (753, "professor002");
-- INSERT INTO `reservation_user` (`reservation_id`, `user_id`) VALUES (753, "professor004");
-- INSERT INTO `reservation_user` (`reservation_id`, `user_id`) VALUES (753, "student001");
-- INSERT INTO `reservation_user` (`reservation_id`, `user_id`) VALUES (753, "professor003");
-- INSERT INTO `reservation_user` (`reservation_id`, `user_id`) VALUES (753, "professor001");
-- INSERT INTO `reservation_facility` (`reservation_id`, `facility_id`) VALUES (753, 1);

-- INSERT INTO `reservation` (`id`, `creator_id`, `start_at`, `end_at`, `plan_id`, `plan_memo`) VALUES (754, "professor003", "2022-02-24 19:30:00", "2022-02-24 20:30:00", 1, "");
-- INSERT INTO `reservation_user` (`reservation_id`, `user_id`) VALUES (754, "professor003");
-- INSERT INTO `reservation_user` (`reservation_id`, `user_id`) VALUES (754, "professor001");
-- INSERT INTO `reservation_user` (`reservation_id`, `user_id`) VALUES (754, "professor002");
-- INSERT INTO `reservation_user` (`reservation_id`, `user_id`) VALUES (754, "student002");
-- INSERT INTO `reservation_user` (`reservation_id`, `user_id`) VALUES (754, "professor004");
-- INSERT INTO `reservation_facility` (`reservation_id`, `facility_id`) VALUES (754, 3);

-- INSERT INTO `reservation` (`id`, `creator_id`, `start_at`, `end_at`, `plan_id`, `plan_memo`) VALUES (755, "professor003", "2022-02-25 15:30:00", "2022-02-25 21:30:00", 2, "");
-- INSERT INTO `reservation_user` (`reservation_id`, `user_id`) VALUES (755, "professor003");
-- INSERT INTO `reservation_user` (`reservation_id`, `user_id`) VALUES (755, "professor001");
-- INSERT INTO `reservation_user` (`reservation_id`, `user_id`) VALUES (755, "student001");
-- INSERT INTO `reservation_user` (`reservation_id`, `user_id`) VALUES (755, "student003");
-- INSERT INTO `reservation_facility` (`reservation_id`, `facility_id`) VALUES (755, 4);

-- INSERT INTO `reservation` (`id`, `creator_id`, `start_at`, `end_at`, `plan_id`, `plan_memo`) VALUES (756, "professor004", "2022-02-26 10:00:00", "2022-02-26 12:00:00", 1, "");
-- INSERT INTO `reservation_user` (`reservation_id`, `user_id`) VALUES (756, "professor004");
-- INSERT INTO `reservation_user` (`reservation_id`, `user_id`) VALUES (756, "student002");
-- INSERT INTO `reservation_user` (`reservation_id`, `user_id`) VALUES (756, "student003");
-- INSERT INTO `reservation_user` (`reservation_id`, `user_id`) VALUES (756, "student004");
-- INSERT INTO `reservation_user` (`reservation_id`, `user_id`) VALUES (756, "professor002");
-- INSERT INTO `reservation_facility` (`reservation_id`, `facility_id`) VALUES (756, 3);

-- INSERT INTO `reservation` (`id`, `creator_id`, `start_at`, `end_at`, `plan_id`, `plan_memo`) VALUES (757, "student001", "2022-02-28 07:30:00", "2022-02-28 13:30:00", 2, "");
-- INSERT INTO `reservation_user` (`reservation_id`, `user_id`) VALUES (757, "student001");
-- INSERT INTO `reservation_facility` (`reservation_id`, `facility_id`) VALUES (757, 3);

-- INSERT INTO `reservation` (`id`, `creator_id`, `start_at`, `end_at`, `plan_id`, `plan_memo`) VALUES (758, "professor004", "2022-02-28 14:30:00", "2022-02-28 16:30:00", 1, "");
-- INSERT INTO `reservation_user` (`reservation_id`, `user_id`) VALUES (758, "professor004");
-- INSERT INTO `reservation_user` (`reservation_id`, `user_id`) VALUES (758, "professor003");
-- INSERT INTO `reservation_facility` (`reservation_id`, `facility_id`) VALUES (758, 2);

-- INSERT INTO `reservation` (`id`, `creator_id`, `start_at`, `end_at`, `plan_id`, `plan_memo`) VALUES (759, "student002", "2022-03-01 15:45:00", "2022-03-01 20:45:00", 2, "");
-- INSERT INTO `reservation_user` (`reservation_id`, `user_id`) VALUES (759, "student002");
-- INSERT INTO `reservation_user` (`reservation_id`, `user_id`) VALUES (759, "student003");
-- INSERT INTO `reservation_user` (`reservation_id`, `user_id`) VALUES (759, "professor002");
-- INSERT INTO `reservation_user` (`reservation_id`, `user_id`) VALUES (759, "professor004");
-- INSERT INTO `reservation_user` (`reservation_id`, `user_id`) VALUES (759, "student004");
-- INSERT INTO `reservation_user` (`reservation_id`, `user_id`) VALUES (759, "student001");
-- INSERT INTO `reservation_facility` (`reservation_id`, `facility_id`) VALUES (759, 3);

-- INSERT INTO `reservation` (`id`, `creator_id`, `start_at`, `end_at`, `plan_id`, `plan_memo`) VALUES (760, "student004", "2022-03-02 09:30:00", "2022-03-02 14:30:00", 2, "");
-- INSERT INTO `reservation_user` (`reservation_id`, `user_id`) VALUES (760, "student004");
-- INSERT INTO `reservation_facility` (`reservation_id`, `facility_id`) VALUES (760, 1);

-- INSERT INTO `reservation` (`id`, `creator_id`, `start_at`, `end_at`, `plan_id`, `plan_memo`) VALUES (761, "professor002", "2022-03-03 12:30:00", "2022-03-03 16:30:00", 2, "");
-- INSERT INTO `reservation_user` (`reservation_id`, `user_id`) VALUES (761, "professor002");
-- INSERT INTO `reservation_user` (`reservation_id`, `user_id`) VALUES (761, "professor003");
-- INSERT INTO `reservation_user` (`reservation_id`, `user_id`) VALUES (761, "student001");
-- INSERT INTO `reservation_user` (`reservation_id`, `user_id`) VALUES (761, "student002");
-- INSERT INTO `reservation_facility` (`reservation_id`, `facility_id`) VALUES (761, 1);

-- INSERT INTO `reservation` (`id`, `creator_id`, `start_at`, `end_at`, `plan_id`, `plan_memo`) VALUES (762, "student003", "2022-03-05 11:45:00", "2022-03-05 14:45:00", 1, "");
-- INSERT INTO `reservation_user` (`reservation_id`, `user_id`) VALUES (762, "student003");
-- INSERT INTO `reservation_user` (`reservation_id`, `user_id`) VALUES (762, "student004");
-- INSERT INTO `reservation_user` (`reservation_id`, `user_id`) VALUES (762, "student002");
-- INSERT INTO `reservation_user` (`reservation_id`, `user_id`) VALUES (762, "professor002");
-- INSERT INTO `reservation_user` (`reservation_id`, `user_id`) VALUES (762, "professor003");
-- INSERT INTO `reservation_user` (`reservation_id`, `user_id`) VALUES (762, "professor001");
-- INSERT INTO `reservation_facility` (`reservation_id`, `facility_id`) VALUES (762, 2);

-- INSERT INTO `reservation` (`id`, `creator_id`, `start_at`, `end_at`, `plan_id`, `plan_memo`) VALUES (763, "professor002", "2022-03-06 12:30:00", "2022-03-06 13:30:00", 2, "");
-- INSERT INTO `reservation_user` (`reservation_id`, `user_id`) VALUES (763, "professor002");
-- INSERT INTO `reservation_user` (`reservation_id`, `user_id`) VALUES (763, "student004");
-- INSERT INTO `reservation_facility` (`reservation_id`, `facility_id`) VALUES (763, 1);

-- INSERT INTO `reservation` (`id`, `creator_id`, `start_at`, `end_at`, `plan_id`, `plan_memo`) VALUES (764, "professor001", "2022-03-06 13:45:00", "2022-03-06 16:45:00", 1, "");
-- INSERT INTO `reservation_user` (`reservation_id`, `user_id`) VALUES (764, "professor001");
-- INSERT INTO `reservation_user` (`reservation_id`, `user_id`) VALUES (764, "student004");
-- INSERT INTO `reservation_user` (`reservation_id`, `user_id`) VALUES (764, "student002");
-- INSERT INTO `reservation_user` (`reservation_id`, `user_id`) VALUES (764, "professor002");
-- INSERT INTO `reservation_user` (`reservation_id`, `user_id`) VALUES (764, "student003");
-- INSERT INTO `reservation_user` (`reservation_id`, `user_id`) VALUES (764, "professor004");
-- INSERT INTO `reservation_facility` (`reservation_id`, `facility_id`) VALUES (764, 1);

-- INSERT INTO `reservation` (`id`, `creator_id`, `start_at`, `end_at`, `plan_id`, `plan_memo`) VALUES (765, "student002", "2022-03-07 15:45:00", "2022-03-07 19:45:00", 2, "");
-- INSERT INTO `reservation_user` (`reservation_id`, `user_id`) VALUES (765, "student002");
-- INSERT INTO `reservation_user` (`reservation_id`, `user_id`) VALUES (765, "professor003");
-- INSERT INTO `reservation_facility` (`reservation_id`, `facility_id`) VALUES (765, 1);

-- INSERT INTO `reservation` (`id`, `creator_id`, `start_at`, `end_at`, `plan_id`, `plan_memo`) VALUES (766, "student003", "2022-03-08 07:15:00", "2022-03-08 12:15:00", 1, "");
-- INSERT INTO `reservation_user` (`reservation_id`, `user_id`) VALUES (766, "student003");
-- INSERT INTO `reservation_user` (`reservation_id`, `user_id`) VALUES (766, "student001");
-- INSERT INTO `reservation_facility` (`reservation_id`, `facility_id`) VALUES (766, 2);

-- INSERT INTO `reservation` (`id`, `creator_id`, `start_at`, `end_at`, `plan_id`, `plan_memo`) VALUES (767, "professor003", "2022-03-08 12:30:00", "2022-03-08 16:30:00", 2, "");
-- INSERT INTO `reservation_user` (`reservation_id`, `user_id`) VALUES (767, "professor003");
-- INSERT INTO `reservation_facility` (`reservation_id`, `facility_id`) VALUES (767, 3);

-- INSERT INTO `reservation` (`id`, `creator_id`, `start_at`, `end_at`, `plan_id`, `plan_memo`) VALUES (768, "student003", "2022-03-09 14:30:00", "2022-03-09 19:30:00", 2, "");
-- INSERT INTO `reservation_user` (`reservation_id`, `user_id`) VALUES (768, "student003");
-- INSERT INTO `reservation_user` (`reservation_id`, `user_id`) VALUES (768, "student004");
-- INSERT INTO `reservation_user` (`reservation_id`, `user_id`) VALUES (768, "professor004");
-- INSERT INTO `reservation_user` (`reservation_id`, `user_id`) VALUES (768, "student002");
-- INSERT INTO `reservation_facility` (`reservation_id`, `facility_id`) VALUES (768, 4);

-- INSERT INTO `reservation` (`id`, `creator_id`, `start_at`, `end_at`, `plan_id`, `plan_memo`) VALUES (769, "professor002", "2022-03-10 17:45:00", "2022-03-10 21:45:00", 1, "");
-- INSERT INTO `reservation_user` (`reservation_id`, `user_id`) VALUES (769, "professor002");
-- INSERT INTO `reservation_user` (`reservation_id`, `user_id`) VALUES (769, "student004");
-- INSERT INTO `reservation_user` (`reservation_id`, `user_id`) VALUES (769, "professor003");
-- INSERT INTO `reservation_user` (`reservation_id`, `user_id`) VALUES (769, "student001");
-- INSERT INTO `reservation_user` (`reservation_id`, `user_id`) VALUES (769, "student003");
-- INSERT INTO `reservation_user` (`reservation_id`, `user_id`) VALUES (769, "professor004");
-- INSERT INTO `reservation_facility` (`reservation_id`, `facility_id`) VALUES (769, 1);

-- INSERT INTO `reservation` (`id`, `creator_id`, `start_at`, `end_at`, `plan_id`, `plan_memo`) VALUES (770, "professor004", "2022-03-11 21:45:00", "2022-03-11 23:45:00", 1, "");
-- INSERT INTO `reservation_user` (`reservation_id`, `user_id`) VALUES (770, "professor004");
-- INSERT INTO `reservation_facility` (`reservation_id`, `facility_id`) VALUES (770, 3);

-- INSERT INTO `reservation` (`id`, `creator_id`, `start_at`, `end_at`, `plan_id`, `plan_memo`) VALUES (771, "professor002", "2022-03-12 13:15:00", "2022-03-12 17:15:00", 1, "");
-- INSERT INTO `reservation_user` (`reservation_id`, `user_id`) VALUES (771, "professor002");
-- INSERT INTO `reservation_user` (`reservation_id`, `user_id`) VALUES (771, "student001");
-- INSERT INTO `reservation_user` (`reservation_id`, `user_id`) VALUES (771, "professor001");
-- INSERT INTO `reservation_user` (`reservation_id`, `user_id`) VALUES (771, "professor004");
-- INSERT INTO `reservation_user` (`reservation_id`, `user_id`) VALUES (771, "professor003");
-- INSERT INTO `reservation_user` (`reservation_id`, `user_id`) VALUES (771, "student003");
-- INSERT INTO `reservation_facility` (`reservation_id`, `facility_id`) VALUES (771, 3);

-- INSERT INTO `reservation` (`id`, `creator_id`, `start_at`, `end_at`, `plan_id`, `plan_memo`) VALUES (772, "student002", "2022-03-14 16:45:00", "2022-03-14 17:45:00", 1, "");
-- INSERT INTO `reservation_user` (`reservation_id`, `user_id`) VALUES (772, "student002");
-- INSERT INTO `reservation_user` (`reservation_id`, `user_id`) VALUES (772, "professor002");
-- INSERT INTO `reservation_user` (`reservation_id`, `user_id`) VALUES (772, "professor003");
-- INSERT INTO `reservation_facility` (`reservation_id`, `facility_id`) VALUES (772, 3);

-- INSERT INTO `reservation` (`id`, `creator_id`, `start_at`, `end_at`, `plan_id`, `plan_memo`) VALUES (773, "student002", "2022-03-14 18:15:00", "2022-03-14 21:15:00", 2, "");
-- INSERT INTO `reservation_user` (`reservation_id`, `user_id`) VALUES (773, "student002");
-- INSERT INTO `reservation_user` (`reservation_id`, `user_id`) VALUES (773, "professor003");
-- INSERT INTO `reservation_facility` (`reservation_id`, `facility_id`) VALUES (773, 1);

-- INSERT INTO `reservation` (`id`, `creator_id`, `start_at`, `end_at`, `plan_id`, `plan_memo`) VALUES (774, "professor003", "2022-03-15 07:00:00", "2022-03-15 11:00:00", 1, "");
-- INSERT INTO `reservation_user` (`reservation_id`, `user_id`) VALUES (774, "professor003");
-- INSERT INTO `reservation_user` (`reservation_id`, `user_id`) VALUES (774, "student001");
-- INSERT INTO `reservation_facility` (`reservation_id`, `facility_id`) VALUES (774, 4);

-- INSERT INTO `reservation` (`id`, `creator_id`, `start_at`, `end_at`, `plan_id`, `plan_memo`) VALUES (775, "student004", "2022-03-15 16:30:00", "2022-03-15 22:30:00", 2, "");
-- INSERT INTO `reservation_user` (`reservation_id`, `user_id`) VALUES (775, "student004");
-- INSERT INTO `reservation_facility` (`reservation_id`, `facility_id`) VALUES (775, 4);

-- INSERT INTO `reservation` (`id`, `creator_id`, `start_at`, `end_at`, `plan_id`, `plan_memo`) VALUES (776, "student002", "2022-03-16 19:15:00", "2022-03-16 20:15:00", 1, "");
-- INSERT INTO `reservation_user` (`reservation_id`, `user_id`) VALUES (776, "student002");
-- INSERT INTO `reservation_user` (`reservation_id`, `user_id`) VALUES (776, "professor002");
-- INSERT INTO `reservation_user` (`reservation_id`, `user_id`) VALUES (776, "professor004");
-- INSERT INTO `reservation_user` (`reservation_id`, `user_id`) VALUES (776, "student001");
-- INSERT INTO `reservation_user` (`reservation_id`, `user_id`) VALUES (776, "student003");
-- INSERT INTO `reservation_user` (`reservation_id`, `user_id`) VALUES (776, "student004");
-- INSERT INTO `reservation_facility` (`reservation_id`, `facility_id`) VALUES (776, 4);

-- INSERT INTO `reservation` (`id`, `creator_id`, `start_at`, `end_at`, `plan_id`, `plan_memo`) VALUES (777, "professor001", "2022-03-17 07:30:00", "2022-03-17 10:30:00", 1, "");
-- INSERT INTO `reservation_user` (`reservation_id`, `user_id`) VALUES (777, "professor001");
-- INSERT INTO `reservation_user` (`reservation_id`, `user_id`) VALUES (777, "student003");
-- INSERT INTO `reservation_user` (`reservation_id`, `user_id`) VALUES (777, "student002");
-- INSERT INTO `reservation_user` (`reservation_id`, `user_id`) VALUES (777, "student001");
-- INSERT INTO `reservation_user` (`reservation_id`, `user_id`) VALUES (777, "professor003");
-- INSERT INTO `reservation_user` (`reservation_id`, `user_id`) VALUES (777, "professor002");
-- INSERT INTO `reservation_facility` (`reservation_id`, `facility_id`) VALUES (777, 1);

-- INSERT INTO `reservation` (`id`, `creator_id`, `start_at`, `end_at`, `plan_id`, `plan_memo`) VALUES (778, "student003", "2022-03-17 15:30:00", "2022-03-17 21:30:00", 1, "");
-- INSERT INTO `reservation_user` (`reservation_id`, `user_id`) VALUES (778, "student003");
-- INSERT INTO `reservation_facility` (`reservation_id`, `facility_id`) VALUES (778, 4);

-- INSERT INTO `reservation` (`id`, `creator_id`, `start_at`, `end_at`, `plan_id`, `plan_memo`) VALUES (779, "professor001", "2022-03-18 18:00:00", "2022-03-18 20:00:00", 1, "");
-- INSERT INTO `reservation_user` (`reservation_id`, `user_id`) VALUES (779, "professor001");
-- INSERT INTO `reservation_facility` (`reservation_id`, `facility_id`) VALUES (779, 2);

-- INSERT INTO `reservation` (`id`, `creator_id`, `start_at`, `end_at`, `plan_id`, `plan_memo`) VALUES (780, "student002", "2022-03-19 08:15:00", "2022-03-19 13:15:00", 1, "");
-- INSERT INTO `reservation_user` (`reservation_id`, `user_id`) VALUES (780, "student002");
-- INSERT INTO `reservation_facility` (`reservation_id`, `facility_id`) VALUES (780, 3);

-- INSERT INTO `reservation` (`id`, `creator_id`, `start_at`, `end_at`, `plan_id`, `plan_memo`) VALUES (781, "student001", "2022-03-19 13:45:00", "2022-03-19 19:45:00", 1, "");
-- INSERT INTO `reservation_user` (`reservation_id`, `user_id`) VALUES (781, "student001");
-- INSERT INTO `reservation_user` (`reservation_id`, `user_id`) VALUES (781, "student003");
-- INSERT INTO `reservation_user` (`reservation_id`, `user_id`) VALUES (781, "professor004");
-- INSERT INTO `reservation_user` (`reservation_id`, `user_id`) VALUES (781, "professor001");
-- INSERT INTO `reservation_user` (`reservation_id`, `user_id`) VALUES (781, "professor002");
-- INSERT INTO `reservation_facility` (`reservation_id`, `facility_id`) VALUES (781, 1);

-- INSERT INTO `reservation` (`id`, `creator_id`, `start_at`, `end_at`, `plan_id`, `plan_memo`) VALUES (782, "student001", "2022-03-20 10:45:00", "2022-03-20 12:45:00", 2, "");
-- INSERT INTO `reservation_user` (`reservation_id`, `user_id`) VALUES (782, "student001");
-- INSERT INTO `reservation_user` (`reservation_id`, `user_id`) VALUES (782, "professor001");
-- INSERT INTO `reservation_user` (`reservation_id`, `user_id`) VALUES (782, "professor004");
-- INSERT INTO `reservation_user` (`reservation_id`, `user_id`) VALUES (782, "professor002");
-- INSERT INTO `reservation_facility` (`reservation_id`, `facility_id`) VALUES (782, 4);

-- INSERT INTO `reservation` (`id`, `creator_id`, `start_at`, `end_at`, `plan_id`, `plan_memo`) VALUES (783, "student002", "2022-03-20 18:00:00", "2022-03-20 21:00:00", 2, "");
-- INSERT INTO `reservation_user` (`reservation_id`, `user_id`) VALUES (783, "student002");
-- INSERT INTO `reservation_user` (`reservation_id`, `user_id`) VALUES (783, "professor002");
-- INSERT INTO `reservation_user` (`reservation_id`, `user_id`) VALUES (783, "student003");
-- INSERT INTO `reservation_user` (`reservation_id`, `user_id`) VALUES (783, "professor001");
-- INSERT INTO `reservation_user` (`reservation_id`, `user_id`) VALUES (783, "student001");
-- INSERT INTO `reservation_user` (`reservation_id`, `user_id`) VALUES (783, "professor004");
-- INSERT INTO `reservation_facility` (`reservation_id`, `facility_id`) VALUES (783, 1);

-- INSERT INTO `reservation` (`id`, `creator_id`, `start_at`, `end_at`, `plan_id`, `plan_memo`) VALUES (784, "professor003", "2022-03-21 20:00:00", "2022-03-21 23:00:00", 1, "");
-- INSERT INTO `reservation_user` (`reservation_id`, `user_id`) VALUES (784, "professor003");
-- INSERT INTO `reservation_user` (`reservation_id`, `user_id`) VALUES (784, "professor004");
-- INSERT INTO `reservation_facility` (`reservation_id`, `facility_id`) VALUES (784, 1);

-- INSERT INTO `reservation` (`id`, `creator_id`, `start_at`, `end_at`, `plan_id`, `plan_memo`) VALUES (785, "student004", "2022-03-22 09:15:00", "2022-03-22 12:15:00", 1, "");
-- INSERT INTO `reservation_user` (`reservation_id`, `user_id`) VALUES (785, "student004");
-- INSERT INTO `reservation_user` (`reservation_id`, `user_id`) VALUES (785, "professor004");
-- INSERT INTO `reservation_user` (`reservation_id`, `user_id`) VALUES (785, "professor001");
-- INSERT INTO `reservation_user` (`reservation_id`, `user_id`) VALUES (785, "student003");
-- INSERT INTO `reservation_user` (`reservation_id`, `user_id`) VALUES (785, "student001");
-- INSERT INTO `reservation_user` (`reservation_id`, `user_id`) VALUES (785, "professor003");
-- INSERT INTO `reservation_facility` (`reservation_id`, `facility_id`) VALUES (785, 4);

-- INSERT INTO `reservation` (`id`, `creator_id`, `start_at`, `end_at`, `plan_id`, `plan_memo`) VALUES (786, "professor002", "2022-03-22 13:45:00", "2022-03-22 16:45:00", 2, "");
-- INSERT INTO `reservation_user` (`reservation_id`, `user_id`) VALUES (786, "professor002");
-- INSERT INTO `reservation_facility` (`reservation_id`, `facility_id`) VALUES (786, 1);

-- INSERT INTO `reservation` (`id`, `creator_id`, `start_at`, `end_at`, `plan_id`, `plan_memo`) VALUES (787, "professor003", "2022-03-23 14:15:00", "2022-03-23 17:15:00", 1, "");
-- INSERT INTO `reservation_user` (`reservation_id`, `user_id`) VALUES (787, "professor003");
-- INSERT INTO `reservation_user` (`reservation_id`, `user_id`) VALUES (787, "professor002");
-- INSERT INTO `reservation_user` (`reservation_id`, `user_id`) VALUES (787, "student004");
-- INSERT INTO `reservation_facility` (`reservation_id`, `facility_id`) VALUES (787, 2);

-- INSERT INTO `reservation` (`id`, `creator_id`, `start_at`, `end_at`, `plan_id`, `plan_memo`) VALUES (788, "professor001", "2022-03-23 18:00:00", "2022-03-23 22:00:00", 2, "");
-- INSERT INTO `reservation_user` (`reservation_id`, `user_id`) VALUES (788, "professor001");
-- INSERT INTO `reservation_facility` (`reservation_id`, `facility_id`) VALUES (788, 2);

-- INSERT INTO `reservation` (`id`, `creator_id`, `start_at`, `end_at`, `plan_id`, `plan_memo`) VALUES (789, "student004", "2022-03-25 18:15:00", "2022-03-25 19:15:00", 2, "");
-- INSERT INTO `reservation_user` (`reservation_id`, `user_id`) VALUES (789, "student004");
-- INSERT INTO `reservation_facility` (`reservation_id`, `facility_id`) VALUES (789, 1);

-- INSERT INTO `reservation` (`id`, `creator_id`, `start_at`, `end_at`, `plan_id`, `plan_memo`) VALUES (790, "professor003", "2022-03-26 21:15:00", "2022-03-26 22:15:00", 1, "");
-- INSERT INTO `reservation_user` (`reservation_id`, `user_id`) VALUES (790, "professor003");
-- INSERT INTO `reservation_user` (`reservation_id`, `user_id`) VALUES (790, "student004");
-- INSERT INTO `reservation_user` (`reservation_id`, `user_id`) VALUES (790, "professor001");
-- INSERT INTO `reservation_facility` (`reservation_id`, `facility_id`) VALUES (790, 3);

-- INSERT INTO `reservation` (`id`, `creator_id`, `start_at`, `end_at`, `plan_id`, `plan_memo`) VALUES (791, "student004", "2022-03-27 12:45:00", "2022-03-27 18:45:00", 2, "");
-- INSERT INTO `reservation_user` (`reservation_id`, `user_id`) VALUES (791, "student004");
-- INSERT INTO `reservation_facility` (`reservation_id`, `facility_id`) VALUES (791, 2);

-- INSERT INTO `reservation` (`id`, `creator_id`, `start_at`, `end_at`, `plan_id`, `plan_memo`) VALUES (792, "student004", "2022-03-28 12:30:00", "2022-03-28 18:30:00", 1, "");
-- INSERT INTO `reservation_user` (`reservation_id`, `user_id`) VALUES (792, "student004");
-- INSERT INTO `reservation_user` (`reservation_id`, `user_id`) VALUES (792, "student001");
-- INSERT INTO `reservation_user` (`reservation_id`, `user_id`) VALUES (792, "professor004");
-- INSERT INTO `reservation_user` (`reservation_id`, `user_id`) VALUES (792, "professor001");
-- INSERT INTO `reservation_facility` (`reservation_id`, `facility_id`) VALUES (792, 2);

-- INSERT INTO `reservation` (`id`, `creator_id`, `start_at`, `end_at`, `plan_id`, `plan_memo`) VALUES (793, "student003", "2022-03-29 12:00:00", "2022-03-29 16:00:00", 2, "");
-- INSERT INTO `reservation_user` (`reservation_id`, `user_id`) VALUES (793, "student003");
-- INSERT INTO `reservation_user` (`reservation_id`, `user_id`) VALUES (793, "student001");
-- INSERT INTO `reservation_facility` (`reservation_id`, `facility_id`) VALUES (793, 3);

-- INSERT INTO `reservation` (`id`, `creator_id`, `start_at`, `end_at`, `plan_id`, `plan_memo`) VALUES (794, "professor001", "2022-03-29 16:15:00", "2022-03-29 22:15:00", 1, "");
-- INSERT INTO `reservation_user` (`reservation_id`, `user_id`) VALUES (794, "professor001");
-- INSERT INTO `reservation_facility` (`reservation_id`, `facility_id`) VALUES (794, 1);

-- INSERT INTO `reservation` (`id`, `creator_id`, `start_at`, `end_at`, `plan_id`, `plan_memo`) VALUES (795, "student002", "2022-03-30 16:30:00", "2022-03-30 20:30:00", 2, "");
-- INSERT INTO `reservation_user` (`reservation_id`, `user_id`) VALUES (795, "student002");
-- INSERT INTO `reservation_user` (`reservation_id`, `user_id`) VALUES (795, "professor003");
-- INSERT INTO `reservation_facility` (`reservation_id`, `facility_id`) VALUES (795, 1);

-- INSERT INTO `reservation` (`id`, `creator_id`, `start_at`, `end_at`, `plan_id`, `plan_memo`) VALUES (796, "student003", "2022-03-31 14:45:00", "2022-03-31 20:45:00", 1, "");
-- INSERT INTO `reservation_user` (`reservation_id`, `user_id`) VALUES (796, "student003");
-- INSERT INTO `reservation_facility` (`reservation_id`, `facility_id`) VALUES (796, 4);

-- INSERT INTO `reservation` (`id`, `creator_id`, `start_at`, `end_at`, `plan_id`, `plan_memo`) VALUES (797, "professor002", "2022-04-02 09:30:00", "2022-04-02 13:30:00", 2, "");
-- INSERT INTO `reservation_user` (`reservation_id`, `user_id`) VALUES (797, "professor002");
-- INSERT INTO `reservation_user` (`reservation_id`, `user_id`) VALUES (797, "student002");
-- INSERT INTO `reservation_user` (`reservation_id`, `user_id`) VALUES (797, "professor004");
-- INSERT INTO `reservation_user` (`reservation_id`, `user_id`) VALUES (797, "professor003");
-- INSERT INTO `reservation_facility` (`reservation_id`, `facility_id`) VALUES (797, 3);

-- INSERT INTO `reservation` (`id`, `creator_id`, `start_at`, `end_at`, `plan_id`, `plan_memo`) VALUES (798, "student002", "2022-04-05 08:15:00", "2022-04-05 10:15:00", 2, "");
-- INSERT INTO `reservation_user` (`reservation_id`, `user_id`) VALUES (798, "student002");
-- INSERT INTO `reservation_facility` (`reservation_id`, `facility_id`) VALUES (798, 3);

-- INSERT INTO `reservation` (`id`, `creator_id`, `start_at`, `end_at`, `plan_id`, `plan_memo`) VALUES (799, "professor004", "2022-04-05 16:45:00", "2022-04-05 18:45:00", 2, "");
-- INSERT INTO `reservation_user` (`reservation_id`, `user_id`) VALUES (799, "professor004");
-- INSERT INTO `reservation_user` (`reservation_id`, `user_id`) VALUES (799, "professor001");
-- INSERT INTO `reservation_user` (`reservation_id`, `user_id`) VALUES (799, "student002");
-- INSERT INTO `reservation_user` (`reservation_id`, `user_id`) VALUES (799, "professor003");
-- INSERT INTO `reservation_user` (`reservation_id`, `user_id`) VALUES (799, "student004");
-- INSERT INTO `reservation_user` (`reservation_id`, `user_id`) VALUES (799, "student003");
-- INSERT INTO `reservation_facility` (`reservation_id`, `facility_id`) VALUES (799, 3);

-- INSERT INTO `reservation` (`id`, `creator_id`, `start_at`, `end_at`, `plan_id`, `plan_memo`) VALUES (800, "student004", "2022-04-06 09:30:00", "2022-04-06 13:30:00", 2, "");
-- INSERT INTO `reservation_user` (`reservation_id`, `user_id`) VALUES (800, "student004");
-- INSERT INTO `reservation_facility` (`reservation_id`, `facility_id`) VALUES (800, 4);

-- INSERT INTO `reservation` (`id`, `creator_id`, `start_at`, `end_at`, `plan_id`, `plan_memo`) VALUES (801, "student003", "2022-04-07 07:15:00", "2022-04-07 11:15:00", 1, "");
-- INSERT INTO `reservation_user` (`reservation_id`, `user_id`) VALUES (801, "student003");
-- INSERT INTO `reservation_facility` (`reservation_id`, `facility_id`) VALUES (801, 1);

-- INSERT INTO `reservation` (`id`, `creator_id`, `start_at`, `end_at`, `plan_id`, `plan_memo`) VALUES (802, "professor004", "2022-04-09 16:00:00", "2022-04-09 22:00:00", 2, "");
-- INSERT INTO `reservation_user` (`reservation_id`, `user_id`) VALUES (802, "professor004");
-- INSERT INTO `reservation_facility` (`reservation_id`, `facility_id`) VALUES (802, 2);

-- INSERT INTO `reservation` (`id`, `creator_id`, `start_at`, `end_at`, `plan_id`, `plan_memo`) VALUES (803, "professor001", "2022-04-11 09:15:00", "2022-04-11 12:15:00", 2, "");
-- INSERT INTO `reservation_user` (`reservation_id`, `user_id`) VALUES (803, "professor001");
-- INSERT INTO `reservation_user` (`reservation_id`, `user_id`) VALUES (803, "student001");
-- INSERT INTO `reservation_facility` (`reservation_id`, `facility_id`) VALUES (803, 2);

-- INSERT INTO `reservation` (`id`, `creator_id`, `start_at`, `end_at`, `plan_id`, `plan_memo`) VALUES (804, "professor003", "2022-04-12 15:30:00", "2022-04-12 21:30:00", 2, "");
-- INSERT INTO `reservation_user` (`reservation_id`, `user_id`) VALUES (804, "professor003");
-- INSERT INTO `reservation_user` (`reservation_id`, `user_id`) VALUES (804, "professor004");
-- INSERT INTO `reservation_user` (`reservation_id`, `user_id`) VALUES (804, "student002");
-- INSERT INTO `reservation_user` (`reservation_id`, `user_id`) VALUES (804, "student003");
-- INSERT INTO `reservation_user` (`reservation_id`, `user_id`) VALUES (804, "professor002");
-- INSERT INTO `reservation_user` (`reservation_id`, `user_id`) VALUES (804, "student001");
-- INSERT INTO `reservation_facility` (`reservation_id`, `facility_id`) VALUES (804, 1);

-- INSERT INTO `reservation` (`id`, `creator_id`, `start_at`, `end_at`, `plan_id`, `plan_memo`) VALUES (805, "student004", "2022-04-13 17:15:00", "2022-04-13 22:15:00", 1, "");
-- INSERT INTO `reservation_user` (`reservation_id`, `user_id`) VALUES (805, "student004");
-- INSERT INTO `reservation_user` (`reservation_id`, `user_id`) VALUES (805, "student002");
-- INSERT INTO `reservation_user` (`reservation_id`, `user_id`) VALUES (805, "student001");
-- INSERT INTO `reservation_facility` (`reservation_id`, `facility_id`) VALUES (805, 3);

-- INSERT INTO `reservation` (`id`, `creator_id`, `start_at`, `end_at`, `plan_id`, `plan_memo`) VALUES (806, "student004", "2022-04-14 17:30:00", "2022-04-14 21:30:00", 2, "");
-- INSERT INTO `reservation_user` (`reservation_id`, `user_id`) VALUES (806, "student004");
-- INSERT INTO `reservation_user` (`reservation_id`, `user_id`) VALUES (806, "student002");
-- INSERT INTO `reservation_user` (`reservation_id`, `user_id`) VALUES (806, "professor002");
-- INSERT INTO `reservation_facility` (`reservation_id`, `facility_id`) VALUES (806, 2);

-- INSERT INTO `reservation` (`id`, `creator_id`, `start_at`, `end_at`, `plan_id`, `plan_memo`) VALUES (807, "student002", "2022-04-16 14:45:00", "2022-04-16 16:45:00", 1, "");
-- INSERT INTO `reservation_user` (`reservation_id`, `user_id`) VALUES (807, "student002");
-- INSERT INTO `reservation_user` (`reservation_id`, `user_id`) VALUES (807, "professor003");
-- INSERT INTO `reservation_user` (`reservation_id`, `user_id`) VALUES (807, "student001");
-- INSERT INTO `reservation_user` (`reservation_id`, `user_id`) VALUES (807, "student004");
-- INSERT INTO `reservation_user` (`reservation_id`, `user_id`) VALUES (807, "professor002");
-- INSERT INTO `reservation_facility` (`reservation_id`, `facility_id`) VALUES (807, 1);

-- INSERT INTO `reservation` (`id`, `creator_id`, `start_at`, `end_at`, `plan_id`, `plan_memo`) VALUES (808, "student002", "2022-04-17 10:15:00", "2022-04-17 12:15:00", 1, "");
-- INSERT INTO `reservation_user` (`reservation_id`, `user_id`) VALUES (808, "student002");
-- INSERT INTO `reservation_facility` (`reservation_id`, `facility_id`) VALUES (808, 2);

-- INSERT INTO `reservation` (`id`, `creator_id`, `start_at`, `end_at`, `plan_id`, `plan_memo`) VALUES (809, "student003", "2022-04-17 12:45:00", "2022-04-17 18:45:00", 1, "");
-- INSERT INTO `reservation_user` (`reservation_id`, `user_id`) VALUES (809, "student003");
-- INSERT INTO `reservation_user` (`reservation_id`, `user_id`) VALUES (809, "professor001");
-- INSERT INTO `reservation_user` (`reservation_id`, `user_id`) VALUES (809, "professor003");
-- INSERT INTO `reservation_user` (`reservation_id`, `user_id`) VALUES (809, "professor002");
-- INSERT INTO `reservation_facility` (`reservation_id`, `facility_id`) VALUES (809, 1);

-- INSERT INTO `reservation` (`id`, `creator_id`, `start_at`, `end_at`, `plan_id`, `plan_memo`) VALUES (810, "student002", "2022-04-17 21:30:00", "2022-04-17 22:30:00", 2, "");
-- INSERT INTO `reservation_user` (`reservation_id`, `user_id`) VALUES (810, "student002");
-- INSERT INTO `reservation_user` (`reservation_id`, `user_id`) VALUES (810, "professor002");
-- INSERT INTO `reservation_facility` (`reservation_id`, `facility_id`) VALUES (810, 4);

-- INSERT INTO `reservation` (`id`, `creator_id`, `start_at`, `end_at`, `plan_id`, `plan_memo`) VALUES (811, "professor003", "2022-04-18 08:15:00", "2022-04-18 13:15:00", 1, "");
-- INSERT INTO `reservation_user` (`reservation_id`, `user_id`) VALUES (811, "professor003");
-- INSERT INTO `reservation_user` (`reservation_id`, `user_id`) VALUES (811, "student002");
-- INSERT INTO `reservation_user` (`reservation_id`, `user_id`) VALUES (811, "professor004");
-- INSERT INTO `reservation_user` (`reservation_id`, `user_id`) VALUES (811, "student001");
-- INSERT INTO `reservation_user` (`reservation_id`, `user_id`) VALUES (811, "student004");
-- INSERT INTO `reservation_facility` (`reservation_id`, `facility_id`) VALUES (811, 4);

-- INSERT INTO `reservation` (`id`, `creator_id`, `start_at`, `end_at`, `plan_id`, `plan_memo`) VALUES (812, "professor002", "2022-04-19 11:45:00", "2022-04-19 17:45:00", 1, "");
-- INSERT INTO `reservation_user` (`reservation_id`, `user_id`) VALUES (812, "professor002");
-- INSERT INTO `reservation_user` (`reservation_id`, `user_id`) VALUES (812, "student001");
-- INSERT INTO `reservation_facility` (`reservation_id`, `facility_id`) VALUES (812, 1);

-- INSERT INTO `reservation` (`id`, `creator_id`, `start_at`, `end_at`, `plan_id`, `plan_memo`) VALUES (813, "professor001", "2022-04-19 18:15:00", "2022-04-19 21:15:00", 1, "");
-- INSERT INTO `reservation_user` (`reservation_id`, `user_id`) VALUES (813, "professor001");
-- INSERT INTO `reservation_user` (`reservation_id`, `user_id`) VALUES (813, "student003");
-- INSERT INTO `reservation_user` (`reservation_id`, `user_id`) VALUES (813, "professor003");
-- INSERT INTO `reservation_facility` (`reservation_id`, `facility_id`) VALUES (813, 4);

-- INSERT INTO `reservation` (`id`, `creator_id`, `start_at`, `end_at`, `plan_id`, `plan_memo`) VALUES (814, "professor001", "2022-04-24 10:45:00", "2022-04-24 14:45:00", 2, "");
-- INSERT INTO `reservation_user` (`reservation_id`, `user_id`) VALUES (814, "professor001");
-- INSERT INTO `reservation_user` (`reservation_id`, `user_id`) VALUES (814, "professor004");
-- INSERT INTO `reservation_user` (`reservation_id`, `user_id`) VALUES (814, "professor002");
-- INSERT INTO `reservation_user` (`reservation_id`, `user_id`) VALUES (814, "student003");
-- INSERT INTO `reservation_user` (`reservation_id`, `user_id`) VALUES (814, "student002");
-- INSERT INTO `reservation_user` (`reservation_id`, `user_id`) VALUES (814, "student004");
-- INSERT INTO `reservation_facility` (`reservation_id`, `facility_id`) VALUES (814, 3);

-- INSERT INTO `reservation` (`id`, `creator_id`, `start_at`, `end_at`, `plan_id`, `plan_memo`) VALUES (815, "student003", "2022-04-24 18:45:00", "2022-04-24 23:45:00", 1, "");
-- INSERT INTO `reservation_user` (`reservation_id`, `user_id`) VALUES (815, "student003");
-- INSERT INTO `reservation_user` (`reservation_id`, `user_id`) VALUES (815, "professor002");
-- INSERT INTO `reservation_facility` (`reservation_id`, `facility_id`) VALUES (815, 3);

-- INSERT INTO `reservation` (`id`, `creator_id`, `start_at`, `end_at`, `plan_id`, `plan_memo`) VALUES (816, "professor004", "2022-04-27 16:30:00", "2022-04-27 22:30:00", 2, "");
-- INSERT INTO `reservation_user` (`reservation_id`, `user_id`) VALUES (816, "professor004");
-- INSERT INTO `reservation_user` (`reservation_id`, `user_id`) VALUES (816, "professor002");
-- INSERT INTO `reservation_facility` (`reservation_id`, `facility_id`) VALUES (816, 1);

-- INSERT INTO `reservation` (`id`, `creator_id`, `start_at`, `end_at`, `plan_id`, `plan_memo`) VALUES (817, "student004", "2022-04-28 08:30:00", "2022-04-28 10:30:00", 2, "");
-- INSERT INTO `reservation_user` (`reservation_id`, `user_id`) VALUES (817, "student004");
-- INSERT INTO `reservation_facility` (`reservation_id`, `facility_id`) VALUES (817, 3);

-- INSERT INTO `reservation` (`id`, `creator_id`, `start_at`, `end_at`, `plan_id`, `plan_memo`) VALUES (818, "student001", "2022-04-28 15:00:00", "2022-04-28 17:00:00", 1, "");
-- INSERT INTO `reservation_user` (`reservation_id`, `user_id`) VALUES (818, "student001");
-- INSERT INTO `reservation_facility` (`reservation_id`, `facility_id`) VALUES (818, 4);

-- INSERT INTO `reservation` (`id`, `creator_id`, `start_at`, `end_at`, `plan_id`, `plan_memo`) VALUES (819, "student003", "2022-04-29 11:00:00", "2022-04-29 17:00:00", 1, "");
-- INSERT INTO `reservation_user` (`reservation_id`, `user_id`) VALUES (819, "student003");
-- INSERT INTO `reservation_user` (`reservation_id`, `user_id`) VALUES (819, "professor003");
-- INSERT INTO `reservation_user` (`reservation_id`, `user_id`) VALUES (819, "professor001");
-- INSERT INTO `reservation_user` (`reservation_id`, `user_id`) VALUES (819, "student004");
-- INSERT INTO `reservation_facility` (`reservation_id`, `facility_id`) VALUES (819, 4);

-- INSERT INTO `reservation` (`id`, `creator_id`, `start_at`, `end_at`, `plan_id`, `plan_memo`) VALUES (820, "student002", "2022-04-30 07:15:00", "2022-04-30 13:15:00", 1, "");
-- INSERT INTO `reservation_user` (`reservation_id`, `user_id`) VALUES (820, "student002");
-- INSERT INTO `reservation_user` (`reservation_id`, `user_id`) VALUES (820, "student003");
-- INSERT INTO `reservation_user` (`reservation_id`, `user_id`) VALUES (820, "professor003");
-- INSERT INTO `reservation_user` (`reservation_id`, `user_id`) VALUES (820, "professor001");
-- INSERT INTO `reservation_facility` (`reservation_id`, `facility_id`) VALUES (820, 3);

-- INSERT INTO `reservation` (`id`, `creator_id`, `start_at`, `end_at`, `plan_id`, `plan_memo`) VALUES (821, "professor003", "2022-05-01 11:15:00", "2022-05-01 13:15:00", 1, "");
-- INSERT INTO `reservation_user` (`reservation_id`, `user_id`) VALUES (821, "professor003");
-- INSERT INTO `reservation_facility` (`reservation_id`, `facility_id`) VALUES (821, 4);

-- INSERT INTO `reservation` (`id`, `creator_id`, `start_at`, `end_at`, `plan_id`, `plan_memo`) VALUES (822, "professor002", "2022-05-02 14:30:00", "2022-05-02 16:30:00", 2, "");
-- INSERT INTO `reservation_user` (`reservation_id`, `user_id`) VALUES (822, "professor002");
-- INSERT INTO `reservation_user` (`reservation_id`, `user_id`) VALUES (822, "student001");
-- INSERT INTO `reservation_user` (`reservation_id`, `user_id`) VALUES (822, "professor001");
-- INSERT INTO `reservation_user` (`reservation_id`, `user_id`) VALUES (822, "professor003");
-- INSERT INTO `reservation_facility` (`reservation_id`, `facility_id`) VALUES (822, 4);

-- INSERT INTO `reservation` (`id`, `creator_id`, `start_at`, `end_at`, `plan_id`, `plan_memo`) VALUES (823, "professor004", "2022-05-04 08:15:00", "2022-05-04 14:15:00", 2, "");
-- INSERT INTO `reservation_user` (`reservation_id`, `user_id`) VALUES (823, "professor004");
-- INSERT INTO `reservation_user` (`reservation_id`, `user_id`) VALUES (823, "professor002");
-- INSERT INTO `reservation_user` (`reservation_id`, `user_id`) VALUES (823, "student002");
-- INSERT INTO `reservation_user` (`reservation_id`, `user_id`) VALUES (823, "student003");
-- INSERT INTO `reservation_user` (`reservation_id`, `user_id`) VALUES (823, "professor003");
-- INSERT INTO `reservation_user` (`reservation_id`, `user_id`) VALUES (823, "professor001");
-- INSERT INTO `reservation_facility` (`reservation_id`, `facility_id`) VALUES (823, 1);

-- INSERT INTO `reservation` (`id`, `creator_id`, `start_at`, `end_at`, `plan_id`, `plan_memo`) VALUES (824, "professor003", "2022-05-04 19:45:00", "2022-05-04 20:45:00", 2, "");
-- INSERT INTO `reservation_user` (`reservation_id`, `user_id`) VALUES (824, "professor003");
-- INSERT INTO `reservation_user` (`reservation_id`, `user_id`) VALUES (824, "professor001");
-- INSERT INTO `reservation_user` (`reservation_id`, `user_id`) VALUES (824, "professor002");
-- INSERT INTO `reservation_user` (`reservation_id`, `user_id`) VALUES (824, "student003");
-- INSERT INTO `reservation_facility` (`reservation_id`, `facility_id`) VALUES (824, 4);

-- INSERT INTO `reservation` (`id`, `creator_id`, `start_at`, `end_at`, `plan_id`, `plan_memo`) VALUES (825, "professor001", "2022-05-05 13:00:00", "2022-05-05 19:00:00", 1, "");
-- INSERT INTO `reservation_user` (`reservation_id`, `user_id`) VALUES (825, "professor001");
-- INSERT INTO `reservation_facility` (`reservation_id`, `facility_id`) VALUES (825, 2);

-- INSERT INTO `reservation` (`id`, `creator_id`, `start_at`, `end_at`, `plan_id`, `plan_memo`) VALUES (826, "student001", "2022-05-07 08:00:00", "2022-05-07 09:00:00", 1, "");
-- INSERT INTO `reservation_user` (`reservation_id`, `user_id`) VALUES (826, "student001");
-- INSERT INTO `reservation_user` (`reservation_id`, `user_id`) VALUES (826, "student002");
-- INSERT INTO `reservation_user` (`reservation_id`, `user_id`) VALUES (826, "student004");
-- INSERT INTO `reservation_user` (`reservation_id`, `user_id`) VALUES (826, "professor001");
-- INSERT INTO `reservation_user` (`reservation_id`, `user_id`) VALUES (826, "professor002");
-- INSERT INTO `reservation_facility` (`reservation_id`, `facility_id`) VALUES (826, 3);

-- INSERT INTO `reservation` (`id`, `creator_id`, `start_at`, `end_at`, `plan_id`, `plan_memo`) VALUES (827, "professor004", "2022-05-07 15:15:00", "2022-05-07 21:15:00", 1, "");
-- INSERT INTO `reservation_user` (`reservation_id`, `user_id`) VALUES (827, "professor004");
-- INSERT INTO `reservation_user` (`reservation_id`, `user_id`) VALUES (827, "professor002");
-- INSERT INTO `reservation_user` (`reservation_id`, `user_id`) VALUES (827, "student002");
-- INSERT INTO `reservation_user` (`reservation_id`, `user_id`) VALUES (827, "professor003");
-- INSERT INTO `reservation_user` (`reservation_id`, `user_id`) VALUES (827, "student001");
-- INSERT INTO `reservation_user` (`reservation_id`, `user_id`) VALUES (827, "student003");
-- INSERT INTO `reservation_facility` (`reservation_id`, `facility_id`) VALUES (827, 1);

-- INSERT INTO `reservation` (`id`, `creator_id`, `start_at`, `end_at`, `plan_id`, `plan_memo`) VALUES (828, "student002", "2022-05-11 10:00:00", "2022-05-11 13:00:00", 1, "");
-- INSERT INTO `reservation_user` (`reservation_id`, `user_id`) VALUES (828, "student002");
-- INSERT INTO `reservation_facility` (`reservation_id`, `facility_id`) VALUES (828, 1);

-- INSERT INTO `reservation` (`id`, `creator_id`, `start_at`, `end_at`, `plan_id`, `plan_memo`) VALUES (829, "professor004", "2022-05-12 19:15:00", "2022-05-12 22:15:00", 2, "");
-- INSERT INTO `reservation_user` (`reservation_id`, `user_id`) VALUES (829, "professor004");
-- INSERT INTO `reservation_user` (`reservation_id`, `user_id`) VALUES (829, "student001");
-- INSERT INTO `reservation_user` (`reservation_id`, `user_id`) VALUES (829, "professor003");
-- INSERT INTO `reservation_user` (`reservation_id`, `user_id`) VALUES (829, "professor001");
-- INSERT INTO `reservation_user` (`reservation_id`, `user_id`) VALUES (829, "student002");
-- INSERT INTO `reservation_facility` (`reservation_id`, `facility_id`) VALUES (829, 2);

-- INSERT INTO `reservation` (`id`, `creator_id`, `start_at`, `end_at`, `plan_id`, `plan_memo`) VALUES (830, "student001", "2022-05-14 20:00:00", "2022-05-14 22:00:00", 2, "");
-- INSERT INTO `reservation_user` (`reservation_id`, `user_id`) VALUES (830, "student001");
-- INSERT INTO `reservation_user` (`reservation_id`, `user_id`) VALUES (830, "professor003");
-- INSERT INTO `reservation_facility` (`reservation_id`, `facility_id`) VALUES (830, 4);

-- INSERT INTO `reservation` (`id`, `creator_id`, `start_at`, `end_at`, `plan_id`, `plan_memo`) VALUES (831, "student004", "2022-05-15 07:45:00", "2022-05-15 13:45:00", 2, "");
-- INSERT INTO `reservation_user` (`reservation_id`, `user_id`) VALUES (831, "student004");
-- INSERT INTO `reservation_user` (`reservation_id`, `user_id`) VALUES (831, "student003");
-- INSERT INTO `reservation_user` (`reservation_id`, `user_id`) VALUES (831, "professor001");
-- INSERT INTO `reservation_user` (`reservation_id`, `user_id`) VALUES (831, "professor004");
-- INSERT INTO `reservation_facility` (`reservation_id`, `facility_id`) VALUES (831, 1);

-- INSERT INTO `reservation` (`id`, `creator_id`, `start_at`, `end_at`, `plan_id`, `plan_memo`) VALUES (832, "professor003", "2022-05-15 18:45:00", "2022-05-15 19:45:00", 1, "");
-- INSERT INTO `reservation_user` (`reservation_id`, `user_id`) VALUES (832, "professor003");
-- INSERT INTO `reservation_facility` (`reservation_id`, `facility_id`) VALUES (832, 3);

-- INSERT INTO `reservation` (`id`, `creator_id`, `start_at`, `end_at`, `plan_id`, `plan_memo`) VALUES (833, "student003", "2022-05-17 09:00:00", "2022-05-17 13:00:00", 1, "");
-- INSERT INTO `reservation_user` (`reservation_id`, `user_id`) VALUES (833, "student003");
-- INSERT INTO `reservation_user` (`reservation_id`, `user_id`) VALUES (833, "professor004");
-- INSERT INTO `reservation_facility` (`reservation_id`, `facility_id`) VALUES (833, 4);

-- INSERT INTO `reservation` (`id`, `creator_id`, `start_at`, `end_at`, `plan_id`, `plan_memo`) VALUES (834, "professor001", "2022-05-18 14:00:00", "2022-05-18 15:00:00", 1, "");
-- INSERT INTO `reservation_user` (`reservation_id`, `user_id`) VALUES (834, "professor001");
-- INSERT INTO `reservation_facility` (`reservation_id`, `facility_id`) VALUES (834, 1);

-- INSERT INTO `reservation` (`id`, `creator_id`, `start_at`, `end_at`, `plan_id`, `plan_memo`) VALUES (835, "professor001", "2022-05-19 16:15:00", "2022-05-19 22:15:00", 1, "");
-- INSERT INTO `reservation_user` (`reservation_id`, `user_id`) VALUES (835, "professor001");
-- INSERT INTO `reservation_user` (`reservation_id`, `user_id`) VALUES (835, "professor003");
-- INSERT INTO `reservation_facility` (`reservation_id`, `facility_id`) VALUES (835, 3);

-- INSERT INTO `reservation` (`id`, `creator_id`, `start_at`, `end_at`, `plan_id`, `plan_memo`) VALUES (836, "student003", "2022-05-20 11:15:00", "2022-05-20 15:15:00", 1, "");
-- INSERT INTO `reservation_user` (`reservation_id`, `user_id`) VALUES (836, "student003");
-- INSERT INTO `reservation_user` (`reservation_id`, `user_id`) VALUES (836, "student002");
-- INSERT INTO `reservation_user` (`reservation_id`, `user_id`) VALUES (836, "professor002");
-- INSERT INTO `reservation_user` (`reservation_id`, `user_id`) VALUES (836, "student001");
-- INSERT INTO `reservation_facility` (`reservation_id`, `facility_id`) VALUES (836, 2);

-- INSERT INTO `reservation` (`id`, `creator_id`, `start_at`, `end_at`, `plan_id`, `plan_memo`) VALUES (837, "professor002", "2022-05-20 15:15:00", "2022-05-20 17:15:00", 1, "");
-- INSERT INTO `reservation_user` (`reservation_id`, `user_id`) VALUES (837, "professor002");
-- INSERT INTO `reservation_user` (`reservation_id`, `user_id`) VALUES (837, "professor004");
-- INSERT INTO `reservation_user` (`reservation_id`, `user_id`) VALUES (837, "student001");
-- INSERT INTO `reservation_user` (`reservation_id`, `user_id`) VALUES (837, "professor003");
-- INSERT INTO `reservation_user` (`reservation_id`, `user_id`) VALUES (837, "student002");
-- INSERT INTO `reservation_facility` (`reservation_id`, `facility_id`) VALUES (837, 4);

-- INSERT INTO `reservation` (`id`, `creator_id`, `start_at`, `end_at`, `plan_id`, `plan_memo`) VALUES (838, "student002", "2022-05-20 17:15:00", "2022-05-20 19:15:00", 1, "");
-- INSERT INTO `reservation_user` (`reservation_id`, `user_id`) VALUES (838, "student002");
-- INSERT INTO `reservation_facility` (`reservation_id`, `facility_id`) VALUES (838, 3);

-- INSERT INTO `reservation` (`id`, `creator_id`, `start_at`, `end_at`, `plan_id`, `plan_memo`) VALUES (839, "professor003", "2022-05-21 07:45:00", "2022-05-21 11:45:00", 2, "");
-- INSERT INTO `reservation_user` (`reservation_id`, `user_id`) VALUES (839, "professor003");
-- INSERT INTO `reservation_facility` (`reservation_id`, `facility_id`) VALUES (839, 1);

-- INSERT INTO `reservation` (`id`, `creator_id`, `start_at`, `end_at`, `plan_id`, `plan_memo`) VALUES (840, "professor001", "2022-05-21 16:45:00", "2022-05-21 19:45:00", 1, "");
-- INSERT INTO `reservation_user` (`reservation_id`, `user_id`) VALUES (840, "professor001");
-- INSERT INTO `reservation_user` (`reservation_id`, `user_id`) VALUES (840, "student003");
-- INSERT INTO `reservation_user` (`reservation_id`, `user_id`) VALUES (840, "professor004");
-- INSERT INTO `reservation_facility` (`reservation_id`, `facility_id`) VALUES (840, 4);

-- INSERT INTO `reservation` (`id`, `creator_id`, `start_at`, `end_at`, `plan_id`, `plan_memo`) VALUES (841, "professor002", "2022-05-22 10:00:00", "2022-05-22 13:00:00", 1, "");
-- INSERT INTO `reservation_user` (`reservation_id`, `user_id`) VALUES (841, "professor002");
-- INSERT INTO `reservation_user` (`reservation_id`, `user_id`) VALUES (841, "student001");
-- INSERT INTO `reservation_user` (`reservation_id`, `user_id`) VALUES (841, "student002");
-- INSERT INTO `reservation_user` (`reservation_id`, `user_id`) VALUES (841, "professor001");
-- INSERT INTO `reservation_user` (`reservation_id`, `user_id`) VALUES (841, "student004");
-- INSERT INTO `reservation_user` (`reservation_id`, `user_id`) VALUES (841, "professor004");
-- INSERT INTO `reservation_facility` (`reservation_id`, `facility_id`) VALUES (841, 4);

-- INSERT INTO `reservation` (`id`, `creator_id`, `start_at`, `end_at`, `plan_id`, `plan_memo`) VALUES (842, "student001", "2022-05-24 14:00:00", "2022-05-24 18:00:00", 2, "");
-- INSERT INTO `reservation_user` (`reservation_id`, `user_id`) VALUES (842, "student001");
-- INSERT INTO `reservation_user` (`reservation_id`, `user_id`) VALUES (842, "professor001");
-- INSERT INTO `reservation_user` (`reservation_id`, `user_id`) VALUES (842, "student004");
-- INSERT INTO `reservation_user` (`reservation_id`, `user_id`) VALUES (842, "student002");
-- INSERT INTO `reservation_facility` (`reservation_id`, `facility_id`) VALUES (842, 4);

-- INSERT INTO `reservation` (`id`, `creator_id`, `start_at`, `end_at`, `plan_id`, `plan_memo`) VALUES (843, "student003", "2022-05-24 19:45:00", "2022-05-24 23:45:00", 2, "");
-- INSERT INTO `reservation_user` (`reservation_id`, `user_id`) VALUES (843, "student003");
-- INSERT INTO `reservation_facility` (`reservation_id`, `facility_id`) VALUES (843, 4);

-- INSERT INTO `reservation` (`id`, `creator_id`, `start_at`, `end_at`, `plan_id`, `plan_memo`) VALUES (844, "student003", "2022-05-27 13:00:00", "2022-05-27 17:00:00", 2, "");
-- INSERT INTO `reservation_user` (`reservation_id`, `user_id`) VALUES (844, "student003");
-- INSERT INTO `reservation_user` (`reservation_id`, `user_id`) VALUES (844, "professor004");
-- INSERT INTO `reservation_user` (`reservation_id`, `user_id`) VALUES (844, "professor002");
-- INSERT INTO `reservation_user` (`reservation_id`, `user_id`) VALUES (844, "professor003");
-- INSERT INTO `reservation_user` (`reservation_id`, `user_id`) VALUES (844, "student001");
-- INSERT INTO `reservation_user` (`reservation_id`, `user_id`) VALUES (844, "student004");
-- INSERT INTO `reservation_facility` (`reservation_id`, `facility_id`) VALUES (844, 2);

-- INSERT INTO `reservation` (`id`, `creator_id`, `start_at`, `end_at`, `plan_id`, `plan_memo`) VALUES (845, "professor004", "2022-05-28 13:30:00", "2022-05-28 19:30:00", 2, "");
-- INSERT INTO `reservation_user` (`reservation_id`, `user_id`) VALUES (845, "professor004");
-- INSERT INTO `reservation_user` (`reservation_id`, `user_id`) VALUES (845, "professor001");
-- INSERT INTO `reservation_user` (`reservation_id`, `user_id`) VALUES (845, "student001");
-- INSERT INTO `reservation_facility` (`reservation_id`, `facility_id`) VALUES (845, 2);

-- INSERT INTO `reservation` (`id`, `creator_id`, `start_at`, `end_at`, `plan_id`, `plan_memo`) VALUES (846, "professor004", "2022-05-29 11:00:00", "2022-05-29 15:00:00", 2, "");
-- INSERT INTO `reservation_user` (`reservation_id`, `user_id`) VALUES (846, "professor004");
-- INSERT INTO `reservation_user` (`reservation_id`, `user_id`) VALUES (846, "student003");
-- INSERT INTO `reservation_facility` (`reservation_id`, `facility_id`) VALUES (846, 1);

-- INSERT INTO `reservation` (`id`, `creator_id`, `start_at`, `end_at`, `plan_id`, `plan_memo`) VALUES (847, "professor001", "2022-05-30 16:00:00", "2022-05-30 22:00:00", 1, "");
-- INSERT INTO `reservation_user` (`reservation_id`, `user_id`) VALUES (847, "professor001");
-- INSERT INTO `reservation_facility` (`reservation_id`, `facility_id`) VALUES (847, 3);

-- INSERT INTO `reservation` (`id`, `creator_id`, `start_at`, `end_at`, `plan_id`, `plan_memo`) VALUES (848, "student002", "2022-06-02 08:45:00", "2022-06-02 11:45:00", 1, "");
-- INSERT INTO `reservation_user` (`reservation_id`, `user_id`) VALUES (848, "student002");
-- INSERT INTO `reservation_user` (`reservation_id`, `user_id`) VALUES (848, "student004");
-- INSERT INTO `reservation_user` (`reservation_id`, `user_id`) VALUES (848, "student001");
-- INSERT INTO `reservation_user` (`reservation_id`, `user_id`) VALUES (848, "professor002");
-- INSERT INTO `reservation_user` (`reservation_id`, `user_id`) VALUES (848, "professor004");
-- INSERT INTO `reservation_facility` (`reservation_id`, `facility_id`) VALUES (848, 2);

-- INSERT INTO `reservation` (`id`, `creator_id`, `start_at`, `end_at`, `plan_id`, `plan_memo`) VALUES (849, "student002", "2022-06-02 13:15:00", "2022-06-02 14:15:00", 1, "");
-- INSERT INTO `reservation_user` (`reservation_id`, `user_id`) VALUES (849, "student002");
-- INSERT INTO `reservation_user` (`reservation_id`, `user_id`) VALUES (849, "student001");
-- INSERT INTO `reservation_user` (`reservation_id`, `user_id`) VALUES (849, "professor004");
-- INSERT INTO `reservation_user` (`reservation_id`, `user_id`) VALUES (849, "professor002");
-- INSERT INTO `reservation_user` (`reservation_id`, `user_id`) VALUES (849, "professor003");
-- INSERT INTO `reservation_user` (`reservation_id`, `user_id`) VALUES (849, "professor001");
-- INSERT INTO `reservation_facility` (`reservation_id`, `facility_id`) VALUES (849, 1);

-- INSERT INTO `reservation` (`id`, `creator_id`, `start_at`, `end_at`, `plan_id`, `plan_memo`) VALUES (850, "student003", "2022-06-02 16:30:00", "2022-06-02 22:30:00", 2, "");
-- INSERT INTO `reservation_user` (`reservation_id`, `user_id`) VALUES (850, "student003");
-- INSERT INTO `reservation_facility` (`reservation_id`, `facility_id`) VALUES (850, 4);

-- INSERT INTO `reservation` (`id`, `creator_id`, `start_at`, `end_at`, `plan_id`, `plan_memo`) VALUES (851, "student004", "2022-06-03 09:45:00", "2022-06-03 14:45:00", 2, "");
-- INSERT INTO `reservation_user` (`reservation_id`, `user_id`) VALUES (851, "student004");
-- INSERT INTO `reservation_user` (`reservation_id`, `user_id`) VALUES (851, "student002");
-- INSERT INTO `reservation_user` (`reservation_id`, `user_id`) VALUES (851, "professor004");
-- INSERT INTO `reservation_user` (`reservation_id`, `user_id`) VALUES (851, "professor002");
-- INSERT INTO `reservation_facility` (`reservation_id`, `facility_id`) VALUES (851, 2);

-- INSERT INTO `reservation` (`id`, `creator_id`, `start_at`, `end_at`, `plan_id`, `plan_memo`) VALUES (852, "professor001", "2022-06-03 17:30:00", "2022-06-03 21:30:00", 2, "");
-- INSERT INTO `reservation_user` (`reservation_id`, `user_id`) VALUES (852, "professor001");
-- INSERT INTO `reservation_user` (`reservation_id`, `user_id`) VALUES (852, "student003");
-- INSERT INTO `reservation_facility` (`reservation_id`, `facility_id`) VALUES (852, 4);

-- INSERT INTO `reservation` (`id`, `creator_id`, `start_at`, `end_at`, `plan_id`, `plan_memo`) VALUES (853, "professor002", "2022-06-05 14:00:00", "2022-06-05 15:00:00", 1, "");
-- INSERT INTO `reservation_user` (`reservation_id`, `user_id`) VALUES (853, "professor002");
-- INSERT INTO `reservation_user` (`reservation_id`, `user_id`) VALUES (853, "student001");
-- INSERT INTO `reservation_user` (`reservation_id`, `user_id`) VALUES (853, "student002");
-- INSERT INTO `reservation_user` (`reservation_id`, `user_id`) VALUES (853, "professor004");
-- INSERT INTO `reservation_user` (`reservation_id`, `user_id`) VALUES (853, "student003");
-- INSERT INTO `reservation_facility` (`reservation_id`, `facility_id`) VALUES (853, 3);

-- INSERT INTO `reservation` (`id`, `creator_id`, `start_at`, `end_at`, `plan_id`, `plan_memo`) VALUES (854, "professor004", "2022-06-06 12:30:00", "2022-06-06 18:30:00", 2, "");
-- INSERT INTO `reservation_user` (`reservation_id`, `user_id`) VALUES (854, "professor004");
-- INSERT INTO `reservation_user` (`reservation_id`, `user_id`) VALUES (854, "student004");
-- INSERT INTO `reservation_user` (`reservation_id`, `user_id`) VALUES (854, "professor002");
-- INSERT INTO `reservation_user` (`reservation_id`, `user_id`) VALUES (854, "student002");
-- INSERT INTO `reservation_user` (`reservation_id`, `user_id`) VALUES (854, "professor003");
-- INSERT INTO `reservation_facility` (`reservation_id`, `facility_id`) VALUES (854, 3);

-- INSERT INTO `reservation` (`id`, `creator_id`, `start_at`, `end_at`, `plan_id`, `plan_memo`) VALUES (855, "professor001", "2022-06-07 08:30:00", "2022-06-07 09:30:00", 1, "");
-- INSERT INTO `reservation_user` (`reservation_id`, `user_id`) VALUES (855, "professor001");
-- INSERT INTO `reservation_facility` (`reservation_id`, `facility_id`) VALUES (855, 2);

-- INSERT INTO `reservation` (`id`, `creator_id`, `start_at`, `end_at`, `plan_id`, `plan_memo`) VALUES (856, "student002", "2022-06-07 13:30:00", "2022-06-07 14:30:00", 1, "");
-- INSERT INTO `reservation_user` (`reservation_id`, `user_id`) VALUES (856, "student002");
-- INSERT INTO `reservation_facility` (`reservation_id`, `facility_id`) VALUES (856, 2);

-- INSERT INTO `reservation` (`id`, `creator_id`, `start_at`, `end_at`, `plan_id`, `plan_memo`) VALUES (857, "professor001", "2022-06-08 17:30:00", "2022-06-08 22:30:00", 1, "");
-- INSERT INTO `reservation_user` (`reservation_id`, `user_id`) VALUES (857, "professor001");
-- INSERT INTO `reservation_user` (`reservation_id`, `user_id`) VALUES (857, "student001");
-- INSERT INTO `reservation_facility` (`reservation_id`, `facility_id`) VALUES (857, 2);

-- INSERT INTO `reservation` (`id`, `creator_id`, `start_at`, `end_at`, `plan_id`, `plan_memo`) VALUES (858, "student002", "2022-06-09 16:45:00", "2022-06-09 18:45:00", 1, "");
-- INSERT INTO `reservation_user` (`reservation_id`, `user_id`) VALUES (858, "student002");
-- INSERT INTO `reservation_user` (`reservation_id`, `user_id`) VALUES (858, "professor004");
-- INSERT INTO `reservation_facility` (`reservation_id`, `facility_id`) VALUES (858, 4);

-- INSERT INTO `reservation` (`id`, `creator_id`, `start_at`, `end_at`, `plan_id`, `plan_memo`) VALUES (859, "professor004", "2022-06-10 17:00:00", "2022-06-10 19:00:00", 1, "");
-- INSERT INTO `reservation_user` (`reservation_id`, `user_id`) VALUES (859, "professor004");
-- INSERT INTO `reservation_facility` (`reservation_id`, `facility_id`) VALUES (859, 3);

-- INSERT INTO `reservation` (`id`, `creator_id`, `start_at`, `end_at`, `plan_id`, `plan_memo`) VALUES (860, "student004", "2022-06-11 10:45:00", "2022-06-11 12:45:00", 1, "");
-- INSERT INTO `reservation_user` (`reservation_id`, `user_id`) VALUES (860, "student004");
-- INSERT INTO `reservation_user` (`reservation_id`, `user_id`) VALUES (860, "professor004");
-- INSERT INTO `reservation_user` (`reservation_id`, `user_id`) VALUES (860, "student003");
-- INSERT INTO `reservation_user` (`reservation_id`, `user_id`) VALUES (860, "professor001");
-- INSERT INTO `reservation_user` (`reservation_id`, `user_id`) VALUES (860, "student001");
-- INSERT INTO `reservation_user` (`reservation_id`, `user_id`) VALUES (860, "professor003");
-- INSERT INTO `reservation_facility` (`reservation_id`, `facility_id`) VALUES (860, 2);

-- INSERT INTO `reservation` (`id`, `creator_id`, `start_at`, `end_at`, `plan_id`, `plan_memo`) VALUES (861, "professor001", "2022-06-11 14:00:00", "2022-06-11 17:00:00", 1, "");
-- INSERT INTO `reservation_user` (`reservation_id`, `user_id`) VALUES (861, "professor001");
-- INSERT INTO `reservation_facility` (`reservation_id`, `facility_id`) VALUES (861, 2);

-- INSERT INTO `reservation` (`id`, `creator_id`, `start_at`, `end_at`, `plan_id`, `plan_memo`) VALUES (862, "professor004", "2022-06-11 20:45:00", "2022-06-11 21:45:00", 1, "");
-- INSERT INTO `reservation_user` (`reservation_id`, `user_id`) VALUES (862, "professor004");
-- INSERT INTO `reservation_user` (`reservation_id`, `user_id`) VALUES (862, "professor003");
-- INSERT INTO `reservation_user` (`reservation_id`, `user_id`) VALUES (862, "professor002");
-- INSERT INTO `reservation_user` (`reservation_id`, `user_id`) VALUES (862, "student002");
-- INSERT INTO `reservation_facility` (`reservation_id`, `facility_id`) VALUES (862, 2);

-- INSERT INTO `reservation` (`id`, `creator_id`, `start_at`, `end_at`, `plan_id`, `plan_memo`) VALUES (863, "professor003", "2022-06-12 11:15:00", "2022-06-12 14:15:00", 2, "");
-- INSERT INTO `reservation_user` (`reservation_id`, `user_id`) VALUES (863, "professor003");
-- INSERT INTO `reservation_user` (`reservation_id`, `user_id`) VALUES (863, "student001");
-- INSERT INTO `reservation_user` (`reservation_id`, `user_id`) VALUES (863, "professor004");
-- INSERT INTO `reservation_user` (`reservation_id`, `user_id`) VALUES (863, "student004");
-- INSERT INTO `reservation_user` (`reservation_id`, `user_id`) VALUES (863, "student002");
-- INSERT INTO `reservation_facility` (`reservation_id`, `facility_id`) VALUES (863, 4);

-- INSERT INTO `reservation` (`id`, `creator_id`, `start_at`, `end_at`, `plan_id`, `plan_memo`) VALUES (864, "student002", "2022-06-12 15:00:00", "2022-06-12 19:00:00", 1, "");
-- INSERT INTO `reservation_user` (`reservation_id`, `user_id`) VALUES (864, "student002");
-- INSERT INTO `reservation_user` (`reservation_id`, `user_id`) VALUES (864, "student003");
-- INSERT INTO `reservation_user` (`reservation_id`, `user_id`) VALUES (864, "student001");
-- INSERT INTO `reservation_user` (`reservation_id`, `user_id`) VALUES (864, "professor001");
-- INSERT INTO `reservation_user` (`reservation_id`, `user_id`) VALUES (864, "professor002");
-- INSERT INTO `reservation_facility` (`reservation_id`, `facility_id`) VALUES (864, 1);

-- INSERT INTO `reservation` (`id`, `creator_id`, `start_at`, `end_at`, `plan_id`, `plan_memo`) VALUES (865, "student002", "2022-06-13 13:30:00", "2022-06-13 18:30:00", 2, "");
-- INSERT INTO `reservation_user` (`reservation_id`, `user_id`) VALUES (865, "student002");
-- INSERT INTO `reservation_user` (`reservation_id`, `user_id`) VALUES (865, "professor001");
-- INSERT INTO `reservation_user` (`reservation_id`, `user_id`) VALUES (865, "student003");
-- INSERT INTO `reservation_user` (`reservation_id`, `user_id`) VALUES (865, "professor003");
-- INSERT INTO `reservation_user` (`reservation_id`, `user_id`) VALUES (865, "professor004");
-- INSERT INTO `reservation_user` (`reservation_id`, `user_id`) VALUES (865, "student001");
-- INSERT INTO `reservation_facility` (`reservation_id`, `facility_id`) VALUES (865, 1);

-- INSERT INTO `reservation` (`id`, `creator_id`, `start_at`, `end_at`, `plan_id`, `plan_memo`) VALUES (866, "student001", "2022-06-14 10:00:00", "2022-06-14 16:00:00", 2, "");
-- INSERT INTO `reservation_user` (`reservation_id`, `user_id`) VALUES (866, "student001");
-- INSERT INTO `reservation_facility` (`reservation_id`, `facility_id`) VALUES (866, 3);

-- INSERT INTO `reservation` (`id`, `creator_id`, `start_at`, `end_at`, `plan_id`, `plan_memo`) VALUES (867, "student003", "2022-06-14 19:45:00", "2022-06-14 22:45:00", 2, "");
-- INSERT INTO `reservation_user` (`reservation_id`, `user_id`) VALUES (867, "student003");
-- INSERT INTO `reservation_user` (`reservation_id`, `user_id`) VALUES (867, "professor002");
-- INSERT INTO `reservation_user` (`reservation_id`, `user_id`) VALUES (867, "professor004");
-- INSERT INTO `reservation_user` (`reservation_id`, `user_id`) VALUES (867, "student002");
-- INSERT INTO `reservation_user` (`reservation_id`, `user_id`) VALUES (867, "professor001");
-- INSERT INTO `reservation_facility` (`reservation_id`, `facility_id`) VALUES (867, 2);

-- INSERT INTO `reservation` (`id`, `creator_id`, `start_at`, `end_at`, `plan_id`, `plan_memo`) VALUES (868, "student002", "2022-06-15 18:45:00", "2022-06-15 23:45:00", 1, "");
-- INSERT INTO `reservation_user` (`reservation_id`, `user_id`) VALUES (868, "student002");
-- INSERT INTO `reservation_facility` (`reservation_id`, `facility_id`) VALUES (868, 4);

-- INSERT INTO `reservation` (`id`, `creator_id`, `start_at`, `end_at`, `plan_id`, `plan_memo`) VALUES (869, "professor003", "2022-06-17 16:00:00", "2022-06-17 22:00:00", 1, "");
-- INSERT INTO `reservation_user` (`reservation_id`, `user_id`) VALUES (869, "professor003");
-- INSERT INTO `reservation_user` (`reservation_id`, `user_id`) VALUES (869, "student002");
-- INSERT INTO `reservation_user` (`reservation_id`, `user_id`) VALUES (869, "professor004");
-- INSERT INTO `reservation_user` (`reservation_id`, `user_id`) VALUES (869, "student003");
-- INSERT INTO `reservation_user` (`reservation_id`, `user_id`) VALUES (869, "student001");
-- INSERT INTO `reservation_facility` (`reservation_id`, `facility_id`) VALUES (869, 4);

-- INSERT INTO `reservation` (`id`, `creator_id`, `start_at`, `end_at`, `plan_id`, `plan_memo`) VALUES (870, "professor004", "2022-06-18 07:30:00", "2022-06-18 12:30:00", 2, "");
-- INSERT INTO `reservation_user` (`reservation_id`, `user_id`) VALUES (870, "professor004");
-- INSERT INTO `reservation_facility` (`reservation_id`, `facility_id`) VALUES (870, 4);

-- INSERT INTO `reservation` (`id`, `creator_id`, `start_at`, `end_at`, `plan_id`, `plan_memo`) VALUES (871, "professor004", "2022-06-18 16:45:00", "2022-06-18 22:45:00", 1, "");
-- INSERT INTO `reservation_user` (`reservation_id`, `user_id`) VALUES (871, "professor004");
-- INSERT INTO `reservation_facility` (`reservation_id`, `facility_id`) VALUES (871, 2);

-- INSERT INTO `reservation` (`id`, `creator_id`, `start_at`, `end_at`, `plan_id`, `plan_memo`) VALUES (872, "professor001", "2022-06-19 11:45:00", "2022-06-19 12:45:00", 1, "");
-- INSERT INTO `reservation_user` (`reservation_id`, `user_id`) VALUES (872, "professor001");
-- INSERT INTO `reservation_user` (`reservation_id`, `user_id`) VALUES (872, "student003");
-- INSERT INTO `reservation_facility` (`reservation_id`, `facility_id`) VALUES (872, 3);

-- INSERT INTO `reservation` (`id`, `creator_id`, `start_at`, `end_at`, `plan_id`, `plan_memo`) VALUES (873, "student003", "2022-06-20 13:45:00", "2022-06-20 17:45:00", 1, "");
-- INSERT INTO `reservation_user` (`reservation_id`, `user_id`) VALUES (873, "student003");
-- INSERT INTO `reservation_user` (`reservation_id`, `user_id`) VALUES (873, "student001");
-- INSERT INTO `reservation_user` (`reservation_id`, `user_id`) VALUES (873, "professor003");
-- INSERT INTO `reservation_user` (`reservation_id`, `user_id`) VALUES (873, "professor002");
-- INSERT INTO `reservation_user` (`reservation_id`, `user_id`) VALUES (873, "student002");
-- INSERT INTO `reservation_facility` (`reservation_id`, `facility_id`) VALUES (873, 3);

-- INSERT INTO `reservation` (`id`, `creator_id`, `start_at`, `end_at`, `plan_id`, `plan_memo`) VALUES (874, "professor003", "2022-06-21 16:15:00", "2022-06-21 19:15:00", 1, "");
-- INSERT INTO `reservation_user` (`reservation_id`, `user_id`) VALUES (874, "professor003");
-- INSERT INTO `reservation_user` (`reservation_id`, `user_id`) VALUES (874, "professor001");
-- INSERT INTO `reservation_facility` (`reservation_id`, `facility_id`) VALUES (874, 3);

-- INSERT INTO `reservation` (`id`, `creator_id`, `start_at`, `end_at`, `plan_id`, `plan_memo`) VALUES (875, "professor002", "2022-06-21 21:00:00", "2022-06-21 22:00:00", 1, "");
-- INSERT INTO `reservation_user` (`reservation_id`, `user_id`) VALUES (875, "professor002");
-- INSERT INTO `reservation_user` (`reservation_id`, `user_id`) VALUES (875, "professor003");
-- INSERT INTO `reservation_facility` (`reservation_id`, `facility_id`) VALUES (875, 3);

-- INSERT INTO `reservation` (`id`, `creator_id`, `start_at`, `end_at`, `plan_id`, `plan_memo`) VALUES (876, "professor001", "2022-06-22 07:15:00", "2022-06-22 13:15:00", 2, "");
-- INSERT INTO `reservation_user` (`reservation_id`, `user_id`) VALUES (876, "professor001");
-- INSERT INTO `reservation_facility` (`reservation_id`, `facility_id`) VALUES (876, 4);

-- INSERT INTO `reservation` (`id`, `creator_id`, `start_at`, `end_at`, `plan_id`, `plan_memo`) VALUES (877, "professor001", "2022-06-22 13:15:00", "2022-06-22 19:15:00", 2, "");
-- INSERT INTO `reservation_user` (`reservation_id`, `user_id`) VALUES (877, "professor001");
-- INSERT INTO `reservation_facility` (`reservation_id`, `facility_id`) VALUES (877, 1);

-- INSERT INTO `reservation` (`id`, `creator_id`, `start_at`, `end_at`, `plan_id`, `plan_memo`) VALUES (878, "professor002", "2022-06-22 20:15:00", "2022-06-22 22:15:00", 1, "");
-- INSERT INTO `reservation_user` (`reservation_id`, `user_id`) VALUES (878, "professor002");
-- INSERT INTO `reservation_user` (`reservation_id`, `user_id`) VALUES (878, "student004");
-- INSERT INTO `reservation_facility` (`reservation_id`, `facility_id`) VALUES (878, 1);

-- INSERT INTO `reservation` (`id`, `creator_id`, `start_at`, `end_at`, `plan_id`, `plan_memo`) VALUES (879, "professor004", "2022-06-23 07:00:00", "2022-06-23 08:00:00", 2, "");
-- INSERT INTO `reservation_user` (`reservation_id`, `user_id`) VALUES (879, "professor004");
-- INSERT INTO `reservation_user` (`reservation_id`, `user_id`) VALUES (879, "student003");
-- INSERT INTO `reservation_user` (`reservation_id`, `user_id`) VALUES (879, "professor001");
-- INSERT INTO `reservation_user` (`reservation_id`, `user_id`) VALUES (879, "professor002");
-- INSERT INTO `reservation_user` (`reservation_id`, `user_id`) VALUES (879, "student004");
-- INSERT INTO `reservation_facility` (`reservation_id`, `facility_id`) VALUES (879, 3);

-- INSERT INTO `reservation` (`id`, `creator_id`, `start_at`, `end_at`, `plan_id`, `plan_memo`) VALUES (880, "student002", "2022-06-23 09:00:00", "2022-06-23 15:00:00", 1, "");
-- INSERT INTO `reservation_user` (`reservation_id`, `user_id`) VALUES (880, "student002");
-- INSERT INTO `reservation_facility` (`reservation_id`, `facility_id`) VALUES (880, 3);

-- INSERT INTO `reservation` (`id`, `creator_id`, `start_at`, `end_at`, `plan_id`, `plan_memo`) VALUES (881, "professor003", "2022-06-25 07:30:00", "2022-06-25 10:30:00", 1, "");
-- INSERT INTO `reservation_user` (`reservation_id`, `user_id`) VALUES (881, "professor003");
-- INSERT INTO `reservation_user` (`reservation_id`, `user_id`) VALUES (881, "student002");
-- INSERT INTO `reservation_user` (`reservation_id`, `user_id`) VALUES (881, "professor001");
-- INSERT INTO `reservation_facility` (`reservation_id`, `facility_id`) VALUES (881, 1);

-- INSERT INTO `reservation` (`id`, `creator_id`, `start_at`, `end_at`, `plan_id`, `plan_memo`) VALUES (882, "professor002", "2022-06-26 11:00:00", "2022-06-26 16:00:00", 1, "");
-- INSERT INTO `reservation_user` (`reservation_id`, `user_id`) VALUES (882, "professor002");
-- INSERT INTO `reservation_user` (`reservation_id`, `user_id`) VALUES (882, "student003");
-- INSERT INTO `reservation_user` (`reservation_id`, `user_id`) VALUES (882, "student004");
-- INSERT INTO `reservation_user` (`reservation_id`, `user_id`) VALUES (882, "student001");
-- INSERT INTO `reservation_facility` (`reservation_id`, `facility_id`) VALUES (882, 2);

-- INSERT INTO `reservation` (`id`, `creator_id`, `start_at`, `end_at`, `plan_id`, `plan_memo`) VALUES (883, "student001", "2022-06-27 08:45:00", "2022-06-27 12:45:00", 1, "");
-- INSERT INTO `reservation_user` (`reservation_id`, `user_id`) VALUES (883, "student001");
-- INSERT INTO `reservation_user` (`reservation_id`, `user_id`) VALUES (883, "student002");
-- INSERT INTO `reservation_facility` (`reservation_id`, `facility_id`) VALUES (883, 1);

-- INSERT INTO `reservation` (`id`, `creator_id`, `start_at`, `end_at`, `plan_id`, `plan_memo`) VALUES (884, "student003", "2022-06-27 16:00:00", "2022-06-27 22:00:00", 2, "");
-- INSERT INTO `reservation_user` (`reservation_id`, `user_id`) VALUES (884, "student003");
-- INSERT INTO `reservation_user` (`reservation_id`, `user_id`) VALUES (884, "student002");
-- INSERT INTO `reservation_user` (`reservation_id`, `user_id`) VALUES (884, "professor004");
-- INSERT INTO `reservation_user` (`reservation_id`, `user_id`) VALUES (884, "professor001");
-- INSERT INTO `reservation_user` (`reservation_id`, `user_id`) VALUES (884, "student001");
-- INSERT INTO `reservation_facility` (`reservation_id`, `facility_id`) VALUES (884, 4);

-- INSERT INTO `reservation` (`id`, `creator_id`, `start_at`, `end_at`, `plan_id`, `plan_memo`) VALUES (885, "professor002", "2022-06-28 07:30:00", "2022-06-28 09:30:00", 1, "");
-- INSERT INTO `reservation_user` (`reservation_id`, `user_id`) VALUES (885, "professor002");
-- INSERT INTO `reservation_facility` (`reservation_id`, `facility_id`) VALUES (885, 2);

-- INSERT INTO `reservation` (`id`, `creator_id`, `start_at`, `end_at`, `plan_id`, `plan_memo`) VALUES (886, "student003", "2022-06-29 09:15:00", "2022-06-29 12:15:00", 1, "");
-- INSERT INTO `reservation_user` (`reservation_id`, `user_id`) VALUES (886, "student003");
-- INSERT INTO `reservation_facility` (`reservation_id`, `facility_id`) VALUES (886, 2);

-- INSERT INTO `reservation` (`id`, `creator_id`, `start_at`, `end_at`, `plan_id`, `plan_memo`) VALUES (887, "professor004", "2022-06-29 15:45:00", "2022-06-29 20:45:00", 2, "");
-- INSERT INTO `reservation_user` (`reservation_id`, `user_id`) VALUES (887, "professor004");
-- INSERT INTO `reservation_facility` (`reservation_id`, `facility_id`) VALUES (887, 4);

-- INSERT INTO `reservation` (`id`, `creator_id`, `start_at`, `end_at`, `plan_id`, `plan_memo`) VALUES (888, "professor004", "2022-06-30 13:45:00", "2022-06-30 15:45:00", 2, "");
-- INSERT INTO `reservation_user` (`reservation_id`, `user_id`) VALUES (888, "professor004");
-- INSERT INTO `reservation_user` (`reservation_id`, `user_id`) VALUES (888, "professor002");
-- INSERT INTO `reservation_user` (`reservation_id`, `user_id`) VALUES (888, "student002");
-- INSERT INTO `reservation_user` (`reservation_id`, `user_id`) VALUES (888, "professor001");
-- INSERT INTO `reservation_facility` (`reservation_id`, `facility_id`) VALUES (888, 3);

-- INSERT INTO `reservation` (`id`, `creator_id`, `start_at`, `end_at`, `plan_id`, `plan_memo`) VALUES (889, "professor002", "2022-07-01 14:15:00", "2022-07-01 19:15:00", 2, "");
-- INSERT INTO `reservation_user` (`reservation_id`, `user_id`) VALUES (889, "professor002");
-- INSERT INTO `reservation_facility` (`reservation_id`, `facility_id`) VALUES (889, 4);

-- INSERT INTO `reservation` (`id`, `creator_id`, `start_at`, `end_at`, `plan_id`, `plan_memo`) VALUES (890, "professor003", "2022-07-02 08:00:00", "2022-07-02 11:00:00", 1, "");
-- INSERT INTO `reservation_user` (`reservation_id`, `user_id`) VALUES (890, "professor003");
-- INSERT INTO `reservation_user` (`reservation_id`, `user_id`) VALUES (890, "student004");
-- INSERT INTO `reservation_user` (`reservation_id`, `user_id`) VALUES (890, "student002");
-- INSERT INTO `reservation_facility` (`reservation_id`, `facility_id`) VALUES (890, 4);

-- INSERT INTO `reservation` (`id`, `creator_id`, `start_at`, `end_at`, `plan_id`, `plan_memo`) VALUES (891, "student004", "2022-07-02 15:30:00", "2022-07-02 18:30:00", 2, "");
-- INSERT INTO `reservation_user` (`reservation_id`, `user_id`) VALUES (891, "student004");
-- INSERT INTO `reservation_facility` (`reservation_id`, `facility_id`) VALUES (891, 2);

-- INSERT INTO `reservation` (`id`, `creator_id`, `start_at`, `end_at`, `plan_id`, `plan_memo`) VALUES (892, "professor002", "2022-07-04 09:45:00", "2022-07-04 13:45:00", 2, "");
-- INSERT INTO `reservation_user` (`reservation_id`, `user_id`) VALUES (892, "professor002");
-- INSERT INTO `reservation_user` (`reservation_id`, `user_id`) VALUES (892, "professor001");
-- INSERT INTO `reservation_facility` (`reservation_id`, `facility_id`) VALUES (892, 1);

-- INSERT INTO `reservation` (`id`, `creator_id`, `start_at`, `end_at`, `plan_id`, `plan_memo`) VALUES (893, "professor002", "2022-07-05 17:00:00", "2022-07-05 21:00:00", 1, "");
-- INSERT INTO `reservation_user` (`reservation_id`, `user_id`) VALUES (893, "professor002");
-- INSERT INTO `reservation_user` (`reservation_id`, `user_id`) VALUES (893, "professor001");
-- INSERT INTO `reservation_user` (`reservation_id`, `user_id`) VALUES (893, "student003");
-- INSERT INTO `reservation_user` (`reservation_id`, `user_id`) VALUES (893, "professor003");
-- INSERT INTO `reservation_user` (`reservation_id`, `user_id`) VALUES (893, "student001");
-- INSERT INTO `reservation_user` (`reservation_id`, `user_id`) VALUES (893, "student004");
-- INSERT INTO `reservation_facility` (`reservation_id`, `facility_id`) VALUES (893, 2);

-- INSERT INTO `reservation` (`id`, `creator_id`, `start_at`, `end_at`, `plan_id`, `plan_memo`) VALUES (894, "student002", "2022-07-08 08:45:00", "2022-07-08 12:45:00", 2, "");
-- INSERT INTO `reservation_user` (`reservation_id`, `user_id`) VALUES (894, "student002");
-- INSERT INTO `reservation_user` (`reservation_id`, `user_id`) VALUES (894, "student001");
-- INSERT INTO `reservation_user` (`reservation_id`, `user_id`) VALUES (894, "student004");
-- INSERT INTO `reservation_user` (`reservation_id`, `user_id`) VALUES (894, "professor001");
-- INSERT INTO `reservation_user` (`reservation_id`, `user_id`) VALUES (894, "student003");
-- INSERT INTO `reservation_facility` (`reservation_id`, `facility_id`) VALUES (894, 4);

-- INSERT INTO `reservation` (`id`, `creator_id`, `start_at`, `end_at`, `plan_id`, `plan_memo`) VALUES (895, "professor001", "2022-07-08 14:45:00", "2022-07-08 16:45:00", 2, "");
-- INSERT INTO `reservation_user` (`reservation_id`, `user_id`) VALUES (895, "professor001");
-- INSERT INTO `reservation_user` (`reservation_id`, `user_id`) VALUES (895, "student001");
-- INSERT INTO `reservation_user` (`reservation_id`, `user_id`) VALUES (895, "professor003");
-- INSERT INTO `reservation_user` (`reservation_id`, `user_id`) VALUES (895, "student003");
-- INSERT INTO `reservation_facility` (`reservation_id`, `facility_id`) VALUES (895, 1);

-- INSERT INTO `reservation` (`id`, `creator_id`, `start_at`, `end_at`, `plan_id`, `plan_memo`) VALUES (896, "student001", "2022-07-09 16:00:00", "2022-07-09 20:00:00", 1, "");
-- INSERT INTO `reservation_user` (`reservation_id`, `user_id`) VALUES (896, "student001");
-- INSERT INTO `reservation_user` (`reservation_id`, `user_id`) VALUES (896, "student003");
-- INSERT INTO `reservation_user` (`reservation_id`, `user_id`) VALUES (896, "professor002");
-- INSERT INTO `reservation_facility` (`reservation_id`, `facility_id`) VALUES (896, 2);

-- INSERT INTO `reservation` (`id`, `creator_id`, `start_at`, `end_at`, `plan_id`, `plan_memo`) VALUES (897, "professor004", "2022-07-10 09:45:00", "2022-07-10 13:45:00", 1, "");
-- INSERT INTO `reservation_user` (`reservation_id`, `user_id`) VALUES (897, "professor004");
-- INSERT INTO `reservation_user` (`reservation_id`, `user_id`) VALUES (897, "student002");
-- INSERT INTO `reservation_user` (`reservation_id`, `user_id`) VALUES (897, "professor001");
-- INSERT INTO `reservation_user` (`reservation_id`, `user_id`) VALUES (897, "professor003");
-- INSERT INTO `reservation_user` (`reservation_id`, `user_id`) VALUES (897, "student003");
-- INSERT INTO `reservation_user` (`reservation_id`, `user_id`) VALUES (897, "student001");
-- INSERT INTO `reservation_facility` (`reservation_id`, `facility_id`) VALUES (897, 1);

-- INSERT INTO `reservation` (`id`, `creator_id`, `start_at`, `end_at`, `plan_id`, `plan_memo`) VALUES (898, "professor004", "2022-07-11 14:45:00", "2022-07-11 16:45:00", 1, "");
-- INSERT INTO `reservation_user` (`reservation_id`, `user_id`) VALUES (898, "professor004");
-- INSERT INTO `reservation_user` (`reservation_id`, `user_id`) VALUES (898, "professor003");
-- INSERT INTO `reservation_user` (`reservation_id`, `user_id`) VALUES (898, "student001");
-- INSERT INTO `reservation_user` (`reservation_id`, `user_id`) VALUES (898, "student002");
-- INSERT INTO `reservation_user` (`reservation_id`, `user_id`) VALUES (898, "professor002");
-- INSERT INTO `reservation_user` (`reservation_id`, `user_id`) VALUES (898, "student003");
-- INSERT INTO `reservation_facility` (`reservation_id`, `facility_id`) VALUES (898, 4);

-- INSERT INTO `reservation` (`id`, `creator_id`, `start_at`, `end_at`, `plan_id`, `plan_memo`) VALUES (899, "student002", "2022-07-12 07:15:00", "2022-07-12 13:15:00", 2, "");
-- INSERT INTO `reservation_user` (`reservation_id`, `user_id`) VALUES (899, "student002");
-- INSERT INTO `reservation_facility` (`reservation_id`, `facility_id`) VALUES (899, 2);

-- INSERT INTO `reservation` (`id`, `creator_id`, `start_at`, `end_at`, `plan_id`, `plan_memo`) VALUES (900, "professor002", "2022-07-12 20:00:00", "2022-07-12 21:00:00", 1, "");
-- INSERT INTO `reservation_user` (`reservation_id`, `user_id`) VALUES (900, "professor002");
-- INSERT INTO `reservation_facility` (`reservation_id`, `facility_id`) VALUES (900, 2);

-- INSERT INTO `reservation` (`id`, `creator_id`, `start_at`, `end_at`, `plan_id`, `plan_memo`) VALUES (901, "student004", "2022-07-13 19:30:00", "2022-07-13 22:30:00", 1, "");
-- INSERT INTO `reservation_user` (`reservation_id`, `user_id`) VALUES (901, "student004");
-- INSERT INTO `reservation_user` (`reservation_id`, `user_id`) VALUES (901, "professor004");
-- INSERT INTO `reservation_facility` (`reservation_id`, `facility_id`) VALUES (901, 3);

-- INSERT INTO `reservation` (`id`, `creator_id`, `start_at`, `end_at`, `plan_id`, `plan_memo`) VALUES (902, "professor002", "2022-07-16 07:00:00", "2022-07-16 08:00:00", 2, "");
-- INSERT INTO `reservation_user` (`reservation_id`, `user_id`) VALUES (902, "professor002");
-- INSERT INTO `reservation_user` (`reservation_id`, `user_id`) VALUES (902, "professor003");
-- INSERT INTO `reservation_facility` (`reservation_id`, `facility_id`) VALUES (902, 1);

-- INSERT INTO `reservation` (`id`, `creator_id`, `start_at`, `end_at`, `plan_id`, `plan_memo`) VALUES (903, "student002", "2022-07-16 08:45:00", "2022-07-16 11:45:00", 1, "");
-- INSERT INTO `reservation_user` (`reservation_id`, `user_id`) VALUES (903, "student002");
-- INSERT INTO `reservation_user` (`reservation_id`, `user_id`) VALUES (903, "student004");
-- INSERT INTO `reservation_user` (`reservation_id`, `user_id`) VALUES (903, "student003");
-- INSERT INTO `reservation_user` (`reservation_id`, `user_id`) VALUES (903, "professor004");
-- INSERT INTO `reservation_user` (`reservation_id`, `user_id`) VALUES (903, "professor002");
-- INSERT INTO `reservation_user` (`reservation_id`, `user_id`) VALUES (903, "student001");
-- INSERT INTO `reservation_facility` (`reservation_id`, `facility_id`) VALUES (903, 2);

-- INSERT INTO `reservation` (`id`, `creator_id`, `start_at`, `end_at`, `plan_id`, `plan_memo`) VALUES (904, "student002", "2022-07-16 21:45:00", "2022-07-16 22:45:00", 1, "");
-- INSERT INTO `reservation_user` (`reservation_id`, `user_id`) VALUES (904, "student002");
-- INSERT INTO `reservation_facility` (`reservation_id`, `facility_id`) VALUES (904, 1);

-- INSERT INTO `reservation` (`id`, `creator_id`, `start_at`, `end_at`, `plan_id`, `plan_memo`) VALUES (905, "student002", "2022-07-17 18:30:00", "2022-07-17 21:30:00", 2, "");
-- INSERT INTO `reservation_user` (`reservation_id`, `user_id`) VALUES (905, "student002");
-- INSERT INTO `reservation_user` (`reservation_id`, `user_id`) VALUES (905, "professor003");
-- INSERT INTO `reservation_user` (`reservation_id`, `user_id`) VALUES (905, "student003");
-- INSERT INTO `reservation_user` (`reservation_id`, `user_id`) VALUES (905, "professor004");
-- INSERT INTO `reservation_facility` (`reservation_id`, `facility_id`) VALUES (905, 3);

-- INSERT INTO `reservation` (`id`, `creator_id`, `start_at`, `end_at`, `plan_id`, `plan_memo`) VALUES (906, "professor003", "2022-07-20 19:00:00", "2022-07-20 21:00:00", 1, "");
-- INSERT INTO `reservation_user` (`reservation_id`, `user_id`) VALUES (906, "professor003");
-- INSERT INTO `reservation_facility` (`reservation_id`, `facility_id`) VALUES (906, 2);

-- INSERT INTO `reservation` (`id`, `creator_id`, `start_at`, `end_at`, `plan_id`, `plan_memo`) VALUES (907, "student004", "2022-07-21 12:15:00", "2022-07-21 14:15:00", 1, "");
-- INSERT INTO `reservation_user` (`reservation_id`, `user_id`) VALUES (907, "student004");
-- INSERT INTO `reservation_facility` (`reservation_id`, `facility_id`) VALUES (907, 3);

-- INSERT INTO `reservation` (`id`, `creator_id`, `start_at`, `end_at`, `plan_id`, `plan_memo`) VALUES (908, "student003", "2022-07-21 15:45:00", "2022-07-21 18:45:00", 1, "");
-- INSERT INTO `reservation_user` (`reservation_id`, `user_id`) VALUES (908, "student003");
-- INSERT INTO `reservation_user` (`reservation_id`, `user_id`) VALUES (908, "professor003");
-- INSERT INTO `reservation_user` (`reservation_id`, `user_id`) VALUES (908, "student002");
-- INSERT INTO `reservation_user` (`reservation_id`, `user_id`) VALUES (908, "student001");
-- INSERT INTO `reservation_user` (`reservation_id`, `user_id`) VALUES (908, "student004");
-- INSERT INTO `reservation_user` (`reservation_id`, `user_id`) VALUES (908, "professor002");
-- INSERT INTO `reservation_facility` (`reservation_id`, `facility_id`) VALUES (908, 2);

-- INSERT INTO `reservation` (`id`, `creator_id`, `start_at`, `end_at`, `plan_id`, `plan_memo`) VALUES (909, "professor001", "2022-07-22 18:00:00", "2022-07-22 23:00:00", 1, "");
-- INSERT INTO `reservation_user` (`reservation_id`, `user_id`) VALUES (909, "professor001");
-- INSERT INTO `reservation_user` (`reservation_id`, `user_id`) VALUES (909, "student002");
-- INSERT INTO `reservation_user` (`reservation_id`, `user_id`) VALUES (909, "student001");
-- INSERT INTO `reservation_user` (`reservation_id`, `user_id`) VALUES (909, "professor003");
-- INSERT INTO `reservation_facility` (`reservation_id`, `facility_id`) VALUES (909, 3);

-- INSERT INTO `reservation` (`id`, `creator_id`, `start_at`, `end_at`, `plan_id`, `plan_memo`) VALUES (910, "student004", "2022-07-23 17:00:00", "2022-07-23 22:00:00", 2, "");
-- INSERT INTO `reservation_user` (`reservation_id`, `user_id`) VALUES (910, "student004");
-- INSERT INTO `reservation_user` (`reservation_id`, `user_id`) VALUES (910, "student001");
-- INSERT INTO `reservation_user` (`reservation_id`, `user_id`) VALUES (910, "professor001");
-- INSERT INTO `reservation_facility` (`reservation_id`, `facility_id`) VALUES (910, 3);

-- INSERT INTO `reservation` (`id`, `creator_id`, `start_at`, `end_at`, `plan_id`, `plan_memo`) VALUES (911, "professor002", "2022-07-25 17:00:00", "2022-07-25 18:00:00", 1, "");
-- INSERT INTO `reservation_user` (`reservation_id`, `user_id`) VALUES (911, "professor002");
-- INSERT INTO `reservation_user` (`reservation_id`, `user_id`) VALUES (911, "student002");
-- INSERT INTO `reservation_facility` (`reservation_id`, `facility_id`) VALUES (911, 2);

-- INSERT INTO `reservation` (`id`, `creator_id`, `start_at`, `end_at`, `plan_id`, `plan_memo`) VALUES (912, "student001", "2022-07-25 20:00:00", "2022-07-25 22:00:00", 2, "");
-- INSERT INTO `reservation_user` (`reservation_id`, `user_id`) VALUES (912, "student001");
-- INSERT INTO `reservation_user` (`reservation_id`, `user_id`) VALUES (912, "student002");
-- INSERT INTO `reservation_user` (`reservation_id`, `user_id`) VALUES (912, "professor004");
-- INSERT INTO `reservation_user` (`reservation_id`, `user_id`) VALUES (912, "professor003");
-- INSERT INTO `reservation_user` (`reservation_id`, `user_id`) VALUES (912, "student003");
-- INSERT INTO `reservation_user` (`reservation_id`, `user_id`) VALUES (912, "professor002");
-- INSERT INTO `reservation_facility` (`reservation_id`, `facility_id`) VALUES (912, 1);

-- INSERT INTO `reservation` (`id`, `creator_id`, `start_at`, `end_at`, `plan_id`, `plan_memo`) VALUES (913, "student004", "2022-07-26 09:15:00", "2022-07-26 11:15:00", 2, "");
-- INSERT INTO `reservation_user` (`reservation_id`, `user_id`) VALUES (913, "student004");
-- INSERT INTO `reservation_user` (`reservation_id`, `user_id`) VALUES (913, "professor003");
-- INSERT INTO `reservation_user` (`reservation_id`, `user_id`) VALUES (913, "professor002");
-- INSERT INTO `reservation_facility` (`reservation_id`, `facility_id`) VALUES (913, 1);

-- INSERT INTO `reservation` (`id`, `creator_id`, `start_at`, `end_at`, `plan_id`, `plan_memo`) VALUES (914, "student001", "2022-07-27 10:00:00", "2022-07-27 14:00:00", 2, "");
-- INSERT INTO `reservation_user` (`reservation_id`, `user_id`) VALUES (914, "student001");
-- INSERT INTO `reservation_user` (`reservation_id`, `user_id`) VALUES (914, "student004");
-- INSERT INTO `reservation_user` (`reservation_id`, `user_id`) VALUES (914, "professor001");
-- INSERT INTO `reservation_user` (`reservation_id`, `user_id`) VALUES (914, "professor003");
-- INSERT INTO `reservation_user` (`reservation_id`, `user_id`) VALUES (914, "student002");
-- INSERT INTO `reservation_user` (`reservation_id`, `user_id`) VALUES (914, "student003");
-- INSERT INTO `reservation_facility` (`reservation_id`, `facility_id`) VALUES (914, 3);

-- INSERT INTO `reservation` (`id`, `creator_id`, `start_at`, `end_at`, `plan_id`, `plan_memo`) VALUES (915, "student001", "2022-07-28 16:30:00", "2022-07-28 21:30:00", 2, "");
-- INSERT INTO `reservation_user` (`reservation_id`, `user_id`) VALUES (915, "student001");
-- INSERT INTO `reservation_user` (`reservation_id`, `user_id`) VALUES (915, "professor004");
-- INSERT INTO `reservation_user` (`reservation_id`, `user_id`) VALUES (915, "student002");
-- INSERT INTO `reservation_user` (`reservation_id`, `user_id`) VALUES (915, "professor001");
-- INSERT INTO `reservation_user` (`reservation_id`, `user_id`) VALUES (915, "student004");
-- INSERT INTO `reservation_facility` (`reservation_id`, `facility_id`) VALUES (915, 1);

-- INSERT INTO `reservation` (`id`, `creator_id`, `start_at`, `end_at`, `plan_id`, `plan_memo`) VALUES (916, "student003", "2022-07-29 08:15:00", "2022-07-29 13:15:00", 2, "");
-- INSERT INTO `reservation_user` (`reservation_id`, `user_id`) VALUES (916, "student003");
-- INSERT INTO `reservation_facility` (`reservation_id`, `facility_id`) VALUES (916, 3);

-- INSERT INTO `reservation` (`id`, `creator_id`, `start_at`, `end_at`, `plan_id`, `plan_memo`) VALUES (917, "student001", "2022-07-29 17:45:00", "2022-07-29 20:45:00", 2, "");
-- INSERT INTO `reservation_user` (`reservation_id`, `user_id`) VALUES (917, "student001");
-- INSERT INTO `reservation_user` (`reservation_id`, `user_id`) VALUES (917, "student003");
-- INSERT INTO `reservation_facility` (`reservation_id`, `facility_id`) VALUES (917, 4);

-- INSERT INTO `reservation` (`id`, `creator_id`, `start_at`, `end_at`, `plan_id`, `plan_memo`) VALUES (918, "student003", "2022-07-30 12:45:00", "2022-07-30 13:45:00", 2, "");
-- INSERT INTO `reservation_user` (`reservation_id`, `user_id`) VALUES (918, "student003");
-- INSERT INTO `reservation_user` (`reservation_id`, `user_id`) VALUES (918, "professor003");
-- INSERT INTO `reservation_facility` (`reservation_id`, `facility_id`) VALUES (918, 4);

-- INSERT INTO `reservation` (`id`, `creator_id`, `start_at`, `end_at`, `plan_id`, `plan_memo`) VALUES (919, "professor001", "2022-07-30 14:00:00", "2022-07-30 18:00:00", 2, "");
-- INSERT INTO `reservation_user` (`reservation_id`, `user_id`) VALUES (919, "professor001");
-- INSERT INTO `reservation_facility` (`reservation_id`, `facility_id`) VALUES (919, 1);

-- INSERT INTO `reservation` (`id`, `creator_id`, `start_at`, `end_at`, `plan_id`, `plan_memo`) VALUES (920, "student002", "2022-07-31 07:45:00", "2022-07-31 11:45:00", 2, "");
-- INSERT INTO `reservation_user` (`reservation_id`, `user_id`) VALUES (920, "student002");
-- INSERT INTO `reservation_facility` (`reservation_id`, `facility_id`) VALUES (920, 4);

-- INSERT INTO `reservation` (`id`, `creator_id`, `start_at`, `end_at`, `plan_id`, `plan_memo`) VALUES (921, "student003", "2022-08-01 09:45:00", "2022-08-01 14:45:00", 2, "");
-- INSERT INTO `reservation_user` (`reservation_id`, `user_id`) VALUES (921, "student003");
-- INSERT INTO `reservation_user` (`reservation_id`, `user_id`) VALUES (921, "student001");
-- INSERT INTO `reservation_user` (`reservation_id`, `user_id`) VALUES (921, "professor003");
-- INSERT INTO `reservation_facility` (`reservation_id`, `facility_id`) VALUES (921, 3);

-- INSERT INTO `reservation` (`id`, `creator_id`, `start_at`, `end_at`, `plan_id`, `plan_memo`) VALUES (922, "professor002", "2022-08-03 07:00:00", "2022-08-03 10:00:00", 2, "");
-- INSERT INTO `reservation_user` (`reservation_id`, `user_id`) VALUES (922, "professor002");
-- INSERT INTO `reservation_user` (`reservation_id`, `user_id`) VALUES (922, "professor003");
-- INSERT INTO `reservation_user` (`reservation_id`, `user_id`) VALUES (922, "professor001");
-- INSERT INTO `reservation_user` (`reservation_id`, `user_id`) VALUES (922, "professor004");
-- INSERT INTO `reservation_user` (`reservation_id`, `user_id`) VALUES (922, "student001");
-- INSERT INTO `reservation_user` (`reservation_id`, `user_id`) VALUES (922, "student002");
-- INSERT INTO `reservation_facility` (`reservation_id`, `facility_id`) VALUES (922, 3);

-- INSERT INTO `reservation` (`id`, `creator_id`, `start_at`, `end_at`, `plan_id`, `plan_memo`) VALUES (923, "student004", "2022-08-03 17:30:00", "2022-08-03 22:30:00", 1, "");
-- INSERT INTO `reservation_user` (`reservation_id`, `user_id`) VALUES (923, "student004");
-- INSERT INTO `reservation_facility` (`reservation_id`, `facility_id`) VALUES (923, 2);

-- INSERT INTO `reservation` (`id`, `creator_id`, `start_at`, `end_at`, `plan_id`, `plan_memo`) VALUES (924, "professor004", "2022-08-04 21:30:00", "2022-08-04 23:30:00", 1, "");
-- INSERT INTO `reservation_user` (`reservation_id`, `user_id`) VALUES (924, "professor004");
-- INSERT INTO `reservation_user` (`reservation_id`, `user_id`) VALUES (924, "student001");
-- INSERT INTO `reservation_user` (`reservation_id`, `user_id`) VALUES (924, "student003");
-- INSERT INTO `reservation_user` (`reservation_id`, `user_id`) VALUES (924, "professor001");
-- INSERT INTO `reservation_user` (`reservation_id`, `user_id`) VALUES (924, "professor002");
-- INSERT INTO `reservation_facility` (`reservation_id`, `facility_id`) VALUES (924, 4);

-- INSERT INTO `reservation` (`id`, `creator_id`, `start_at`, `end_at`, `plan_id`, `plan_memo`) VALUES (925, "student004", "2022-08-05 09:30:00", "2022-08-05 10:30:00", 1, "");
-- INSERT INTO `reservation_user` (`reservation_id`, `user_id`) VALUES (925, "student004");
-- INSERT INTO `reservation_user` (`reservation_id`, `user_id`) VALUES (925, "student001");
-- INSERT INTO `reservation_facility` (`reservation_id`, `facility_id`) VALUES (925, 1);

-- INSERT INTO `reservation` (`id`, `creator_id`, `start_at`, `end_at`, `plan_id`, `plan_memo`) VALUES (926, "professor004", "2022-08-06 12:45:00", "2022-08-06 17:45:00", 2, "");
-- INSERT INTO `reservation_user` (`reservation_id`, `user_id`) VALUES (926, "professor004");
-- INSERT INTO `reservation_user` (`reservation_id`, `user_id`) VALUES (926, "student004");
-- INSERT INTO `reservation_user` (`reservation_id`, `user_id`) VALUES (926, "professor003");
-- INSERT INTO `reservation_user` (`reservation_id`, `user_id`) VALUES (926, "professor001");
-- INSERT INTO `reservation_user` (`reservation_id`, `user_id`) VALUES (926, "student002");
-- INSERT INTO `reservation_facility` (`reservation_id`, `facility_id`) VALUES (926, 2);

-- INSERT INTO `reservation` (`id`, `creator_id`, `start_at`, `end_at`, `plan_id`, `plan_memo`) VALUES (927, "student003", "2022-08-08 08:30:00", "2022-08-08 10:30:00", 1, "");
-- INSERT INTO `reservation_user` (`reservation_id`, `user_id`) VALUES (927, "student003");
-- INSERT INTO `reservation_facility` (`reservation_id`, `facility_id`) VALUES (927, 2);

-- INSERT INTO `reservation` (`id`, `creator_id`, `start_at`, `end_at`, `plan_id`, `plan_memo`) VALUES (928, "student001", "2022-08-08 11:30:00", "2022-08-08 17:30:00", 1, "");
-- INSERT INTO `reservation_user` (`reservation_id`, `user_id`) VALUES (928, "student001");
-- INSERT INTO `reservation_facility` (`reservation_id`, `facility_id`) VALUES (928, 4);

-- INSERT INTO `reservation` (`id`, `creator_id`, `start_at`, `end_at`, `plan_id`, `plan_memo`) VALUES (929, "student001", "2022-08-09 14:45:00", "2022-08-09 15:45:00", 2, "");
-- INSERT INTO `reservation_user` (`reservation_id`, `user_id`) VALUES (929, "student001");
-- INSERT INTO `reservation_facility` (`reservation_id`, `facility_id`) VALUES (929, 4);

-- INSERT INTO `reservation` (`id`, `creator_id`, `start_at`, `end_at`, `plan_id`, `plan_memo`) VALUES (930, "student004", "2022-08-10 14:30:00", "2022-08-10 15:30:00", 2, "");
-- INSERT INTO `reservation_user` (`reservation_id`, `user_id`) VALUES (930, "student004");
-- INSERT INTO `reservation_user` (`reservation_id`, `user_id`) VALUES (930, "professor004");
-- INSERT INTO `reservation_facility` (`reservation_id`, `facility_id`) VALUES (930, 4);

-- INSERT INTO `reservation` (`id`, `creator_id`, `start_at`, `end_at`, `plan_id`, `plan_memo`) VALUES (931, "student003", "2022-08-11 14:30:00", "2022-08-11 15:30:00", 1, "");
-- INSERT INTO `reservation_user` (`reservation_id`, `user_id`) VALUES (931, "student003");
-- INSERT INTO `reservation_user` (`reservation_id`, `user_id`) VALUES (931, "student004");
-- INSERT INTO `reservation_user` (`reservation_id`, `user_id`) VALUES (931, "student001");
-- INSERT INTO `reservation_facility` (`reservation_id`, `facility_id`) VALUES (931, 2);

-- INSERT INTO `reservation` (`id`, `creator_id`, `start_at`, `end_at`, `plan_id`, `plan_memo`) VALUES (932, "professor001", "2022-08-13 14:45:00", "2022-08-13 18:45:00", 2, "");
-- INSERT INTO `reservation_user` (`reservation_id`, `user_id`) VALUES (932, "professor001");
-- INSERT INTO `reservation_facility` (`reservation_id`, `facility_id`) VALUES (932, 2);

-- INSERT INTO `reservation` (`id`, `creator_id`, `start_at`, `end_at`, `plan_id`, `plan_memo`) VALUES (933, "student002", "2022-08-14 08:15:00", "2022-08-14 09:15:00", 1, "");
-- INSERT INTO `reservation_user` (`reservation_id`, `user_id`) VALUES (933, "student002");
-- INSERT INTO `reservation_user` (`reservation_id`, `user_id`) VALUES (933, "student003");
-- INSERT INTO `reservation_facility` (`reservation_id`, `facility_id`) VALUES (933, 1);

-- INSERT INTO `reservation` (`id`, `creator_id`, `start_at`, `end_at`, `plan_id`, `plan_memo`) VALUES (934, "professor001", "2022-08-15 15:00:00", "2022-08-15 16:00:00", 2, "");
-- INSERT INTO `reservation_user` (`reservation_id`, `user_id`) VALUES (934, "professor001");
-- INSERT INTO `reservation_facility` (`reservation_id`, `facility_id`) VALUES (934, 3);

-- INSERT INTO `reservation` (`id`, `creator_id`, `start_at`, `end_at`, `plan_id`, `plan_memo`) VALUES (935, "student001", "2022-08-15 16:45:00", "2022-08-15 22:45:00", 2, "");
-- INSERT INTO `reservation_user` (`reservation_id`, `user_id`) VALUES (935, "student001");
-- INSERT INTO `reservation_user` (`reservation_id`, `user_id`) VALUES (935, "professor001");
-- INSERT INTO `reservation_user` (`reservation_id`, `user_id`) VALUES (935, "professor004");
-- INSERT INTO `reservation_user` (`reservation_id`, `user_id`) VALUES (935, "student002");
-- INSERT INTO `reservation_user` (`reservation_id`, `user_id`) VALUES (935, "professor002");
-- INSERT INTO `reservation_facility` (`reservation_id`, `facility_id`) VALUES (935, 4);

-- INSERT INTO `reservation` (`id`, `creator_id`, `start_at`, `end_at`, `plan_id`, `plan_memo`) VALUES (936, "student004", "2022-08-18 09:30:00", "2022-08-18 11:30:00", 1, "");
-- INSERT INTO `reservation_user` (`reservation_id`, `user_id`) VALUES (936, "student004");
-- INSERT INTO `reservation_user` (`reservation_id`, `user_id`) VALUES (936, "professor002");
-- INSERT INTO `reservation_user` (`reservation_id`, `user_id`) VALUES (936, "student003");
-- INSERT INTO `reservation_user` (`reservation_id`, `user_id`) VALUES (936, "professor003");
-- INSERT INTO `reservation_user` (`reservation_id`, `user_id`) VALUES (936, "student001");
-- INSERT INTO `reservation_facility` (`reservation_id`, `facility_id`) VALUES (936, 4);

-- INSERT INTO `reservation` (`id`, `creator_id`, `start_at`, `end_at`, `plan_id`, `plan_memo`) VALUES (937, "professor004", "2022-08-20 09:30:00", "2022-08-20 13:30:00", 1, "");
-- INSERT INTO `reservation_user` (`reservation_id`, `user_id`) VALUES (937, "professor004");
-- INSERT INTO `reservation_facility` (`reservation_id`, `facility_id`) VALUES (937, 1);

-- INSERT INTO `reservation` (`id`, `creator_id`, `start_at`, `end_at`, `plan_id`, `plan_memo`) VALUES (938, "professor001", "2022-08-21 08:15:00", "2022-08-21 13:15:00", 1, "");
-- INSERT INTO `reservation_user` (`reservation_id`, `user_id`) VALUES (938, "professor001");
-- INSERT INTO `reservation_user` (`reservation_id`, `user_id`) VALUES (938, "professor004");
-- INSERT INTO `reservation_user` (`reservation_id`, `user_id`) VALUES (938, "student002");
-- INSERT INTO `reservation_facility` (`reservation_id`, `facility_id`) VALUES (938, 4);

-- INSERT INTO `reservation` (`id`, `creator_id`, `start_at`, `end_at`, `plan_id`, `plan_memo`) VALUES (939, "student002", "2022-08-22 10:45:00", "2022-08-22 11:45:00", 2, "");
-- INSERT INTO `reservation_user` (`reservation_id`, `user_id`) VALUES (939, "student002");
-- INSERT INTO `reservation_facility` (`reservation_id`, `facility_id`) VALUES (939, 4);

-- INSERT INTO `reservation` (`id`, `creator_id`, `start_at`, `end_at`, `plan_id`, `plan_memo`) VALUES (940, "professor004", "2022-08-25 16:00:00", "2022-08-25 18:00:00", 2, "");
-- INSERT INTO `reservation_user` (`reservation_id`, `user_id`) VALUES (940, "professor004");
-- INSERT INTO `reservation_user` (`reservation_id`, `user_id`) VALUES (940, "professor003");
-- INSERT INTO `reservation_user` (`reservation_id`, `user_id`) VALUES (940, "professor001");
-- INSERT INTO `reservation_user` (`reservation_id`, `user_id`) VALUES (940, "student001");
-- INSERT INTO `reservation_user` (`reservation_id`, `user_id`) VALUES (940, "student004");
-- INSERT INTO `reservation_user` (`reservation_id`, `user_id`) VALUES (940, "student003");
-- INSERT INTO `reservation_facility` (`reservation_id`, `facility_id`) VALUES (940, 3);

-- INSERT INTO `reservation` (`id`, `creator_id`, `start_at`, `end_at`, `plan_id`, `plan_memo`) VALUES (941, "professor004", "2022-08-26 19:15:00", "2022-08-26 22:15:00", 2, "");
-- INSERT INTO `reservation_user` (`reservation_id`, `user_id`) VALUES (941, "professor004");
-- INSERT INTO `reservation_user` (`reservation_id`, `user_id`) VALUES (941, "professor003");
-- INSERT INTO `reservation_user` (`reservation_id`, `user_id`) VALUES (941, "student004");
-- INSERT INTO `reservation_user` (`reservation_id`, `user_id`) VALUES (941, "student001");
-- INSERT INTO `reservation_facility` (`reservation_id`, `facility_id`) VALUES (941, 2);

-- INSERT INTO `reservation` (`id`, `creator_id`, `start_at`, `end_at`, `plan_id`, `plan_memo`) VALUES (942, "professor004", "2022-08-27 07:45:00", "2022-08-27 09:45:00", 1, "");
-- INSERT INTO `reservation_user` (`reservation_id`, `user_id`) VALUES (942, "professor004");
-- INSERT INTO `reservation_facility` (`reservation_id`, `facility_id`) VALUES (942, 2);

-- INSERT INTO `reservation` (`id`, `creator_id`, `start_at`, `end_at`, `plan_id`, `plan_memo`) VALUES (943, "professor003", "2022-08-28 08:00:00", "2022-08-28 11:00:00", 2, "");
-- INSERT INTO `reservation_user` (`reservation_id`, `user_id`) VALUES (943, "professor003");
-- INSERT INTO `reservation_user` (`reservation_id`, `user_id`) VALUES (943, "student001");
-- INSERT INTO `reservation_user` (`reservation_id`, `user_id`) VALUES (943, "student004");
-- INSERT INTO `reservation_user` (`reservation_id`, `user_id`) VALUES (943, "professor002");
-- INSERT INTO `reservation_user` (`reservation_id`, `user_id`) VALUES (943, "professor004");
-- INSERT INTO `reservation_user` (`reservation_id`, `user_id`) VALUES (943, "student003");
-- INSERT INTO `reservation_facility` (`reservation_id`, `facility_id`) VALUES (943, 4);

-- INSERT INTO `reservation` (`id`, `creator_id`, `start_at`, `end_at`, `plan_id`, `plan_memo`) VALUES (944, "professor003", "2022-08-28 13:45:00", "2022-08-28 19:45:00", 2, "");
-- INSERT INTO `reservation_user` (`reservation_id`, `user_id`) VALUES (944, "professor003");
-- INSERT INTO `reservation_user` (`reservation_id`, `user_id`) VALUES (944, "professor001");
-- INSERT INTO `reservation_user` (`reservation_id`, `user_id`) VALUES (944, "student003");
-- INSERT INTO `reservation_user` (`reservation_id`, `user_id`) VALUES (944, "student004");
-- INSERT INTO `reservation_facility` (`reservation_id`, `facility_id`) VALUES (944, 3);

-- INSERT INTO `reservation` (`id`, `creator_id`, `start_at`, `end_at`, `plan_id`, `plan_memo`) VALUES (945, "student002", "2022-08-30 10:00:00", "2022-08-30 15:00:00", 1, "");
-- INSERT INTO `reservation_user` (`reservation_id`, `user_id`) VALUES (945, "student002");
-- INSERT INTO `reservation_facility` (`reservation_id`, `facility_id`) VALUES (945, 2);

-- INSERT INTO `reservation` (`id`, `creator_id`, `start_at`, `end_at`, `plan_id`, `plan_memo`) VALUES (946, "student004", "2022-09-03 14:45:00", "2022-09-03 17:45:00", 2, "");
-- INSERT INTO `reservation_user` (`reservation_id`, `user_id`) VALUES (946, "student004");
-- INSERT INTO `reservation_user` (`reservation_id`, `user_id`) VALUES (946, "student003");
-- INSERT INTO `reservation_user` (`reservation_id`, `user_id`) VALUES (946, "professor001");
-- INSERT INTO `reservation_user` (`reservation_id`, `user_id`) VALUES (946, "professor003");
-- INSERT INTO `reservation_user` (`reservation_id`, `user_id`) VALUES (946, "professor004");
-- INSERT INTO `reservation_facility` (`reservation_id`, `facility_id`) VALUES (946, 1);

-- INSERT INTO `reservation` (`id`, `creator_id`, `start_at`, `end_at`, `plan_id`, `plan_memo`) VALUES (947, "professor004", "2022-09-06 13:15:00", "2022-09-06 17:15:00", 2, "");
-- INSERT INTO `reservation_user` (`reservation_id`, `user_id`) VALUES (947, "professor004");
-- INSERT INTO `reservation_user` (`reservation_id`, `user_id`) VALUES (947, "student001");
-- INSERT INTO `reservation_user` (`reservation_id`, `user_id`) VALUES (947, "professor001");
-- INSERT INTO `reservation_facility` (`reservation_id`, `facility_id`) VALUES (947, 2);

-- INSERT INTO `reservation` (`id`, `creator_id`, `start_at`, `end_at`, `plan_id`, `plan_memo`) VALUES (948, "professor003", "2022-09-07 16:15:00", "2022-09-07 18:15:00", 1, "");
-- INSERT INTO `reservation_user` (`reservation_id`, `user_id`) VALUES (948, "professor003");
-- INSERT INTO `reservation_user` (`reservation_id`, `user_id`) VALUES (948, "professor001");
-- INSERT INTO `reservation_facility` (`reservation_id`, `facility_id`) VALUES (948, 3);

-- INSERT INTO `reservation` (`id`, `creator_id`, `start_at`, `end_at`, `plan_id`, `plan_memo`) VALUES (949, "student002", "2022-09-09 20:15:00", "2022-09-09 22:15:00", 2, "");
-- INSERT INTO `reservation_user` (`reservation_id`, `user_id`) VALUES (949, "student002");
-- INSERT INTO `reservation_user` (`reservation_id`, `user_id`) VALUES (949, "student003");
-- INSERT INTO `reservation_facility` (`reservation_id`, `facility_id`) VALUES (949, 2);

-- INSERT INTO `reservation` (`id`, `creator_id`, `start_at`, `end_at`, `plan_id`, `plan_memo`) VALUES (950, "professor002", "2022-09-10 14:15:00", "2022-09-10 18:15:00", 1, "");
-- INSERT INTO `reservation_user` (`reservation_id`, `user_id`) VALUES (950, "professor002");
-- INSERT INTO `reservation_user` (`reservation_id`, `user_id`) VALUES (950, "student003");
-- INSERT INTO `reservation_user` (`reservation_id`, `user_id`) VALUES (950, "student004");
-- INSERT INTO `reservation_user` (`reservation_id`, `user_id`) VALUES (950, "professor004");
-- INSERT INTO `reservation_user` (`reservation_id`, `user_id`) VALUES (950, "student002");
-- INSERT INTO `reservation_facility` (`reservation_id`, `facility_id`) VALUES (950, 3);

-- INSERT INTO `reservation` (`id`, `creator_id`, `start_at`, `end_at`, `plan_id`, `plan_memo`) VALUES (951, "student002", "2022-09-11 11:30:00", "2022-09-11 14:30:00", 2, "");
-- INSERT INTO `reservation_user` (`reservation_id`, `user_id`) VALUES (951, "student002");
-- INSERT INTO `reservation_user` (`reservation_id`, `user_id`) VALUES (951, "professor003");
-- INSERT INTO `reservation_user` (`reservation_id`, `user_id`) VALUES (951, "professor004");
-- INSERT INTO `reservation_user` (`reservation_id`, `user_id`) VALUES (951, "professor002");
-- INSERT INTO `reservation_facility` (`reservation_id`, `facility_id`) VALUES (951, 2);

-- INSERT INTO `reservation` (`id`, `creator_id`, `start_at`, `end_at`, `plan_id`, `plan_memo`) VALUES (952, "professor004", "2022-09-11 17:00:00", "2022-09-11 23:00:00", 2, "");
-- INSERT INTO `reservation_user` (`reservation_id`, `user_id`) VALUES (952, "professor004");
-- INSERT INTO `reservation_user` (`reservation_id`, `user_id`) VALUES (952, "professor002");
-- INSERT INTO `reservation_user` (`reservation_id`, `user_id`) VALUES (952, "student002");
-- INSERT INTO `reservation_user` (`reservation_id`, `user_id`) VALUES (952, "student001");
-- INSERT INTO `reservation_user` (`reservation_id`, `user_id`) VALUES (952, "student003");
-- INSERT INTO `reservation_facility` (`reservation_id`, `facility_id`) VALUES (952, 4);

-- INSERT INTO `reservation` (`id`, `creator_id`, `start_at`, `end_at`, `plan_id`, `plan_memo`) VALUES (953, "professor003", "2022-09-13 14:00:00", "2022-09-13 16:00:00", 1, "");
-- INSERT INTO `reservation_user` (`reservation_id`, `user_id`) VALUES (953, "professor003");
-- INSERT INTO `reservation_facility` (`reservation_id`, `facility_id`) VALUES (953, 2);

-- INSERT INTO `reservation` (`id`, `creator_id`, `start_at`, `end_at`, `plan_id`, `plan_memo`) VALUES (954, "student001", "2022-09-13 18:45:00", "2022-09-13 21:45:00", 2, "");
-- INSERT INTO `reservation_user` (`reservation_id`, `user_id`) VALUES (954, "student001");
-- INSERT INTO `reservation_user` (`reservation_id`, `user_id`) VALUES (954, "student002");
-- INSERT INTO `reservation_user` (`reservation_id`, `user_id`) VALUES (954, "student003");
-- INSERT INTO `reservation_facility` (`reservation_id`, `facility_id`) VALUES (954, 3);

-- INSERT INTO `reservation` (`id`, `creator_id`, `start_at`, `end_at`, `plan_id`, `plan_memo`) VALUES (955, "student004", "2022-09-14 12:45:00", "2022-09-14 16:45:00", 2, "");
-- INSERT INTO `reservation_user` (`reservation_id`, `user_id`) VALUES (955, "student004");
-- INSERT INTO `reservation_user` (`reservation_id`, `user_id`) VALUES (955, "professor001");
-- INSERT INTO `reservation_user` (`reservation_id`, `user_id`) VALUES (955, "professor004");
-- INSERT INTO `reservation_facility` (`reservation_id`, `facility_id`) VALUES (955, 3);

-- INSERT INTO `reservation` (`id`, `creator_id`, `start_at`, `end_at`, `plan_id`, `plan_memo`) VALUES (956, "professor004", "2022-09-14 18:00:00", "2022-09-14 23:00:00", 1, "");
-- INSERT INTO `reservation_user` (`reservation_id`, `user_id`) VALUES (956, "professor004");
-- INSERT INTO `reservation_user` (`reservation_id`, `user_id`) VALUES (956, "student002");
-- INSERT INTO `reservation_user` (`reservation_id`, `user_id`) VALUES (956, "professor002");
-- INSERT INTO `reservation_user` (`reservation_id`, `user_id`) VALUES (956, "professor001");
-- INSERT INTO `reservation_facility` (`reservation_id`, `facility_id`) VALUES (956, 3);

-- INSERT INTO `reservation` (`id`, `creator_id`, `start_at`, `end_at`, `plan_id`, `plan_memo`) VALUES (957, "student002", "2022-09-16 12:00:00", "2022-09-16 16:00:00", 1, "");
-- INSERT INTO `reservation_user` (`reservation_id`, `user_id`) VALUES (957, "student002");
-- INSERT INTO `reservation_user` (`reservation_id`, `user_id`) VALUES (957, "professor002");
-- INSERT INTO `reservation_user` (`reservation_id`, `user_id`) VALUES (957, "student001");
-- INSERT INTO `reservation_facility` (`reservation_id`, `facility_id`) VALUES (957, 4);

-- INSERT INTO `reservation` (`id`, `creator_id`, `start_at`, `end_at`, `plan_id`, `plan_memo`) VALUES (958, "student004", "2022-09-16 16:45:00", "2022-09-16 20:45:00", 1, "");
-- INSERT INTO `reservation_user` (`reservation_id`, `user_id`) VALUES (958, "student004");
-- INSERT INTO `reservation_user` (`reservation_id`, `user_id`) VALUES (958, "student001");
-- INSERT INTO `reservation_facility` (`reservation_id`, `facility_id`) VALUES (958, 2);

-- INSERT INTO `reservation` (`id`, `creator_id`, `start_at`, `end_at`, `plan_id`, `plan_memo`) VALUES (959, "student003", "2022-09-16 20:45:00", "2022-09-16 23:45:00", 1, "");
-- INSERT INTO `reservation_user` (`reservation_id`, `user_id`) VALUES (959, "student003");
-- INSERT INTO `reservation_user` (`reservation_id`, `user_id`) VALUES (959, "professor003");
-- INSERT INTO `reservation_user` (`reservation_id`, `user_id`) VALUES (959, "student002");
-- INSERT INTO `reservation_user` (`reservation_id`, `user_id`) VALUES (959, "student001");
-- INSERT INTO `reservation_user` (`reservation_id`, `user_id`) VALUES (959, "student004");
-- INSERT INTO `reservation_user` (`reservation_id`, `user_id`) VALUES (959, "professor004");
-- INSERT INTO `reservation_facility` (`reservation_id`, `facility_id`) VALUES (959, 2);

-- INSERT INTO `reservation` (`id`, `creator_id`, `start_at`, `end_at`, `plan_id`, `plan_memo`) VALUES (960, "professor003", "2022-09-18 08:00:00", "2022-09-18 09:00:00", 1, "");
-- INSERT INTO `reservation_user` (`reservation_id`, `user_id`) VALUES (960, "professor003");
-- INSERT INTO `reservation_facility` (`reservation_id`, `facility_id`) VALUES (960, 1);

-- INSERT INTO `reservation` (`id`, `creator_id`, `start_at`, `end_at`, `plan_id`, `plan_memo`) VALUES (961, "student001", "2022-09-18 14:15:00", "2022-09-18 20:15:00", 2, "");
-- INSERT INTO `reservation_user` (`reservation_id`, `user_id`) VALUES (961, "student001");
-- INSERT INTO `reservation_user` (`reservation_id`, `user_id`) VALUES (961, "professor002");
-- INSERT INTO `reservation_user` (`reservation_id`, `user_id`) VALUES (961, "professor004");
-- INSERT INTO `reservation_user` (`reservation_id`, `user_id`) VALUES (961, "professor001");
-- INSERT INTO `reservation_facility` (`reservation_id`, `facility_id`) VALUES (961, 2);

-- INSERT INTO `reservation` (`id`, `creator_id`, `start_at`, `end_at`, `plan_id`, `plan_memo`) VALUES (962, "student001", "2022-09-19 20:00:00", "2022-09-19 21:00:00", 2, "");
-- INSERT INTO `reservation_user` (`reservation_id`, `user_id`) VALUES (962, "student001");
-- INSERT INTO `reservation_user` (`reservation_id`, `user_id`) VALUES (962, "professor004");
-- INSERT INTO `reservation_facility` (`reservation_id`, `facility_id`) VALUES (962, 4);

-- INSERT INTO `reservation` (`id`, `creator_id`, `start_at`, `end_at`, `plan_id`, `plan_memo`) VALUES (963, "professor001", "2022-09-20 11:15:00", "2022-09-20 15:15:00", 2, "");
-- INSERT INTO `reservation_user` (`reservation_id`, `user_id`) VALUES (963, "professor001");
-- INSERT INTO `reservation_user` (`reservation_id`, `user_id`) VALUES (963, "student001");
-- INSERT INTO `reservation_user` (`reservation_id`, `user_id`) VALUES (963, "professor004");
-- INSERT INTO `reservation_user` (`reservation_id`, `user_id`) VALUES (963, "student002");
-- INSERT INTO `reservation_facility` (`reservation_id`, `facility_id`) VALUES (963, 1);

-- INSERT INTO `reservation` (`id`, `creator_id`, `start_at`, `end_at`, `plan_id`, `plan_memo`) VALUES (964, "professor004", "2022-09-20 16:45:00", "2022-09-20 22:45:00", 1, "");
-- INSERT INTO `reservation_user` (`reservation_id`, `user_id`) VALUES (964, "professor004");
-- INSERT INTO `reservation_user` (`reservation_id`, `user_id`) VALUES (964, "student002");
-- INSERT INTO `reservation_facility` (`reservation_id`, `facility_id`) VALUES (964, 3);

-- INSERT INTO `reservation` (`id`, `creator_id`, `start_at`, `end_at`, `plan_id`, `plan_memo`) VALUES (965, "professor004", "2022-09-21 07:00:00", "2022-09-21 08:00:00", 1, "");
-- INSERT INTO `reservation_user` (`reservation_id`, `user_id`) VALUES (965, "professor004");
-- INSERT INTO `reservation_user` (`reservation_id`, `user_id`) VALUES (965, "student001");
-- INSERT INTO `reservation_facility` (`reservation_id`, `facility_id`) VALUES (965, 4);

-- INSERT INTO `reservation` (`id`, `creator_id`, `start_at`, `end_at`, `plan_id`, `plan_memo`) VALUES (966, "professor004", "2022-09-21 08:00:00", "2022-09-21 13:00:00", 2, "");
-- INSERT INTO `reservation_user` (`reservation_id`, `user_id`) VALUES (966, "professor004");
-- INSERT INTO `reservation_facility` (`reservation_id`, `facility_id`) VALUES (966, 1);

-- INSERT INTO `reservation` (`id`, `creator_id`, `start_at`, `end_at`, `plan_id`, `plan_memo`) VALUES (967, "student003", "2022-09-21 17:30:00", "2022-09-21 21:30:00", 2, "");
-- INSERT INTO `reservation_user` (`reservation_id`, `user_id`) VALUES (967, "student003");
-- INSERT INTO `reservation_facility` (`reservation_id`, `facility_id`) VALUES (967, 2);

-- INSERT INTO `reservation` (`id`, `creator_id`, `start_at`, `end_at`, `plan_id`, `plan_memo`) VALUES (968, "student003", "2022-09-22 07:45:00", "2022-09-22 08:45:00", 2, "");
-- INSERT INTO `reservation_user` (`reservation_id`, `user_id`) VALUES (968, "student003");
-- INSERT INTO `reservation_facility` (`reservation_id`, `facility_id`) VALUES (968, 3);

-- INSERT INTO `reservation` (`id`, `creator_id`, `start_at`, `end_at`, `plan_id`, `plan_memo`) VALUES (969, "professor004", "2022-09-22 10:00:00", "2022-09-22 11:00:00", 1, "");
-- INSERT INTO `reservation_user` (`reservation_id`, `user_id`) VALUES (969, "professor004");
-- INSERT INTO `reservation_facility` (`reservation_id`, `facility_id`) VALUES (969, 3);

-- INSERT INTO `reservation` (`id`, `creator_id`, `start_at`, `end_at`, `plan_id`, `plan_memo`) VALUES (970, "professor004", "2022-09-23 15:00:00", "2022-09-23 21:00:00", 2, "");
-- INSERT INTO `reservation_user` (`reservation_id`, `user_id`) VALUES (970, "professor004");
-- INSERT INTO `reservation_user` (`reservation_id`, `user_id`) VALUES (970, "professor003");
-- INSERT INTO `reservation_user` (`reservation_id`, `user_id`) VALUES (970, "student002");
-- INSERT INTO `reservation_user` (`reservation_id`, `user_id`) VALUES (970, "student004");
-- INSERT INTO `reservation_facility` (`reservation_id`, `facility_id`) VALUES (970, 1);

-- INSERT INTO `reservation` (`id`, `creator_id`, `start_at`, `end_at`, `plan_id`, `plan_memo`) VALUES (971, "student002", "2022-09-25 12:30:00", "2022-09-25 14:30:00", 1, "");
-- INSERT INTO `reservation_user` (`reservation_id`, `user_id`) VALUES (971, "student002");
-- INSERT INTO `reservation_facility` (`reservation_id`, `facility_id`) VALUES (971, 2);

-- INSERT INTO `reservation` (`id`, `creator_id`, `start_at`, `end_at`, `plan_id`, `plan_memo`) VALUES (972, "professor004", "2022-09-27 12:15:00", "2022-09-27 17:15:00", 1, "");
-- INSERT INTO `reservation_user` (`reservation_id`, `user_id`) VALUES (972, "professor004");
-- INSERT INTO `reservation_facility` (`reservation_id`, `facility_id`) VALUES (972, 3);

-- INSERT INTO `reservation` (`id`, `creator_id`, `start_at`, `end_at`, `plan_id`, `plan_memo`) VALUES (973, "professor004", "2022-09-30 16:30:00", "2022-09-30 20:30:00", 2, "");
-- INSERT INTO `reservation_user` (`reservation_id`, `user_id`) VALUES (973, "professor004");
-- INSERT INTO `reservation_facility` (`reservation_id`, `facility_id`) VALUES (973, 1);

-- INSERT INTO `reservation` (`id`, `creator_id`, `start_at`, `end_at`, `plan_id`, `plan_memo`) VALUES (974, "student001", "2022-10-01 09:00:00", "2022-10-01 15:00:00", 2, "");
-- INSERT INTO `reservation_user` (`reservation_id`, `user_id`) VALUES (974, "student001");
-- INSERT INTO `reservation_user` (`reservation_id`, `user_id`) VALUES (974, "student004");
-- INSERT INTO `reservation_user` (`reservation_id`, `user_id`) VALUES (974, "student003");
-- INSERT INTO `reservation_user` (`reservation_id`, `user_id`) VALUES (974, "professor004");
-- INSERT INTO `reservation_facility` (`reservation_id`, `facility_id`) VALUES (974, 3);

-- INSERT INTO `reservation` (`id`, `creator_id`, `start_at`, `end_at`, `plan_id`, `plan_memo`) VALUES (975, "student001", "2022-10-02 12:45:00", "2022-10-02 15:45:00", 2, "");
-- INSERT INTO `reservation_user` (`reservation_id`, `user_id`) VALUES (975, "student001");
-- INSERT INTO `reservation_user` (`reservation_id`, `user_id`) VALUES (975, "professor004");
-- INSERT INTO `reservation_user` (`reservation_id`, `user_id`) VALUES (975, "student002");
-- INSERT INTO `reservation_user` (`reservation_id`, `user_id`) VALUES (975, "professor001");
-- INSERT INTO `reservation_user` (`reservation_id`, `user_id`) VALUES (975, "student003");
-- INSERT INTO `reservation_facility` (`reservation_id`, `facility_id`) VALUES (975, 3);

-- INSERT INTO `reservation` (`id`, `creator_id`, `start_at`, `end_at`, `plan_id`, `plan_memo`) VALUES (976, "student001", "2022-10-03 08:00:00", "2022-10-03 10:00:00", 1, "");
-- INSERT INTO `reservation_user` (`reservation_id`, `user_id`) VALUES (976, "student001");
-- INSERT INTO `reservation_facility` (`reservation_id`, `facility_id`) VALUES (976, 2);

-- INSERT INTO `reservation` (`id`, `creator_id`, `start_at`, `end_at`, `plan_id`, `plan_memo`) VALUES (977, "student002", "2022-10-04 13:15:00", "2022-10-04 15:15:00", 2, "");
-- INSERT INTO `reservation_user` (`reservation_id`, `user_id`) VALUES (977, "student002");
-- INSERT INTO `reservation_user` (`reservation_id`, `user_id`) VALUES (977, "professor002");
-- INSERT INTO `reservation_user` (`reservation_id`, `user_id`) VALUES (977, "professor004");
-- INSERT INTO `reservation_user` (`reservation_id`, `user_id`) VALUES (977, "student004");
-- INSERT INTO `reservation_facility` (`reservation_id`, `facility_id`) VALUES (977, 1);

-- INSERT INTO `reservation` (`id`, `creator_id`, `start_at`, `end_at`, `plan_id`, `plan_memo`) VALUES (978, "professor004", "2022-10-04 16:15:00", "2022-10-04 21:15:00", 2, "");
-- INSERT INTO `reservation_user` (`reservation_id`, `user_id`) VALUES (978, "professor004");
-- INSERT INTO `reservation_facility` (`reservation_id`, `facility_id`) VALUES (978, 2);

-- INSERT INTO `reservation` (`id`, `creator_id`, `start_at`, `end_at`, `plan_id`, `plan_memo`) VALUES (979, "professor003", "2022-10-05 19:00:00", "2022-10-05 21:00:00", 2, "");
-- INSERT INTO `reservation_user` (`reservation_id`, `user_id`) VALUES (979, "professor003");
-- INSERT INTO `reservation_user` (`reservation_id`, `user_id`) VALUES (979, "student001");
-- INSERT INTO `reservation_user` (`reservation_id`, `user_id`) VALUES (979, "professor002");
-- INSERT INTO `reservation_user` (`reservation_id`, `user_id`) VALUES (979, "student003");
-- INSERT INTO `reservation_facility` (`reservation_id`, `facility_id`) VALUES (979, 3);

-- INSERT INTO `reservation` (`id`, `creator_id`, `start_at`, `end_at`, `plan_id`, `plan_memo`) VALUES (980, "student001", "2022-10-06 07:00:00", "2022-10-06 09:00:00", 1, "");
-- INSERT INTO `reservation_user` (`reservation_id`, `user_id`) VALUES (980, "student001");
-- INSERT INTO `reservation_user` (`reservation_id`, `user_id`) VALUES (980, "professor001");
-- INSERT INTO `reservation_user` (`reservation_id`, `user_id`) VALUES (980, "student004");
-- INSERT INTO `reservation_user` (`reservation_id`, `user_id`) VALUES (980, "professor003");
-- INSERT INTO `reservation_user` (`reservation_id`, `user_id`) VALUES (980, "student003");
-- INSERT INTO `reservation_facility` (`reservation_id`, `facility_id`) VALUES (980, 2);

-- INSERT INTO `reservation` (`id`, `creator_id`, `start_at`, `end_at`, `plan_id`, `plan_memo`) VALUES (981, "professor003", "2022-10-06 12:15:00", "2022-10-06 15:15:00", 1, "");
-- INSERT INTO `reservation_user` (`reservation_id`, `user_id`) VALUES (981, "professor003");
-- INSERT INTO `reservation_facility` (`reservation_id`, `facility_id`) VALUES (981, 4);

-- INSERT INTO `reservation` (`id`, `creator_id`, `start_at`, `end_at`, `plan_id`, `plan_memo`) VALUES (982, "professor001", "2022-10-07 10:00:00", "2022-10-07 16:00:00", 2, "");
-- INSERT INTO `reservation_user` (`reservation_id`, `user_id`) VALUES (982, "professor001");
-- INSERT INTO `reservation_facility` (`reservation_id`, `facility_id`) VALUES (982, 2);

-- INSERT INTO `reservation` (`id`, `creator_id`, `start_at`, `end_at`, `plan_id`, `plan_memo`) VALUES (983, "student003", "2022-10-07 18:00:00", "2022-10-07 21:00:00", 1, "");
-- INSERT INTO `reservation_user` (`reservation_id`, `user_id`) VALUES (983, "student003");
-- INSERT INTO `reservation_user` (`reservation_id`, `user_id`) VALUES (983, "professor001");
-- INSERT INTO `reservation_facility` (`reservation_id`, `facility_id`) VALUES (983, 1);

-- INSERT INTO `reservation` (`id`, `creator_id`, `start_at`, `end_at`, `plan_id`, `plan_memo`) VALUES (984, "student002", "2022-10-08 14:00:00", "2022-10-08 19:00:00", 2, "");
-- INSERT INTO `reservation_user` (`reservation_id`, `user_id`) VALUES (984, "student002");
-- INSERT INTO `reservation_facility` (`reservation_id`, `facility_id`) VALUES (984, 4);

-- INSERT INTO `reservation` (`id`, `creator_id`, `start_at`, `end_at`, `plan_id`, `plan_memo`) VALUES (985, "professor002", "2022-10-09 11:30:00", "2022-10-09 16:30:00", 2, "");
-- INSERT INTO `reservation_user` (`reservation_id`, `user_id`) VALUES (985, "professor002");
-- INSERT INTO `reservation_facility` (`reservation_id`, `facility_id`) VALUES (985, 1);

-- INSERT INTO `reservation` (`id`, `creator_id`, `start_at`, `end_at`, `plan_id`, `plan_memo`) VALUES (986, "student001", "2022-10-10 19:00:00", "2022-10-10 20:00:00", 1, "");
-- INSERT INTO `reservation_user` (`reservation_id`, `user_id`) VALUES (986, "student001");
-- INSERT INTO `reservation_user` (`reservation_id`, `user_id`) VALUES (986, "student003");
-- INSERT INTO `reservation_user` (`reservation_id`, `user_id`) VALUES (986, "student004");
-- INSERT INTO `reservation_user` (`reservation_id`, `user_id`) VALUES (986, "student002");
-- INSERT INTO `reservation_facility` (`reservation_id`, `facility_id`) VALUES (986, 2);

-- INSERT INTO `reservation` (`id`, `creator_id`, `start_at`, `end_at`, `plan_id`, `plan_memo`) VALUES (987, "student002", "2022-10-11 10:00:00", "2022-10-11 11:00:00", 1, "");
-- INSERT INTO `reservation_user` (`reservation_id`, `user_id`) VALUES (987, "student002");
-- INSERT INTO `reservation_facility` (`reservation_id`, `facility_id`) VALUES (987, 2);

-- INSERT INTO `reservation` (`id`, `creator_id`, `start_at`, `end_at`, `plan_id`, `plan_memo`) VALUES (988, "professor002", "2022-10-11 18:45:00", "2022-10-11 23:45:00", 1, "");
-- INSERT INTO `reservation_user` (`reservation_id`, `user_id`) VALUES (988, "professor002");
-- INSERT INTO `reservation_user` (`reservation_id`, `user_id`) VALUES (988, "student002");
-- INSERT INTO `reservation_facility` (`reservation_id`, `facility_id`) VALUES (988, 4);

-- INSERT INTO `reservation` (`id`, `creator_id`, `start_at`, `end_at`, `plan_id`, `plan_memo`) VALUES (989, "student003", "2022-10-12 16:00:00", "2022-10-12 19:00:00", 2, "");
-- INSERT INTO `reservation_user` (`reservation_id`, `user_id`) VALUES (989, "student003");
-- INSERT INTO `reservation_user` (`reservation_id`, `user_id`) VALUES (989, "professor002");
-- INSERT INTO `reservation_user` (`reservation_id`, `user_id`) VALUES (989, "professor001");
-- INSERT INTO `reservation_user` (`reservation_id`, `user_id`) VALUES (989, "professor003");
-- INSERT INTO `reservation_facility` (`reservation_id`, `facility_id`) VALUES (989, 4);

-- INSERT INTO `reservation` (`id`, `creator_id`, `start_at`, `end_at`, `plan_id`, `plan_memo`) VALUES (990, "student004", "2022-10-14 12:45:00", "2022-10-14 13:45:00", 2, "");
-- INSERT INTO `reservation_user` (`reservation_id`, `user_id`) VALUES (990, "student004");
-- INSERT INTO `reservation_user` (`reservation_id`, `user_id`) VALUES (990, "professor004");
-- INSERT INTO `reservation_user` (`reservation_id`, `user_id`) VALUES (990, "student002");
-- INSERT INTO `reservation_user` (`reservation_id`, `user_id`) VALUES (990, "student003");
-- INSERT INTO `reservation_user` (`reservation_id`, `user_id`) VALUES (990, "professor001");
-- INSERT INTO `reservation_facility` (`reservation_id`, `facility_id`) VALUES (990, 2);

-- INSERT INTO `reservation` (`id`, `creator_id`, `start_at`, `end_at`, `plan_id`, `plan_memo`) VALUES (991, "student003", "2022-10-14 14:45:00", "2022-10-14 17:45:00", 2, "");
-- INSERT INTO `reservation_user` (`reservation_id`, `user_id`) VALUES (991, "student003");
-- INSERT INTO `reservation_facility` (`reservation_id`, `facility_id`) VALUES (991, 1);

-- INSERT INTO `reservation` (`id`, `creator_id`, `start_at`, `end_at`, `plan_id`, `plan_memo`) VALUES (992, "student002", "2022-10-15 17:45:00", "2022-10-15 21:45:00", 2, "");
-- INSERT INTO `reservation_user` (`reservation_id`, `user_id`) VALUES (992, "student002");
-- INSERT INTO `reservation_user` (`reservation_id`, `user_id`) VALUES (992, "professor002");
-- INSERT INTO `reservation_user` (`reservation_id`, `user_id`) VALUES (992, "professor004");
-- INSERT INTO `reservation_user` (`reservation_id`, `user_id`) VALUES (992, "student003");
-- INSERT INTO `reservation_user` (`reservation_id`, `user_id`) VALUES (992, "professor001");
-- INSERT INTO `reservation_user` (`reservation_id`, `user_id`) VALUES (992, "professor003");
-- INSERT INTO `reservation_facility` (`reservation_id`, `facility_id`) VALUES (992, 1);

-- INSERT INTO `reservation` (`id`, `creator_id`, `start_at`, `end_at`, `plan_id`, `plan_memo`) VALUES (993, "professor001", "2022-10-16 11:15:00", "2022-10-16 14:15:00", 1, "");
-- INSERT INTO `reservation_user` (`reservation_id`, `user_id`) VALUES (993, "professor001");
-- INSERT INTO `reservation_user` (`reservation_id`, `user_id`) VALUES (993, "student004");
-- INSERT INTO `reservation_user` (`reservation_id`, `user_id`) VALUES (993, "student001");
-- INSERT INTO `reservation_user` (`reservation_id`, `user_id`) VALUES (993, "student002");
-- INSERT INTO `reservation_user` (`reservation_id`, `user_id`) VALUES (993, "student003");
-- INSERT INTO `reservation_user` (`reservation_id`, `user_id`) VALUES (993, "professor002");
-- INSERT INTO `reservation_facility` (`reservation_id`, `facility_id`) VALUES (993, 2);

-- INSERT INTO `reservation` (`id`, `creator_id`, `start_at`, `end_at`, `plan_id`, `plan_memo`) VALUES (994, "professor004", "2022-10-16 15:00:00", "2022-10-16 17:00:00", 1, "");
-- INSERT INTO `reservation_user` (`reservation_id`, `user_id`) VALUES (994, "professor004");
-- INSERT INTO `reservation_user` (`reservation_id`, `user_id`) VALUES (994, "student002");
-- INSERT INTO `reservation_user` (`reservation_id`, `user_id`) VALUES (994, "student003");
-- INSERT INTO `reservation_user` (`reservation_id`, `user_id`) VALUES (994, "student001");
-- INSERT INTO `reservation_user` (`reservation_id`, `user_id`) VALUES (994, "student004");
-- INSERT INTO `reservation_facility` (`reservation_id`, `facility_id`) VALUES (994, 1);

-- INSERT INTO `reservation` (`id`, `creator_id`, `start_at`, `end_at`, `plan_id`, `plan_memo`) VALUES (995, "professor004", "2022-10-17 09:00:00", "2022-10-17 10:00:00", 2, "");
-- INSERT INTO `reservation_user` (`reservation_id`, `user_id`) VALUES (995, "professor004");
-- INSERT INTO `reservation_user` (`reservation_id`, `user_id`) VALUES (995, "student004");
-- INSERT INTO `reservation_user` (`reservation_id`, `user_id`) VALUES (995, "student002");
-- INSERT INTO `reservation_user` (`reservation_id`, `user_id`) VALUES (995, "professor001");
-- INSERT INTO `reservation_user` (`reservation_id`, `user_id`) VALUES (995, "professor003");
-- INSERT INTO `reservation_facility` (`reservation_id`, `facility_id`) VALUES (995, 3);

-- INSERT INTO `reservation` (`id`, `creator_id`, `start_at`, `end_at`, `plan_id`, `plan_memo`) VALUES (996, "student001", "2022-10-18 16:45:00", "2022-10-18 19:45:00", 1, "");
-- INSERT INTO `reservation_user` (`reservation_id`, `user_id`) VALUES (996, "student001");
-- INSERT INTO `reservation_user` (`reservation_id`, `user_id`) VALUES (996, "professor004");
-- INSERT INTO `reservation_user` (`reservation_id`, `user_id`) VALUES (996, "student004");
-- INSERT INTO `reservation_user` (`reservation_id`, `user_id`) VALUES (996, "professor003");
-- INSERT INTO `reservation_user` (`reservation_id`, `user_id`) VALUES (996, "student003");
-- INSERT INTO `reservation_facility` (`reservation_id`, `facility_id`) VALUES (996, 3);

-- INSERT INTO `reservation` (`id`, `creator_id`, `start_at`, `end_at`, `plan_id`, `plan_memo`) VALUES (997, "student001", "2022-10-19 08:15:00", "2022-10-19 09:15:00", 2, "");
-- INSERT INTO `reservation_user` (`reservation_id`, `user_id`) VALUES (997, "student001");
-- INSERT INTO `reservation_user` (`reservation_id`, `user_id`) VALUES (997, "student004");
-- INSERT INTO `reservation_user` (`reservation_id`, `user_id`) VALUES (997, "student003");
-- INSERT INTO `reservation_user` (`reservation_id`, `user_id`) VALUES (997, "professor004");
-- INSERT INTO `reservation_user` (`reservation_id`, `user_id`) VALUES (997, "professor001");
-- INSERT INTO `reservation_user` (`reservation_id`, `user_id`) VALUES (997, "professor003");
-- INSERT INTO `reservation_facility` (`reservation_id`, `facility_id`) VALUES (997, 3);

-- INSERT INTO `reservation` (`id`, `creator_id`, `start_at`, `end_at`, `plan_id`, `plan_memo`) VALUES (998, "professor001", "2022-10-19 11:30:00", "2022-10-19 16:30:00", 1, "");
-- INSERT INTO `reservation_user` (`reservation_id`, `user_id`) VALUES (998, "professor001");
-- INSERT INTO `reservation_user` (`reservation_id`, `user_id`) VALUES (998, "student004");
-- INSERT INTO `reservation_user` (`reservation_id`, `user_id`) VALUES (998, "student002");
-- INSERT INTO `reservation_user` (`reservation_id`, `user_id`) VALUES (998, "student003");
-- INSERT INTO `reservation_facility` (`reservation_id`, `facility_id`) VALUES (998, 2);

-- INSERT INTO `reservation` (`id`, `creator_id`, `start_at`, `end_at`, `plan_id`, `plan_memo`) VALUES (999, "professor002", "2022-10-20 08:45:00", "2022-10-20 10:45:00", 2, "");
-- INSERT INTO `reservation_user` (`reservation_id`, `user_id`) VALUES (999, "professor002");
-- INSERT INTO `reservation_user` (`reservation_id`, `user_id`) VALUES (999, "professor003");
-- INSERT INTO `reservation_user` (`reservation_id`, `user_id`) VALUES (999, "student004");
-- INSERT INTO `reservation_user` (`reservation_id`, `user_id`) VALUES (999, "student002");
-- INSERT INTO `reservation_user` (`reservation_id`, `user_id`) VALUES (999, "student001");
-- INSERT INTO `reservation_user` (`reservation_id`, `user_id`) VALUES (999, "student003");
-- INSERT INTO `reservation_facility` (`reservation_id`, `facility_id`) VALUES (999, 2);

-- INSERT INTO `reservation` (`id`, `creator_id`, `start_at`, `end_at`, `plan_id`, `plan_memo`) VALUES (1000, "student002", "2022-10-21 12:00:00", "2022-10-21 14:00:00", 2, "");
-- INSERT INTO `reservation_user` (`reservation_id`, `user_id`) VALUES (1000, "student002");
-- INSERT INTO `reservation_facility` (`reservation_id`, `facility_id`) VALUES (1000, 2);

-- INSERT INTO `reservation` (`id`, `creator_id`, `start_at`, `end_at`, `plan_id`, `plan_memo`) VALUES (1001, "student001", "2022-10-23 12:30:00", "2022-10-23 17:30:00", 2, "");
-- INSERT INTO `reservation_user` (`reservation_id`, `user_id`) VALUES (1001, "student001");
-- INSERT INTO `reservation_user` (`reservation_id`, `user_id`) VALUES (1001, "professor003");
-- INSERT INTO `reservation_user` (`reservation_id`, `user_id`) VALUES (1001, "student002");
-- INSERT INTO `reservation_user` (`reservation_id`, `user_id`) VALUES (1001, "student004");
-- INSERT INTO `reservation_user` (`reservation_id`, `user_id`) VALUES (1001, "professor002");
-- INSERT INTO `reservation_facility` (`reservation_id`, `facility_id`) VALUES (1001, 1);

-- INSERT INTO `reservation` (`id`, `creator_id`, `start_at`, `end_at`, `plan_id`, `plan_memo`) VALUES (1002, "student001", "2022-10-24 10:15:00", "2022-10-24 16:15:00", 2, "");
-- INSERT INTO `reservation_user` (`reservation_id`, `user_id`) VALUES (1002, "student001");
-- INSERT INTO `reservation_user` (`reservation_id`, `user_id`) VALUES (1002, "professor001");
-- INSERT INTO `reservation_user` (`reservation_id`, `user_id`) VALUES (1002, "professor004");
-- INSERT INTO `reservation_facility` (`reservation_id`, `facility_id`) VALUES (1002, 2);

-- INSERT INTO `reservation` (`id`, `creator_id`, `start_at`, `end_at`, `plan_id`, `plan_memo`) VALUES (1003, "professor002", "2022-10-25 11:30:00", "2022-10-25 14:30:00", 2, "");
-- INSERT INTO `reservation_user` (`reservation_id`, `user_id`) VALUES (1003, "professor002");
-- INSERT INTO `reservation_user` (`reservation_id`, `user_id`) VALUES (1003, "professor004");
-- INSERT INTO `reservation_user` (`reservation_id`, `user_id`) VALUES (1003, "professor003");
-- INSERT INTO `reservation_user` (`reservation_id`, `user_id`) VALUES (1003, "student002");
-- INSERT INTO `reservation_facility` (`reservation_id`, `facility_id`) VALUES (1003, 2);

-- INSERT INTO `reservation` (`id`, `creator_id`, `start_at`, `end_at`, `plan_id`, `plan_memo`) VALUES (1004, "student001", "2022-10-25 19:30:00", "2022-10-25 23:30:00", 2, "");
-- INSERT INTO `reservation_user` (`reservation_id`, `user_id`) VALUES (1004, "student001");
-- INSERT INTO `reservation_user` (`reservation_id`, `user_id`) VALUES (1004, "student004");
-- INSERT INTO `reservation_user` (`reservation_id`, `user_id`) VALUES (1004, "professor004");
-- INSERT INTO `reservation_facility` (`reservation_id`, `facility_id`) VALUES (1004, 1);

-- INSERT INTO `reservation` (`id`, `creator_id`, `start_at`, `end_at`, `plan_id`, `plan_memo`) VALUES (1005, "student001", "2022-10-26 08:15:00", "2022-10-26 14:15:00", 2, "");
-- INSERT INTO `reservation_user` (`reservation_id`, `user_id`) VALUES (1005, "student001");
-- INSERT INTO `reservation_user` (`reservation_id`, `user_id`) VALUES (1005, "professor004");
-- INSERT INTO `reservation_user` (`reservation_id`, `user_id`) VALUES (1005, "student002");
-- INSERT INTO `reservation_user` (`reservation_id`, `user_id`) VALUES (1005, "student003");
-- INSERT INTO `reservation_user` (`reservation_id`, `user_id`) VALUES (1005, "professor003");
-- INSERT INTO `reservation_user` (`reservation_id`, `user_id`) VALUES (1005, "professor002");
-- INSERT INTO `reservation_facility` (`reservation_id`, `facility_id`) VALUES (1005, 2);

-- INSERT INTO `reservation` (`id`, `creator_id`, `start_at`, `end_at`, `plan_id`, `plan_memo`) VALUES (1006, "student001", "2022-10-26 15:30:00", "2022-10-26 17:30:00", 1, "");
-- INSERT INTO `reservation_user` (`reservation_id`, `user_id`) VALUES (1006, "student001");
-- INSERT INTO `reservation_user` (`reservation_id`, `user_id`) VALUES (1006, "student003");
-- INSERT INTO `reservation_user` (`reservation_id`, `user_id`) VALUES (1006, "professor002");
-- INSERT INTO `reservation_user` (`reservation_id`, `user_id`) VALUES (1006, "student004");
-- INSERT INTO `reservation_user` (`reservation_id`, `user_id`) VALUES (1006, "professor004");
-- INSERT INTO `reservation_facility` (`reservation_id`, `facility_id`) VALUES (1006, 4);

-- INSERT INTO `reservation` (`id`, `creator_id`, `start_at`, `end_at`, `plan_id`, `plan_memo`) VALUES (1007, "professor002", "2022-10-27 08:15:00", "2022-10-27 11:15:00", 2, "");
-- INSERT INTO `reservation_user` (`reservation_id`, `user_id`) VALUES (1007, "professor002");
-- INSERT INTO `reservation_user` (`reservation_id`, `user_id`) VALUES (1007, "student001");
-- INSERT INTO `reservation_user` (`reservation_id`, `user_id`) VALUES (1007, "professor003");
-- INSERT INTO `reservation_user` (`reservation_id`, `user_id`) VALUES (1007, "professor004");
-- INSERT INTO `reservation_facility` (`reservation_id`, `facility_id`) VALUES (1007, 1);

-- INSERT INTO `reservation` (`id`, `creator_id`, `start_at`, `end_at`, `plan_id`, `plan_memo`) VALUES (1008, "professor001", "2022-10-28 12:45:00", "2022-10-28 17:45:00", 1, "");
-- INSERT INTO `reservation_user` (`reservation_id`, `user_id`) VALUES (1008, "professor001");
-- INSERT INTO `reservation_user` (`reservation_id`, `user_id`) VALUES (1008, "professor003");
-- INSERT INTO `reservation_user` (`reservation_id`, `user_id`) VALUES (1008, "student001");
-- INSERT INTO `reservation_user` (`reservation_id`, `user_id`) VALUES (1008, "professor004");
-- INSERT INTO `reservation_facility` (`reservation_id`, `facility_id`) VALUES (1008, 4);

-- INSERT INTO `reservation` (`id`, `creator_id`, `start_at`, `end_at`, `plan_id`, `plan_memo`) VALUES (1009, "student004", "2022-10-28 21:45:00", "2022-10-28 23:45:00", 2, "");
-- INSERT INTO `reservation_user` (`reservation_id`, `user_id`) VALUES (1009, "student004");
-- INSERT INTO `reservation_user` (`reservation_id`, `user_id`) VALUES (1009, "professor001");
-- INSERT INTO `reservation_user` (`reservation_id`, `user_id`) VALUES (1009, "professor002");
-- INSERT INTO `reservation_facility` (`reservation_id`, `facility_id`) VALUES (1009, 4);

-- INSERT INTO `reservation` (`id`, `creator_id`, `start_at`, `end_at`, `plan_id`, `plan_memo`) VALUES (1010, "professor003", "2022-10-30 11:30:00", "2022-10-30 17:30:00", 2, "");
-- INSERT INTO `reservation_user` (`reservation_id`, `user_id`) VALUES (1010, "professor003");
-- INSERT INTO `reservation_facility` (`reservation_id`, `facility_id`) VALUES (1010, 4);

-- INSERT INTO `reservation` (`id`, `creator_id`, `start_at`, `end_at`, `plan_id`, `plan_memo`) VALUES (1011, "professor004", "2022-10-30 18:00:00", "2022-10-30 19:00:00", 1, "");
-- INSERT INTO `reservation_user` (`reservation_id`, `user_id`) VALUES (1011, "professor004");
-- INSERT INTO `reservation_facility` (`reservation_id`, `facility_id`) VALUES (1011, 1);

-- INSERT INTO `reservation` (`id`, `creator_id`, `start_at`, `end_at`, `plan_id`, `plan_memo`) VALUES (1012, "professor001", "2022-10-31 07:45:00", "2022-10-31 11:45:00", 2, "");
-- INSERT INTO `reservation_user` (`reservation_id`, `user_id`) VALUES (1012, "professor001");
-- INSERT INTO `reservation_user` (`reservation_id`, `user_id`) VALUES (1012, "professor003");
-- INSERT INTO `reservation_user` (`reservation_id`, `user_id`) VALUES (1012, "professor004");
-- INSERT INTO `reservation_facility` (`reservation_id`, `facility_id`) VALUES (1012, 2);

-- INSERT INTO `reservation` (`id`, `creator_id`, `start_at`, `end_at`, `plan_id`, `plan_memo`) VALUES (1013, "professor002", "2022-10-31 14:30:00", "2022-10-31 17:30:00", 2, "");
-- INSERT INTO `reservation_user` (`reservation_id`, `user_id`) VALUES (1013, "professor002");
-- INSERT INTO `reservation_user` (`reservation_id`, `user_id`) VALUES (1013, "professor003");
-- INSERT INTO `reservation_user` (`reservation_id`, `user_id`) VALUES (1013, "professor004");
-- INSERT INTO `reservation_user` (`reservation_id`, `user_id`) VALUES (1013, "student004");
-- INSERT INTO `reservation_user` (`reservation_id`, `user_id`) VALUES (1013, "professor001");
-- INSERT INTO `reservation_user` (`reservation_id`, `user_id`) VALUES (1013, "student001");
-- INSERT INTO `reservation_facility` (`reservation_id`, `facility_id`) VALUES (1013, 4);

-- INSERT INTO `reservation` (`id`, `creator_id`, `start_at`, `end_at`, `plan_id`, `plan_memo`) VALUES (1014, "professor003", "2022-11-01 09:30:00", "2022-11-01 14:30:00", 1, "");
-- INSERT INTO `reservation_user` (`reservation_id`, `user_id`) VALUES (1014, "professor003");
-- INSERT INTO `reservation_facility` (`reservation_id`, `facility_id`) VALUES (1014, 4);

-- INSERT INTO `reservation` (`id`, `creator_id`, `start_at`, `end_at`, `plan_id`, `plan_memo`) VALUES (1015, "student002", "2022-11-02 07:45:00", "2022-11-02 13:45:00", 1, "");
-- INSERT INTO `reservation_user` (`reservation_id`, `user_id`) VALUES (1015, "student002");
-- INSERT INTO `reservation_user` (`reservation_id`, `user_id`) VALUES (1015, "professor003");
-- INSERT INTO `reservation_user` (`reservation_id`, `user_id`) VALUES (1015, "student004");
-- INSERT INTO `reservation_user` (`reservation_id`, `user_id`) VALUES (1015, "professor004");
-- INSERT INTO `reservation_facility` (`reservation_id`, `facility_id`) VALUES (1015, 1);

-- INSERT INTO `reservation` (`id`, `creator_id`, `start_at`, `end_at`, `plan_id`, `plan_memo`) VALUES (1016, "student001", "2022-11-02 15:45:00", "2022-11-02 16:45:00", 2, "");
-- INSERT INTO `reservation_user` (`reservation_id`, `user_id`) VALUES (1016, "student001");
-- INSERT INTO `reservation_user` (`reservation_id`, `user_id`) VALUES (1016, "student002");
-- INSERT INTO `reservation_user` (`reservation_id`, `user_id`) VALUES (1016, "professor001");
-- INSERT INTO `reservation_user` (`reservation_id`, `user_id`) VALUES (1016, "student003");
-- INSERT INTO `reservation_user` (`reservation_id`, `user_id`) VALUES (1016, "student004");
-- INSERT INTO `reservation_user` (`reservation_id`, `user_id`) VALUES (1016, "professor004");
-- INSERT INTO `reservation_facility` (`reservation_id`, `facility_id`) VALUES (1016, 2);

-- INSERT INTO `reservation` (`id`, `creator_id`, `start_at`, `end_at`, `plan_id`, `plan_memo`) VALUES (1017, "student002", "2022-11-02 19:00:00", "2022-11-02 20:00:00", 2, "");
-- INSERT INTO `reservation_user` (`reservation_id`, `user_id`) VALUES (1017, "student002");
-- INSERT INTO `reservation_user` (`reservation_id`, `user_id`) VALUES (1017, "professor004");
-- INSERT INTO `reservation_user` (`reservation_id`, `user_id`) VALUES (1017, "professor002");
-- INSERT INTO `reservation_facility` (`reservation_id`, `facility_id`) VALUES (1017, 3);

-- INSERT INTO `reservation` (`id`, `creator_id`, `start_at`, `end_at`, `plan_id`, `plan_memo`) VALUES (1018, "professor003", "2022-11-03 13:45:00", "2022-11-03 17:45:00", 2, "");
-- INSERT INTO `reservation_user` (`reservation_id`, `user_id`) VALUES (1018, "professor003");
-- INSERT INTO `reservation_user` (`reservation_id`, `user_id`) VALUES (1018, "student003");
-- INSERT INTO `reservation_user` (`reservation_id`, `user_id`) VALUES (1018, "professor002");
-- INSERT INTO `reservation_facility` (`reservation_id`, `facility_id`) VALUES (1018, 4);

-- INSERT INTO `reservation` (`id`, `creator_id`, `start_at`, `end_at`, `plan_id`, `plan_memo`) VALUES (1019, "professor001", "2022-11-06 07:45:00", "2022-11-06 08:45:00", 1, "");
-- INSERT INTO `reservation_user` (`reservation_id`, `user_id`) VALUES (1019, "professor001");
-- INSERT INTO `reservation_facility` (`reservation_id`, `facility_id`) VALUES (1019, 2);

-- INSERT INTO `reservation` (`id`, `creator_id`, `start_at`, `end_at`, `plan_id`, `plan_memo`) VALUES (1020, "student003", "2022-11-06 21:00:00", "2022-11-06 22:00:00", 1, "");
-- INSERT INTO `reservation_user` (`reservation_id`, `user_id`) VALUES (1020, "student003");
-- INSERT INTO `reservation_facility` (`reservation_id`, `facility_id`) VALUES (1020, 4);

-- INSERT INTO `reservation` (`id`, `creator_id`, `start_at`, `end_at`, `plan_id`, `plan_memo`) VALUES (1021, "student004", "2022-11-07 08:30:00", "2022-11-07 13:30:00", 2, "");
-- INSERT INTO `reservation_user` (`reservation_id`, `user_id`) VALUES (1021, "student004");
-- INSERT INTO `reservation_facility` (`reservation_id`, `facility_id`) VALUES (1021, 3);

-- INSERT INTO `reservation` (`id`, `creator_id`, `start_at`, `end_at`, `plan_id`, `plan_memo`) VALUES (1022, "professor002", "2022-11-08 07:45:00", "2022-11-08 09:45:00", 2, "");
-- INSERT INTO `reservation_user` (`reservation_id`, `user_id`) VALUES (1022, "professor002");
-- INSERT INTO `reservation_user` (`reservation_id`, `user_id`) VALUES (1022, "professor001");
-- INSERT INTO `reservation_user` (`reservation_id`, `user_id`) VALUES (1022, "student003");
-- INSERT INTO `reservation_user` (`reservation_id`, `user_id`) VALUES (1022, "student001");
-- INSERT INTO `reservation_facility` (`reservation_id`, `facility_id`) VALUES (1022, 3);

-- INSERT INTO `reservation` (`id`, `creator_id`, `start_at`, `end_at`, `plan_id`, `plan_memo`) VALUES (1023, "professor004", "2022-11-10 07:15:00", "2022-11-10 09:15:00", 1, "");
-- INSERT INTO `reservation_user` (`reservation_id`, `user_id`) VALUES (1023, "professor004");
-- INSERT INTO `reservation_facility` (`reservation_id`, `facility_id`) VALUES (1023, 1);

-- INSERT INTO `reservation` (`id`, `creator_id`, `start_at`, `end_at`, `plan_id`, `plan_memo`) VALUES (1024, "student003", "2022-11-11 07:15:00", "2022-11-11 13:15:00", 2, "");
-- INSERT INTO `reservation_user` (`reservation_id`, `user_id`) VALUES (1024, "student003");
-- INSERT INTO `reservation_user` (`reservation_id`, `user_id`) VALUES (1024, "professor003");
-- INSERT INTO `reservation_user` (`reservation_id`, `user_id`) VALUES (1024, "professor004");
-- INSERT INTO `reservation_facility` (`reservation_id`, `facility_id`) VALUES (1024, 4);

-- INSERT INTO `reservation` (`id`, `creator_id`, `start_at`, `end_at`, `plan_id`, `plan_memo`) VALUES (1025, "student001", "2022-11-12 17:45:00", "2022-11-12 22:45:00", 1, "");
-- INSERT INTO `reservation_user` (`reservation_id`, `user_id`) VALUES (1025, "student001");
-- INSERT INTO `reservation_user` (`reservation_id`, `user_id`) VALUES (1025, "student004");
-- INSERT INTO `reservation_user` (`reservation_id`, `user_id`) VALUES (1025, "professor004");
-- INSERT INTO `reservation_user` (`reservation_id`, `user_id`) VALUES (1025, "professor003");
-- INSERT INTO `reservation_user` (`reservation_id`, `user_id`) VALUES (1025, "student002");
-- INSERT INTO `reservation_user` (`reservation_id`, `user_id`) VALUES (1025, "student003");
-- INSERT INTO `reservation_facility` (`reservation_id`, `facility_id`) VALUES (1025, 1);

-- INSERT INTO `reservation` (`id`, `creator_id`, `start_at`, `end_at`, `plan_id`, `plan_memo`) VALUES (1026, "professor004", "2022-11-14 11:30:00", "2022-11-14 17:30:00", 2, "");
-- INSERT INTO `reservation_user` (`reservation_id`, `user_id`) VALUES (1026, "professor004");
-- INSERT INTO `reservation_user` (`reservation_id`, `user_id`) VALUES (1026, "student003");
-- INSERT INTO `reservation_user` (`reservation_id`, `user_id`) VALUES (1026, "professor003");
-- INSERT INTO `reservation_user` (`reservation_id`, `user_id`) VALUES (1026, "student004");
-- INSERT INTO `reservation_facility` (`reservation_id`, `facility_id`) VALUES (1026, 2);

-- INSERT INTO `reservation` (`id`, `creator_id`, `start_at`, `end_at`, `plan_id`, `plan_memo`) VALUES (1027, "student002", "2022-11-15 09:30:00", "2022-11-15 13:30:00", 2, "");
-- INSERT INTO `reservation_user` (`reservation_id`, `user_id`) VALUES (1027, "student002");
-- INSERT INTO `reservation_facility` (`reservation_id`, `facility_id`) VALUES (1027, 1);

-- INSERT INTO `reservation` (`id`, `creator_id`, `start_at`, `end_at`, `plan_id`, `plan_memo`) VALUES (1028, "student002", "2022-11-15 15:15:00", "2022-11-15 20:15:00", 1, "");
-- INSERT INTO `reservation_user` (`reservation_id`, `user_id`) VALUES (1028, "student002");
-- INSERT INTO `reservation_facility` (`reservation_id`, `facility_id`) VALUES (1028, 4);

-- INSERT INTO `reservation` (`id`, `creator_id`, `start_at`, `end_at`, `plan_id`, `plan_memo`) VALUES (1029, "professor003", "2022-11-15 21:45:00", "2022-11-15 22:45:00", 1, "");
-- INSERT INTO `reservation_user` (`reservation_id`, `user_id`) VALUES (1029, "professor003");
-- INSERT INTO `reservation_facility` (`reservation_id`, `facility_id`) VALUES (1029, 1);

-- INSERT INTO `reservation` (`id`, `creator_id`, `start_at`, `end_at`, `plan_id`, `plan_memo`) VALUES (1030, "student002", "2022-11-16 14:30:00", "2022-11-16 19:30:00", 1, "");
-- INSERT INTO `reservation_user` (`reservation_id`, `user_id`) VALUES (1030, "student002");
-- INSERT INTO `reservation_user` (`reservation_id`, `user_id`) VALUES (1030, "student004");
-- INSERT INTO `reservation_user` (`reservation_id`, `user_id`) VALUES (1030, "professor001");
-- INSERT INTO `reservation_user` (`reservation_id`, `user_id`) VALUES (1030, "professor003");
-- INSERT INTO `reservation_user` (`reservation_id`, `user_id`) VALUES (1030, "professor004");
-- INSERT INTO `reservation_facility` (`reservation_id`, `facility_id`) VALUES (1030, 2);

-- INSERT INTO `reservation` (`id`, `creator_id`, `start_at`, `end_at`, `plan_id`, `plan_memo`) VALUES (1031, "student002", "2022-11-18 10:15:00", "2022-11-18 13:15:00", 2, "");
-- INSERT INTO `reservation_user` (`reservation_id`, `user_id`) VALUES (1031, "student002");
-- INSERT INTO `reservation_user` (`reservation_id`, `user_id`) VALUES (1031, "student003");
-- INSERT INTO `reservation_user` (`reservation_id`, `user_id`) VALUES (1031, "professor003");
-- INSERT INTO `reservation_user` (`reservation_id`, `user_id`) VALUES (1031, "professor002");
-- INSERT INTO `reservation_facility` (`reservation_id`, `facility_id`) VALUES (1031, 1);

-- INSERT INTO `reservation` (`id`, `creator_id`, `start_at`, `end_at`, `plan_id`, `plan_memo`) VALUES (1032, "student001", "2022-11-18 14:30:00", "2022-11-18 20:30:00", 1, "");
-- INSERT INTO `reservation_user` (`reservation_id`, `user_id`) VALUES (1032, "student001");
-- INSERT INTO `reservation_user` (`reservation_id`, `user_id`) VALUES (1032, "professor001");
-- INSERT INTO `reservation_facility` (`reservation_id`, `facility_id`) VALUES (1032, 2);

-- INSERT INTO `reservation` (`id`, `creator_id`, `start_at`, `end_at`, `plan_id`, `plan_memo`) VALUES (1033, "student002", "2022-11-19 16:45:00", "2022-11-19 22:45:00", 1, "");
-- INSERT INTO `reservation_user` (`reservation_id`, `user_id`) VALUES (1033, "student002");
-- INSERT INTO `reservation_user` (`reservation_id`, `user_id`) VALUES (1033, "professor003");
-- INSERT INTO `reservation_user` (`reservation_id`, `user_id`) VALUES (1033, "student001");
-- INSERT INTO `reservation_user` (`reservation_id`, `user_id`) VALUES (1033, "professor002");
-- INSERT INTO `reservation_user` (`reservation_id`, `user_id`) VALUES (1033, "student004");
-- INSERT INTO `reservation_user` (`reservation_id`, `user_id`) VALUES (1033, "student003");
-- INSERT INTO `reservation_facility` (`reservation_id`, `facility_id`) VALUES (1033, 1);

-- INSERT INTO `reservation` (`id`, `creator_id`, `start_at`, `end_at`, `plan_id`, `plan_memo`) VALUES (1034, "professor002", "2022-11-20 08:45:00", "2022-11-20 13:45:00", 2, "");
-- INSERT INTO `reservation_user` (`reservation_id`, `user_id`) VALUES (1034, "professor002");
-- INSERT INTO `reservation_facility` (`reservation_id`, `facility_id`) VALUES (1034, 2);

-- INSERT INTO `reservation` (`id`, `creator_id`, `start_at`, `end_at`, `plan_id`, `plan_memo`) VALUES (1035, "student003", "2022-11-22 11:45:00", "2022-11-22 14:45:00", 1, "");
-- INSERT INTO `reservation_user` (`reservation_id`, `user_id`) VALUES (1035, "student003");
-- INSERT INTO `reservation_facility` (`reservation_id`, `facility_id`) VALUES (1035, 3);

-- INSERT INTO `reservation` (`id`, `creator_id`, `start_at`, `end_at`, `plan_id`, `plan_memo`) VALUES (1036, "student001", "2022-11-22 17:30:00", "2022-11-22 23:30:00", 1, "");
-- INSERT INTO `reservation_user` (`reservation_id`, `user_id`) VALUES (1036, "student001");
-- INSERT INTO `reservation_user` (`reservation_id`, `user_id`) VALUES (1036, "professor001");
-- INSERT INTO `reservation_user` (`reservation_id`, `user_id`) VALUES (1036, "professor003");
-- INSERT INTO `reservation_user` (`reservation_id`, `user_id`) VALUES (1036, "professor002");
-- INSERT INTO `reservation_facility` (`reservation_id`, `facility_id`) VALUES (1036, 3);

-- INSERT INTO `reservation` (`id`, `creator_id`, `start_at`, `end_at`, `plan_id`, `plan_memo`) VALUES (1037, "professor003", "2022-11-23 10:30:00", "2022-11-23 13:30:00", 2, "");
-- INSERT INTO `reservation_user` (`reservation_id`, `user_id`) VALUES (1037, "professor003");
-- INSERT INTO `reservation_user` (`reservation_id`, `user_id`) VALUES (1037, "professor002");
-- INSERT INTO `reservation_user` (`reservation_id`, `user_id`) VALUES (1037, "student001");
-- INSERT INTO `reservation_user` (`reservation_id`, `user_id`) VALUES (1037, "student003");
-- INSERT INTO `reservation_user` (`reservation_id`, `user_id`) VALUES (1037, "student004");
-- INSERT INTO `reservation_facility` (`reservation_id`, `facility_id`) VALUES (1037, 1);

-- INSERT INTO `reservation` (`id`, `creator_id`, `start_at`, `end_at`, `plan_id`, `plan_memo`) VALUES (1038, "professor001", "2022-11-25 08:30:00", "2022-11-25 09:30:00", 1, "");
-- INSERT INTO `reservation_user` (`reservation_id`, `user_id`) VALUES (1038, "professor001");
-- INSERT INTO `reservation_user` (`reservation_id`, `user_id`) VALUES (1038, "student001");
-- INSERT INTO `reservation_user` (`reservation_id`, `user_id`) VALUES (1038, "student004");
-- INSERT INTO `reservation_user` (`reservation_id`, `user_id`) VALUES (1038, "student003");
-- INSERT INTO `reservation_user` (`reservation_id`, `user_id`) VALUES (1038, "professor002");
-- INSERT INTO `reservation_user` (`reservation_id`, `user_id`) VALUES (1038, "professor003");
-- INSERT INTO `reservation_facility` (`reservation_id`, `facility_id`) VALUES (1038, 3);

-- INSERT INTO `reservation` (`id`, `creator_id`, `start_at`, `end_at`, `plan_id`, `plan_memo`) VALUES (1039, "student004", "2022-11-26 19:00:00", "2022-11-26 23:00:00", 2, "");
-- INSERT INTO `reservation_user` (`reservation_id`, `user_id`) VALUES (1039, "student004");
-- INSERT INTO `reservation_facility` (`reservation_id`, `facility_id`) VALUES (1039, 3);

-- INSERT INTO `reservation` (`id`, `creator_id`, `start_at`, `end_at`, `plan_id`, `plan_memo`) VALUES (1040, "student004", "2022-11-27 17:15:00", "2022-11-27 21:15:00", 2, "");
-- INSERT INTO `reservation_user` (`reservation_id`, `user_id`) VALUES (1040, "student004");
-- INSERT INTO `reservation_user` (`reservation_id`, `user_id`) VALUES (1040, "professor002");
-- INSERT INTO `reservation_user` (`reservation_id`, `user_id`) VALUES (1040, "student001");
-- INSERT INTO `reservation_user` (`reservation_id`, `user_id`) VALUES (1040, "professor003");
-- INSERT INTO `reservation_user` (`reservation_id`, `user_id`) VALUES (1040, "student002");
-- INSERT INTO `reservation_facility` (`reservation_id`, `facility_id`) VALUES (1040, 4);

-- INSERT INTO `reservation` (`id`, `creator_id`, `start_at`, `end_at`, `plan_id`, `plan_memo`) VALUES (1041, "professor003", "2022-11-28 07:00:00", "2022-11-28 12:00:00", 1, "");
-- INSERT INTO `reservation_user` (`reservation_id`, `user_id`) VALUES (1041, "professor003");
-- INSERT INTO `reservation_user` (`reservation_id`, `user_id`) VALUES (1041, "student001");
-- INSERT INTO `reservation_user` (`reservation_id`, `user_id`) VALUES (1041, "professor001");
-- INSERT INTO `reservation_user` (`reservation_id`, `user_id`) VALUES (1041, "professor002");
-- INSERT INTO `reservation_user` (`reservation_id`, `user_id`) VALUES (1041, "student002");
-- INSERT INTO `reservation_user` (`reservation_id`, `user_id`) VALUES (1041, "professor004");
-- INSERT INTO `reservation_facility` (`reservation_id`, `facility_id`) VALUES (1041, 4);

-- INSERT INTO `reservation` (`id`, `creator_id`, `start_at`, `end_at`, `plan_id`, `plan_memo`) VALUES (1042, "professor002", "2022-11-28 19:00:00", "2022-11-28 23:00:00", 2, "");
-- INSERT INTO `reservation_user` (`reservation_id`, `user_id`) VALUES (1042, "professor002");
-- INSERT INTO `reservation_user` (`reservation_id`, `user_id`) VALUES (1042, "student003");
-- INSERT INTO `reservation_user` (`reservation_id`, `user_id`) VALUES (1042, "professor001");
-- INSERT INTO `reservation_user` (`reservation_id`, `user_id`) VALUES (1042, "student001");
-- INSERT INTO `reservation_user` (`reservation_id`, `user_id`) VALUES (1042, "professor004");
-- INSERT INTO `reservation_facility` (`reservation_id`, `facility_id`) VALUES (1042, 3);

-- INSERT INTO `reservation` (`id`, `creator_id`, `start_at`, `end_at`, `plan_id`, `plan_memo`) VALUES (1043, "professor001", "2022-11-29 09:15:00", "2022-11-29 12:15:00", 2, "");
-- INSERT INTO `reservation_user` (`reservation_id`, `user_id`) VALUES (1043, "professor001");
-- INSERT INTO `reservation_user` (`reservation_id`, `user_id`) VALUES (1043, "professor002");
-- INSERT INTO `reservation_user` (`reservation_id`, `user_id`) VALUES (1043, "student001");
-- INSERT INTO `reservation_user` (`reservation_id`, `user_id`) VALUES (1043, "student002");
-- INSERT INTO `reservation_user` (`reservation_id`, `user_id`) VALUES (1043, "student004");
-- INSERT INTO `reservation_facility` (`reservation_id`, `facility_id`) VALUES (1043, 1);

-- INSERT INTO `reservation` (`id`, `creator_id`, `start_at`, `end_at`, `plan_id`, `plan_memo`) VALUES (1044, "professor004", "2022-11-29 19:30:00", "2022-11-29 20:30:00", 1, "");
-- INSERT INTO `reservation_user` (`reservation_id`, `user_id`) VALUES (1044, "professor004");
-- INSERT INTO `reservation_user` (`reservation_id`, `user_id`) VALUES (1044, "student001");
-- INSERT INTO `reservation_facility` (`reservation_id`, `facility_id`) VALUES (1044, 4);

-- INSERT INTO `reservation` (`id`, `creator_id`, `start_at`, `end_at`, `plan_id`, `plan_memo`) VALUES (1045, "student001", "2022-11-30 11:30:00", "2022-11-30 12:30:00", 1, "");
-- INSERT INTO `reservation_user` (`reservation_id`, `user_id`) VALUES (1045, "student001");
-- INSERT INTO `reservation_facility` (`reservation_id`, `facility_id`) VALUES (1045, 1);

-- INSERT INTO `reservation` (`id`, `creator_id`, `start_at`, `end_at`, `plan_id`, `plan_memo`) VALUES (1046, "professor004", "2022-11-30 17:15:00", "2022-11-30 22:15:00", 1, "");
-- INSERT INTO `reservation_user` (`reservation_id`, `user_id`) VALUES (1046, "professor004");
-- INSERT INTO `reservation_user` (`reservation_id`, `user_id`) VALUES (1046, "student003");
-- INSERT INTO `reservation_user` (`reservation_id`, `user_id`) VALUES (1046, "student004");
-- INSERT INTO `reservation_user` (`reservation_id`, `user_id`) VALUES (1046, "student001");
-- INSERT INTO `reservation_facility` (`reservation_id`, `facility_id`) VALUES (1046, 4);

-- INSERT INTO `reservation` (`id`, `creator_id`, `start_at`, `end_at`, `plan_id`, `plan_memo`) VALUES (1047, "student001", "2022-12-01 16:15:00", "2022-12-01 17:15:00", 1, "");
-- INSERT INTO `reservation_user` (`reservation_id`, `user_id`) VALUES (1047, "student001");
-- INSERT INTO `reservation_user` (`reservation_id`, `user_id`) VALUES (1047, "student002");
-- INSERT INTO `reservation_user` (`reservation_id`, `user_id`) VALUES (1047, "student003");
-- INSERT INTO `reservation_facility` (`reservation_id`, `facility_id`) VALUES (1047, 1);

-- INSERT INTO `reservation` (`id`, `creator_id`, `start_at`, `end_at`, `plan_id`, `plan_memo`) VALUES (1048, "professor001", "2022-12-05 10:30:00", "2022-12-05 14:30:00", 1, "");
-- INSERT INTO `reservation_user` (`reservation_id`, `user_id`) VALUES (1048, "professor001");
-- INSERT INTO `reservation_facility` (`reservation_id`, `facility_id`) VALUES (1048, 4);

-- INSERT INTO `reservation` (`id`, `creator_id`, `start_at`, `end_at`, `plan_id`, `plan_memo`) VALUES (1049, "professor003", "2022-12-05 14:30:00", "2022-12-05 17:30:00", 2, "");
-- INSERT INTO `reservation_user` (`reservation_id`, `user_id`) VALUES (1049, "professor003");
-- INSERT INTO `reservation_user` (`reservation_id`, `user_id`) VALUES (1049, "student003");
-- INSERT INTO `reservation_user` (`reservation_id`, `user_id`) VALUES (1049, "student002");
-- INSERT INTO `reservation_user` (`reservation_id`, `user_id`) VALUES (1049, "professor004");
-- INSERT INTO `reservation_user` (`reservation_id`, `user_id`) VALUES (1049, "professor002");
-- INSERT INTO `reservation_facility` (`reservation_id`, `facility_id`) VALUES (1049, 4);

-- INSERT INTO `reservation` (`id`, `creator_id`, `start_at`, `end_at`, `plan_id`, `plan_memo`) VALUES (1050, "professor004", "2022-12-06 10:00:00", "2022-12-06 11:00:00", 2, "");
-- INSERT INTO `reservation_user` (`reservation_id`, `user_id`) VALUES (1050, "professor004");
-- INSERT INTO `reservation_user` (`reservation_id`, `user_id`) VALUES (1050, "student004");
-- INSERT INTO `reservation_user` (`reservation_id`, `user_id`) VALUES (1050, "student002");
-- INSERT INTO `reservation_facility` (`reservation_id`, `facility_id`) VALUES (1050, 4);

-- INSERT INTO `reservation` (`id`, `creator_id`, `start_at`, `end_at`, `plan_id`, `plan_memo`) VALUES (1051, "student003", "2022-12-06 21:30:00", "2022-12-06 23:30:00", 1, "");
-- INSERT INTO `reservation_user` (`reservation_id`, `user_id`) VALUES (1051, "student003");
-- INSERT INTO `reservation_user` (`reservation_id`, `user_id`) VALUES (1051, "professor001");
-- INSERT INTO `reservation_user` (`reservation_id`, `user_id`) VALUES (1051, "professor003");
-- INSERT INTO `reservation_user` (`reservation_id`, `user_id`) VALUES (1051, "professor004");
-- INSERT INTO `reservation_user` (`reservation_id`, `user_id`) VALUES (1051, "student002");
-- INSERT INTO `reservation_facility` (`reservation_id`, `facility_id`) VALUES (1051, 1);

-- INSERT INTO `reservation` (`id`, `creator_id`, `start_at`, `end_at`, `plan_id`, `plan_memo`) VALUES (1052, "student003", "2022-12-07 10:15:00", "2022-12-07 16:15:00", 1, "");
-- INSERT INTO `reservation_user` (`reservation_id`, `user_id`) VALUES (1052, "student003");
-- INSERT INTO `reservation_user` (`reservation_id`, `user_id`) VALUES (1052, "student001");
-- INSERT INTO `reservation_facility` (`reservation_id`, `facility_id`) VALUES (1052, 1);

-- INSERT INTO `reservation` (`id`, `creator_id`, `start_at`, `end_at`, `plan_id`, `plan_memo`) VALUES (1053, "professor003", "2022-12-07 18:45:00", "2022-12-07 23:45:00", 2, "");
-- INSERT INTO `reservation_user` (`reservation_id`, `user_id`) VALUES (1053, "professor003");
-- INSERT INTO `reservation_user` (`reservation_id`, `user_id`) VALUES (1053, "professor001");
-- INSERT INTO `reservation_facility` (`reservation_id`, `facility_id`) VALUES (1053, 2);

-- INSERT INTO `reservation` (`id`, `creator_id`, `start_at`, `end_at`, `plan_id`, `plan_memo`) VALUES (1054, "student002", "2022-12-08 16:15:00", "2022-12-08 22:15:00", 2, "");
-- INSERT INTO `reservation_user` (`reservation_id`, `user_id`) VALUES (1054, "student002");
-- INSERT INTO `reservation_user` (`reservation_id`, `user_id`) VALUES (1054, "student004");
-- INSERT INTO `reservation_user` (`reservation_id`, `user_id`) VALUES (1054, "professor001");
-- INSERT INTO `reservation_facility` (`reservation_id`, `facility_id`) VALUES (1054, 2);

-- INSERT INTO `reservation` (`id`, `creator_id`, `start_at`, `end_at`, `plan_id`, `plan_memo`) VALUES (1055, "professor002", "2022-12-09 10:45:00", "2022-12-09 11:45:00", 1, "");
-- INSERT INTO `reservation_user` (`reservation_id`, `user_id`) VALUES (1055, "professor002");
-- INSERT INTO `reservation_facility` (`reservation_id`, `facility_id`) VALUES (1055, 3);

-- INSERT INTO `reservation` (`id`, `creator_id`, `start_at`, `end_at`, `plan_id`, `plan_memo`) VALUES (1056, "student004", "2022-12-09 17:15:00", "2022-12-09 22:15:00", 2, "");
-- INSERT INTO `reservation_user` (`reservation_id`, `user_id`) VALUES (1056, "student004");
-- INSERT INTO `reservation_user` (`reservation_id`, `user_id`) VALUES (1056, "student002");
-- INSERT INTO `reservation_user` (`reservation_id`, `user_id`) VALUES (1056, "professor003");
-- INSERT INTO `reservation_user` (`reservation_id`, `user_id`) VALUES (1056, "professor004");
-- INSERT INTO `reservation_user` (`reservation_id`, `user_id`) VALUES (1056, "student003");
-- INSERT INTO `reservation_facility` (`reservation_id`, `facility_id`) VALUES (1056, 4);

-- INSERT INTO `reservation` (`id`, `creator_id`, `start_at`, `end_at`, `plan_id`, `plan_memo`) VALUES (1057, "student001", "2022-12-10 11:00:00", "2022-12-10 17:00:00", 2, "");
-- INSERT INTO `reservation_user` (`reservation_id`, `user_id`) VALUES (1057, "student001");
-- INSERT INTO `reservation_user` (`reservation_id`, `user_id`) VALUES (1057, "professor003");
-- INSERT INTO `reservation_user` (`reservation_id`, `user_id`) VALUES (1057, "student003");
-- INSERT INTO `reservation_user` (`reservation_id`, `user_id`) VALUES (1057, "professor001");
-- INSERT INTO `reservation_facility` (`reservation_id`, `facility_id`) VALUES (1057, 4);

-- INSERT INTO `reservation` (`id`, `creator_id`, `start_at`, `end_at`, `plan_id`, `plan_memo`) VALUES (1058, "student004", "2022-12-11 10:00:00", "2022-12-11 11:00:00", 2, "");
-- INSERT INTO `reservation_user` (`reservation_id`, `user_id`) VALUES (1058, "student004");
-- INSERT INTO `reservation_user` (`reservation_id`, `user_id`) VALUES (1058, "professor003");
-- INSERT INTO `reservation_user` (`reservation_id`, `user_id`) VALUES (1058, "student002");
-- INSERT INTO `reservation_user` (`reservation_id`, `user_id`) VALUES (1058, "student001");
-- INSERT INTO `reservation_user` (`reservation_id`, `user_id`) VALUES (1058, "professor001");
-- INSERT INTO `reservation_facility` (`reservation_id`, `facility_id`) VALUES (1058, 3);

-- INSERT INTO `reservation` (`id`, `creator_id`, `start_at`, `end_at`, `plan_id`, `plan_memo`) VALUES (1059, "student001", "2022-12-11 15:45:00", "2022-12-11 19:45:00", 1, "");
-- INSERT INTO `reservation_user` (`reservation_id`, `user_id`) VALUES (1059, "student001");
-- INSERT INTO `reservation_facility` (`reservation_id`, `facility_id`) VALUES (1059, 1);

-- INSERT INTO `reservation` (`id`, `creator_id`, `start_at`, `end_at`, `plan_id`, `plan_memo`) VALUES (1060, "student004", "2022-12-13 15:30:00", "2022-12-13 21:30:00", 1, "");
-- INSERT INTO `reservation_user` (`reservation_id`, `user_id`) VALUES (1060, "student004");
-- INSERT INTO `reservation_facility` (`reservation_id`, `facility_id`) VALUES (1060, 1);

-- INSERT INTO `reservation` (`id`, `creator_id`, `start_at`, `end_at`, `plan_id`, `plan_memo`) VALUES (1061, "student002", "2022-12-14 08:45:00", "2022-12-14 12:45:00", 1, "");
-- INSERT INTO `reservation_user` (`reservation_id`, `user_id`) VALUES (1061, "student002");
-- INSERT INTO `reservation_facility` (`reservation_id`, `facility_id`) VALUES (1061, 2);

-- INSERT INTO `reservation` (`id`, `creator_id`, `start_at`, `end_at`, `plan_id`, `plan_memo`) VALUES (1062, "student004", "2022-12-15 15:15:00", "2022-12-15 20:15:00", 2, "");
-- INSERT INTO `reservation_user` (`reservation_id`, `user_id`) VALUES (1062, "student004");
-- INSERT INTO `reservation_user` (`reservation_id`, `user_id`) VALUES (1062, "professor004");
-- INSERT INTO `reservation_user` (`reservation_id`, `user_id`) VALUES (1062, "student001");
-- INSERT INTO `reservation_facility` (`reservation_id`, `facility_id`) VALUES (1062, 4);

-- INSERT INTO `reservation` (`id`, `creator_id`, `start_at`, `end_at`, `plan_id`, `plan_memo`) VALUES (1063, "student004", "2022-12-16 08:00:00", "2022-12-16 10:00:00", 1, "");
-- INSERT INTO `reservation_user` (`reservation_id`, `user_id`) VALUES (1063, "student004");
-- INSERT INTO `reservation_user` (`reservation_id`, `user_id`) VALUES (1063, "professor003");
-- INSERT INTO `reservation_user` (`reservation_id`, `user_id`) VALUES (1063, "student002");
-- INSERT INTO `reservation_user` (`reservation_id`, `user_id`) VALUES (1063, "professor001");
-- INSERT INTO `reservation_user` (`reservation_id`, `user_id`) VALUES (1063, "student001");
-- INSERT INTO `reservation_facility` (`reservation_id`, `facility_id`) VALUES (1063, 4);

-- INSERT INTO `reservation` (`id`, `creator_id`, `start_at`, `end_at`, `plan_id`, `plan_memo`) VALUES (1064, "student003", "2022-12-16 12:30:00", "2022-12-16 15:30:00", 2, "");
-- INSERT INTO `reservation_user` (`reservation_id`, `user_id`) VALUES (1064, "student003");
-- INSERT INTO `reservation_user` (`reservation_id`, `user_id`) VALUES (1064, "professor002");
-- INSERT INTO `reservation_facility` (`reservation_id`, `facility_id`) VALUES (1064, 2);

-- INSERT INTO `reservation` (`id`, `creator_id`, `start_at`, `end_at`, `plan_id`, `plan_memo`) VALUES (1065, "student003", "2022-12-16 17:00:00", "2022-12-16 18:00:00", 1, "");
-- INSERT INTO `reservation_user` (`reservation_id`, `user_id`) VALUES (1065, "student003");
-- INSERT INTO `reservation_user` (`reservation_id`, `user_id`) VALUES (1065, "professor002");
-- INSERT INTO `reservation_facility` (`reservation_id`, `facility_id`) VALUES (1065, 4);

-- INSERT INTO `reservation` (`id`, `creator_id`, `start_at`, `end_at`, `plan_id`, `plan_memo`) VALUES (1066, "student004", "2022-12-17 10:30:00", "2022-12-17 14:30:00", 2, "");
-- INSERT INTO `reservation_user` (`reservation_id`, `user_id`) VALUES (1066, "student004");
-- INSERT INTO `reservation_user` (`reservation_id`, `user_id`) VALUES (1066, "student001");
-- INSERT INTO `reservation_user` (`reservation_id`, `user_id`) VALUES (1066, "student003");
-- INSERT INTO `reservation_user` (`reservation_id`, `user_id`) VALUES (1066, "professor001");
-- INSERT INTO `reservation_user` (`reservation_id`, `user_id`) VALUES (1066, "student002");
-- INSERT INTO `reservation_facility` (`reservation_id`, `facility_id`) VALUES (1066, 2);

-- INSERT INTO `reservation` (`id`, `creator_id`, `start_at`, `end_at`, `plan_id`, `plan_memo`) VALUES (1067, "student001", "2022-12-17 16:30:00", "2022-12-17 19:30:00", 2, "");
-- INSERT INTO `reservation_user` (`reservation_id`, `user_id`) VALUES (1067, "student001");
-- INSERT INTO `reservation_facility` (`reservation_id`, `facility_id`) VALUES (1067, 3);

-- INSERT INTO `reservation` (`id`, `creator_id`, `start_at`, `end_at`, `plan_id`, `plan_memo`) VALUES (1068, "professor001", "2022-12-20 11:45:00", "2022-12-20 15:45:00", 1, "");
-- INSERT INTO `reservation_user` (`reservation_id`, `user_id`) VALUES (1068, "professor001");
-- INSERT INTO `reservation_user` (`reservation_id`, `user_id`) VALUES (1068, "student002");
-- INSERT INTO `reservation_user` (`reservation_id`, `user_id`) VALUES (1068, "professor002");
-- INSERT INTO `reservation_user` (`reservation_id`, `user_id`) VALUES (1068, "student004");
-- INSERT INTO `reservation_facility` (`reservation_id`, `facility_id`) VALUES (1068, 2);

-- INSERT INTO `reservation` (`id`, `creator_id`, `start_at`, `end_at`, `plan_id`, `plan_memo`) VALUES (1069, "professor004", "2022-12-21 19:00:00", "2022-12-21 23:00:00", 1, "");
-- INSERT INTO `reservation_user` (`reservation_id`, `user_id`) VALUES (1069, "professor004");
-- INSERT INTO `reservation_facility` (`reservation_id`, `facility_id`) VALUES (1069, 2);

-- INSERT INTO `reservation` (`id`, `creator_id`, `start_at`, `end_at`, `plan_id`, `plan_memo`) VALUES (1070, "student004", "2022-12-24 07:30:00", "2022-12-24 13:30:00", 2, "");
-- INSERT INTO `reservation_user` (`reservation_id`, `user_id`) VALUES (1070, "student004");
-- INSERT INTO `reservation_user` (`reservation_id`, `user_id`) VALUES (1070, "student003");
-- INSERT INTO `reservation_user` (`reservation_id`, `user_id`) VALUES (1070, "professor002");
-- INSERT INTO `reservation_user` (`reservation_id`, `user_id`) VALUES (1070, "professor001");
-- INSERT INTO `reservation_facility` (`reservation_id`, `facility_id`) VALUES (1070, 1);

-- INSERT INTO `reservation` (`id`, `creator_id`, `start_at`, `end_at`, `plan_id`, `plan_memo`) VALUES (1071, "student004", "2022-12-25 07:30:00", "2022-12-25 09:30:00", 2, "");
-- INSERT INTO `reservation_user` (`reservation_id`, `user_id`) VALUES (1071, "student004");
-- INSERT INTO `reservation_user` (`reservation_id`, `user_id`) VALUES (1071, "professor001");
-- INSERT INTO `reservation_facility` (`reservation_id`, `facility_id`) VALUES (1071, 3);

-- INSERT INTO `reservation` (`id`, `creator_id`, `start_at`, `end_at`, `plan_id`, `plan_memo`) VALUES (1072, "student002", "2022-12-25 14:30:00", "2022-12-25 16:30:00", 1, "");
-- INSERT INTO `reservation_user` (`reservation_id`, `user_id`) VALUES (1072, "student002");
-- INSERT INTO `reservation_user` (`reservation_id`, `user_id`) VALUES (1072, "professor002");
-- INSERT INTO `reservation_facility` (`reservation_id`, `facility_id`) VALUES (1072, 4);

-- INSERT INTO `reservation` (`id`, `creator_id`, `start_at`, `end_at`, `plan_id`, `plan_memo`) VALUES (1073, "professor001", "2022-12-26 09:30:00", "2022-12-26 10:30:00", 1, "");
-- INSERT INTO `reservation_user` (`reservation_id`, `user_id`) VALUES (1073, "professor001");
-- INSERT INTO `reservation_facility` (`reservation_id`, `facility_id`) VALUES (1073, 3);

-- INSERT INTO `reservation` (`id`, `creator_id`, `start_at`, `end_at`, `plan_id`, `plan_memo`) VALUES (1074, "student004", "2022-12-26 16:30:00", "2022-12-26 21:30:00", 1, "");
-- INSERT INTO `reservation_user` (`reservation_id`, `user_id`) VALUES (1074, "student004");
-- INSERT INTO `reservation_user` (`reservation_id`, `user_id`) VALUES (1074, "student003");
-- INSERT INTO `reservation_user` (`reservation_id`, `user_id`) VALUES (1074, "student002");
-- INSERT INTO `reservation_user` (`reservation_id`, `user_id`) VALUES (1074, "professor001");
-- INSERT INTO `reservation_facility` (`reservation_id`, `facility_id`) VALUES (1074, 4);

-- INSERT INTO `reservation` (`id`, `creator_id`, `start_at`, `end_at`, `plan_id`, `plan_memo`) VALUES (1075, "professor002", "2022-12-27 11:00:00", "2022-12-27 14:00:00", 1, "");
-- INSERT INTO `reservation_user` (`reservation_id`, `user_id`) VALUES (1075, "professor002");
-- INSERT INTO `reservation_user` (`reservation_id`, `user_id`) VALUES (1075, "student001");
-- INSERT INTO `reservation_user` (`reservation_id`, `user_id`) VALUES (1075, "student004");
-- INSERT INTO `reservation_user` (`reservation_id`, `user_id`) VALUES (1075, "student003");
-- INSERT INTO `reservation_facility` (`reservation_id`, `facility_id`) VALUES (1075, 2);

-- INSERT INTO `reservation` (`id`, `creator_id`, `start_at`, `end_at`, `plan_id`, `plan_memo`) VALUES (1076, "student004", "2022-12-27 15:00:00", "2022-12-27 21:00:00", 2, "");
-- INSERT INTO `reservation_user` (`reservation_id`, `user_id`) VALUES (1076, "student004");
-- INSERT INTO `reservation_facility` (`reservation_id`, `facility_id`) VALUES (1076, 4);

-- INSERT INTO `reservation` (`id`, `creator_id`, `start_at`, `end_at`, `plan_id`, `plan_memo`) VALUES (1077, "student003", "2022-12-28 19:00:00", "2022-12-28 23:00:00", 2, "");
-- INSERT INTO `reservation_user` (`reservation_id`, `user_id`) VALUES (1077, "student003");
-- INSERT INTO `reservation_user` (`reservation_id`, `user_id`) VALUES (1077, "professor003");
-- INSERT INTO `reservation_facility` (`reservation_id`, `facility_id`) VALUES (1077, 4);

-- INSERT INTO `reservation` (`id`, `creator_id`, `start_at`, `end_at`, `plan_id`, `plan_memo`) VALUES (1078, "student003", "2022-12-29 10:15:00", "2022-12-29 13:15:00", 1, "");
-- INSERT INTO `reservation_user` (`reservation_id`, `user_id`) VALUES (1078, "student003");
-- INSERT INTO `reservation_user` (`reservation_id`, `user_id`) VALUES (1078, "student002");
-- INSERT INTO `reservation_facility` (`reservation_id`, `facility_id`) VALUES (1078, 4);

-- INSERT INTO `reservation` (`id`, `creator_id`, `start_at`, `end_at`, `plan_id`, `plan_memo`) VALUES (1079, "professor004", "2022-12-29 15:00:00", "2022-12-29 19:00:00", 2, "");
-- INSERT INTO `reservation_user` (`reservation_id`, `user_id`) VALUES (1079, "professor004");
-- INSERT INTO `reservation_user` (`reservation_id`, `user_id`) VALUES (1079, "professor003");
-- INSERT INTO `reservation_user` (`reservation_id`, `user_id`) VALUES (1079, "student002");
-- INSERT INTO `reservation_user` (`reservation_id`, `user_id`) VALUES (1079, "student004");
-- INSERT INTO `reservation_user` (`reservation_id`, `user_id`) VALUES (1079, "student003");
-- INSERT INTO `reservation_facility` (`reservation_id`, `facility_id`) VALUES (1079, 3);
